step,parameter,exponent,count,elements,zero_count
300,blocks.0.mlp.fc.weight,-127,0,2359296,0
300,blocks.0.mlp.fc.weight,-126,0,2359296,0
300,blocks.0.mlp.fc.weight,-125,0,2359296,0
300,blocks.0.mlp.fc.weight,-124,0,2359296,0
300,blocks.0.mlp.fc.weight,-123,0,2359296,0
300,blocks.0.mlp.fc.weight,-122,0,2359296,0
300,blocks.0.mlp.fc.weight,-121,0,2359296,0
300,blocks.0.mlp.fc.weight,-120,0,2359296,0
300,blocks.0.mlp.fc.weight,-119,0,2359296,0
300,blocks.0.mlp.fc.weight,-118,0,2359296,0
300,blocks.0.mlp.fc.weight,-117,0,2359296,0
300,blocks.0.mlp.fc.weight,-116,0,2359296,0
300,blocks.0.mlp.fc.weight,-115,0,2359296,0
300,blocks.0.mlp.fc.weight,-114,0,2359296,0
300,blocks.0.mlp.fc.weight,-113,0,2359296,0
300,blocks.0.mlp.fc.weight,-112,0,2359296,0
300,blocks.0.mlp.fc.weight,-111,0,2359296,0
300,blocks.0.mlp.fc.weight,-110,0,2359296,0
300,blocks.0.mlp.fc.weight,-109,0,2359296,0
300,blocks.0.mlp.fc.weight,-108,0,2359296,0
300,blocks.0.mlp.fc.weight,-107,0,2359296,0
300,blocks.0.mlp.fc.weight,-106,0,2359296,0
300,blocks.0.mlp.fc.weight,-105,0,2359296,0
300,blocks.0.mlp.fc.weight,-104,0,2359296,0
300,blocks.0.mlp.fc.weight,-103,0,2359296,0
300,blocks.0.mlp.fc.weight,-102,0,2359296,0
300,blocks.0.mlp.fc.weight,-101,0,2359296,0
300,blocks.0.mlp.fc.weight,-100,0,2359296,0
300,blocks.0.mlp.fc.weight,-99,0,2359296,0
300,blocks.0.mlp.fc.weight,-98,0,2359296,0
300,blocks.0.mlp.fc.weight,-97,0,2359296,0
300,blocks.0.mlp.fc.weight,-96,0,2359296,0
300,blocks.0.mlp.fc.weight,-95,0,2359296,0
300,blocks.0.mlp.fc.weight,-94,0,2359296,0
300,blocks.0.mlp.fc.weight,-93,0,2359296,0
300,blocks.0.mlp.fc.weight,-92,0,2359296,0
300,blocks.0.mlp.fc.weight,-91,0,2359296,0
300,blocks.0.mlp.fc.weight,-90,0,2359296,0
300,blocks.0.mlp.fc.weight,-89,0,2359296,0
300,blocks.0.mlp.fc.weight,-88,0,2359296,0
300,blocks.0.mlp.fc.weight,-87,0,2359296,0
300,blocks.0.mlp.fc.weight,-86,0,2359296,0
300,blocks.0.mlp.fc.weight,-85,0,2359296,0
300,blocks.0.mlp.fc.weight,-84,0,2359296,0
300,blocks.0.mlp.fc.weight,-83,0,2359296,0
300,blocks.0.mlp.fc.weight,-82,0,2359296,0
300,blocks.0.mlp.fc.weight,-81,0,2359296,0
300,blocks.0.mlp.fc.weight,-80,0,2359296,0
300,blocks.0.mlp.fc.weight,-79,0,2359296,0
300,blocks.0.mlp.fc.weight,-78,0,2359296,0
300,blocks.0.mlp.fc.weight,-77,0,2359296,0
300,blocks.0.mlp.fc.weight,-76,0,2359296,0
300,blocks.0.mlp.fc.weight,-75,0,2359296,0
300,blocks.0.mlp.fc.weight,-74,0,2359296,0
300,blocks.0.mlp.fc.weight,-73,0,2359296,0
300,blocks.0.mlp.fc.weight,-72,0,2359296,0
300,blocks.0.mlp.fc.weight,-71,0,2359296,0
300,blocks.0.mlp.fc.weight,-70,0,2359296,0
300,blocks.0.mlp.fc.weight,-69,0,2359296,0
300,blocks.0.mlp.fc.weight,-68,0,2359296,0
300,blocks.0.mlp.fc.weight,-67,0,2359296,0
300,blocks.0.mlp.fc.weight,-66,0,2359296,0
300,blocks.0.mlp.fc.weight,-65,0,2359296,0
300,blocks.0.mlp.fc.weight,-64,0,2359296,0
300,blocks.0.mlp.fc.weight,-63,0,2359296,0
300,blocks.0.mlp.fc.weight,-62,0,2359296,0
300,blocks.0.mlp.fc.weight,-61,0,2359296,0
300,blocks.0.mlp.fc.weight,-60,0,2359296,0
300,blocks.0.mlp.fc.weight,-59,0,2359296,0
300,blocks.0.mlp.fc.weight,-58,0,2359296,0
300,blocks.0.mlp.fc.weight,-57,0,2359296,0
300,blocks.0.mlp.fc.weight,-56,0,2359296,0
300,blocks.0.mlp.fc.weight,-55,0,2359296,0
300,blocks.0.mlp.fc.weight,-54,0,2359296,0
300,blocks.0.mlp.fc.weight,-53,0,2359296,0
300,blocks.0.mlp.fc.weight,-52,0,2359296,0
300,blocks.0.mlp.fc.weight,-51,0,2359296,0
300,blocks.0.mlp.fc.weight,-50,0,2359296,0
300,blocks.0.mlp.fc.weight,-49,0,2359296,0
300,blocks.0.mlp.fc.weight,-48,0,2359296,0
300,blocks.0.mlp.fc.weight,-47,0,2359296,0
300,blocks.0.mlp.fc.weight,-46,0,2359296,0
300,blocks.0.mlp.fc.weight,-45,0,2359296,0
300,blocks.0.mlp.fc.weight,-44,0,2359296,0
300,blocks.0.mlp.fc.weight,-43,0,2359296,0
300,blocks.0.mlp.fc.weight,-42,0,2359296,0
300,blocks.0.mlp.fc.weight,-41,0,2359296,0
300,blocks.0.mlp.fc.weight,-40,0,2359296,0
300,blocks.0.mlp.fc.weight,-39,0,2359296,0
300,blocks.0.mlp.fc.weight,-38,0,2359296,0
300,blocks.0.mlp.fc.weight,-37,0,2359296,0
300,blocks.0.mlp.fc.weight,-36,0,2359296,0
300,blocks.0.mlp.fc.weight,-35,0,2359296,0
300,blocks.0.mlp.fc.weight,-34,0,2359296,0
300,blocks.0.mlp.fc.weight,-33,0,2359296,0
300,blocks.0.mlp.fc.weight,-32,2,2359296,0
300,blocks.0.mlp.fc.weight,-31,3,2359296,0
300,blocks.0.mlp.fc.weight,-30,9,2359296,0
300,blocks.0.mlp.fc.weight,-29,33,2359296,0
300,blocks.0.mlp.fc.weight,-28,64,2359296,0
300,blocks.0.mlp.fc.weight,-27,50,2359296,0
300,blocks.0.mlp.fc.weight,-26,9,2359296,0
300,blocks.0.mlp.fc.weight,-25,0,2359296,0
300,blocks.0.mlp.fc.weight,-24,0,2359296,0
300,blocks.0.mlp.fc.weight,-23,0,2359296,0
300,blocks.0.mlp.fc.weight,-22,0,2359296,0
300,blocks.0.mlp.fc.weight,-21,0,2359296,0
300,blocks.0.mlp.fc.weight,-20,0,2359296,0
300,blocks.0.mlp.fc.weight,-19,0,2359296,0
300,blocks.0.mlp.fc.weight,-18,1,2359296,0
300,blocks.0.mlp.fc.weight,-17,10,2359296,0
300,blocks.0.mlp.fc.weight,-16,36,2359296,0
300,blocks.0.mlp.fc.weight,-15,137,2359296,0
300,blocks.0.mlp.fc.weight,-14,317,2359296,0
300,blocks.0.mlp.fc.weight,-13,597,2359296,0
300,blocks.0.mlp.fc.weight,-12,1176,2359296,0
300,blocks.0.mlp.fc.weight,-11,2458,2359296,0
300,blocks.0.mlp.fc.weight,-10,4851,2359296,0
300,blocks.0.mlp.fc.weight,-9,10002,2359296,0
300,blocks.0.mlp.fc.weight,-8,20079,2359296,0
300,blocks.0.mlp.fc.weight,-7,40094,2359296,0
300,blocks.0.mlp.fc.weight,-6,79173,2359296,0
300,blocks.0.mlp.fc.weight,-5,156641,2359296,0
300,blocks.0.mlp.fc.weight,-4,303198,2359296,0
300,blocks.0.mlp.fc.weight,-3,537597,2359296,0
300,blocks.0.mlp.fc.weight,-2,718531,2359296,0
300,blocks.0.mlp.fc.weight,-1,429869,2359296,0
300,blocks.0.mlp.fc.weight,0,53490,2359296,0
300,blocks.0.mlp.fc.weight,1,866,2359296,0
300,blocks.0.mlp.fc.weight,2,3,2359296,0
300,blocks.0.mlp.fc.weight,3,0,2359296,0
300,blocks.0.mlp.fc.weight,4,0,2359296,0
300,blocks.0.mlp.fc.weight,5,0,2359296,0
300,blocks.0.mlp.fc.weight,6,0,2359296,0
300,blocks.0.mlp.fc.weight,7,0,2359296,0
300,blocks.0.mlp.fc.weight,8,0,2359296,0
300,blocks.0.mlp.fc.weight,9,0,2359296,0
300,blocks.0.mlp.fc.weight,10,0,2359296,0
300,blocks.0.mlp.fc.weight,11,0,2359296,0
300,blocks.0.mlp.fc.weight,12,0,2359296,0
300,blocks.0.mlp.fc.weight,13,0,2359296,0
300,blocks.0.mlp.fc.weight,14,0,2359296,0
300,blocks.0.mlp.fc.weight,15,0,2359296,0
300,blocks.0.mlp.fc.weight,16,0,2359296,0
300,blocks.0.mlp.fc.weight,17,0,2359296,0
300,blocks.0.mlp.fc.weight,18,0,2359296,0
300,blocks.0.mlp.fc.weight,19,0,2359296,0
300,blocks.0.mlp.fc.weight,20,0,2359296,0
300,blocks.0.mlp.fc.weight,21,0,2359296,0
300,blocks.0.mlp.fc.weight,22,0,2359296,0
300,blocks.0.mlp.fc.weight,23,0,2359296,0
300,blocks.0.mlp.fc.weight,24,0,2359296,0
300,blocks.0.mlp.fc.weight,25,0,2359296,0
300,blocks.0.mlp.fc.weight,26,0,2359296,0
300,blocks.0.mlp.fc.weight,27,0,2359296,0
300,blocks.0.mlp.fc.weight,28,0,2359296,0
300,blocks.0.mlp.fc.weight,29,0,2359296,0
300,blocks.0.mlp.fc.weight,30,0,2359296,0
300,blocks.0.mlp.fc.weight,31,0,2359296,0
300,blocks.0.mlp.fc.weight,32,0,2359296,0
300,blocks.0.mlp.fc.weight,33,0,2359296,0
300,blocks.0.mlp.fc.weight,34,0,2359296,0
300,blocks.0.mlp.fc.weight,35,0,2359296,0
300,blocks.0.mlp.fc.weight,36,0,2359296,0
300,blocks.0.mlp.fc.weight,37,0,2359296,0
300,blocks.0.mlp.fc.weight,38,0,2359296,0
300,blocks.0.mlp.fc.weight,39,0,2359296,0
300,blocks.0.mlp.fc.weight,40,0,2359296,0
300,blocks.0.mlp.fc.weight,41,0,2359296,0
300,blocks.0.mlp.fc.weight,42,0,2359296,0
300,blocks.0.mlp.fc.weight,43,0,2359296,0
300,blocks.0.mlp.fc.weight,44,0,2359296,0
300,blocks.0.mlp.fc.weight,45,0,2359296,0
300,blocks.0.mlp.fc.weight,46,0,2359296,0
300,blocks.0.mlp.fc.weight,47,0,2359296,0
300,blocks.0.mlp.fc.weight,48,0,2359296,0
300,blocks.0.mlp.fc.weight,49,0,2359296,0
300,blocks.0.mlp.fc.weight,50,0,2359296,0
300,blocks.0.mlp.fc.weight,51,0,2359296,0
300,blocks.0.mlp.fc.weight,52,0,2359296,0
300,blocks.0.mlp.fc.weight,53,0,2359296,0
300,blocks.0.mlp.fc.weight,54,0,2359296,0
300,blocks.0.mlp.fc.weight,55,0,2359296,0
300,blocks.0.mlp.fc.weight,56,0,2359296,0
300,blocks.0.mlp.fc.weight,57,0,2359296,0
300,blocks.0.mlp.fc.weight,58,0,2359296,0
300,blocks.0.mlp.fc.weight,59,0,2359296,0
300,blocks.0.mlp.fc.weight,60,0,2359296,0
300,blocks.0.mlp.fc.weight,61,0,2359296,0
300,blocks.0.mlp.fc.weight,62,0,2359296,0
300,blocks.0.mlp.fc.weight,63,0,2359296,0
300,blocks.0.mlp.fc.weight,64,0,2359296,0
300,blocks.0.mlp.fc.weight,65,0,2359296,0
300,blocks.0.mlp.fc.weight,66,0,2359296,0
300,blocks.0.mlp.fc.weight,67,0,2359296,0
300,blocks.0.mlp.fc.weight,68,0,2359296,0
300,blocks.0.mlp.fc.weight,69,0,2359296,0
300,blocks.0.mlp.fc.weight,70,0,2359296,0
300,blocks.0.mlp.fc.weight,71,0,2359296,0
300,blocks.0.mlp.fc.weight,72,0,2359296,0
300,blocks.0.mlp.fc.weight,73,0,2359296,0
300,blocks.0.mlp.fc.weight,74,0,2359296,0
300,blocks.0.mlp.fc.weight,75,0,2359296,0
300,blocks.0.mlp.fc.weight,76,0,2359296,0
300,blocks.0.mlp.fc.weight,77,0,2359296,0
300,blocks.0.mlp.fc.weight,78,0,2359296,0
300,blocks.0.mlp.fc.weight,79,0,2359296,0
300,blocks.0.mlp.fc.weight,80,0,2359296,0
300,blocks.0.mlp.fc.weight,81,0,2359296,0
300,blocks.0.mlp.fc.weight,82,0,2359296,0
300,blocks.0.mlp.fc.weight,83,0,2359296,0
300,blocks.0.mlp.fc.weight,84,0,2359296,0
300,blocks.0.mlp.fc.weight,85,0,2359296,0
300,blocks.0.mlp.fc.weight,86,0,2359296,0
300,blocks.0.mlp.fc.weight,87,0,2359296,0
300,blocks.0.mlp.fc.weight,88,0,2359296,0
300,blocks.0.mlp.fc.weight,89,0,2359296,0
300,blocks.0.mlp.fc.weight,90,0,2359296,0
300,blocks.0.mlp.fc.weight,91,0,2359296,0
300,blocks.0.mlp.fc.weight,92,0,2359296,0
300,blocks.0.mlp.fc.weight,93,0,2359296,0
300,blocks.0.mlp.fc.weight,94,0,2359296,0
300,blocks.0.mlp.fc.weight,95,0,2359296,0
300,blocks.0.mlp.fc.weight,96,0,2359296,0
300,blocks.0.mlp.fc.weight,97,0,2359296,0
300,blocks.0.mlp.fc.weight,98,0,2359296,0
300,blocks.0.mlp.fc.weight,99,0,2359296,0
300,blocks.0.mlp.fc.weight,100,0,2359296,0
300,blocks.0.mlp.fc.weight,101,0,2359296,0
300,blocks.0.mlp.fc.weight,102,0,2359296,0
300,blocks.0.mlp.fc.weight,103,0,2359296,0
300,blocks.0.mlp.fc.weight,104,0,2359296,0
300,blocks.0.mlp.fc.weight,105,0,2359296,0
300,blocks.0.mlp.fc.weight,106,0,2359296,0
300,blocks.0.mlp.fc.weight,107,0,2359296,0
300,blocks.0.mlp.fc.weight,108,0,2359296,0
300,blocks.0.mlp.fc.weight,109,0,2359296,0
300,blocks.0.mlp.fc.weight,110,0,2359296,0
300,blocks.0.mlp.fc.weight,111,0,2359296,0
300,blocks.0.mlp.fc.weight,112,0,2359296,0
300,blocks.0.mlp.fc.weight,113,0,2359296,0
300,blocks.0.mlp.fc.weight,114,0,2359296,0
300,blocks.0.mlp.fc.weight,115,0,2359296,0
300,blocks.0.mlp.fc.weight,116,0,2359296,0
300,blocks.0.mlp.fc.weight,117,0,2359296,0
300,blocks.0.mlp.fc.weight,118,0,2359296,0
300,blocks.0.mlp.fc.weight,119,0,2359296,0
300,blocks.0.mlp.fc.weight,120,0,2359296,0
300,blocks.0.mlp.fc.weight,121,0,2359296,0
300,blocks.0.mlp.fc.weight,122,0,2359296,0
300,blocks.0.mlp.fc.weight,123,0,2359296,0
300,blocks.0.mlp.fc.weight,124,0,2359296,0
300,blocks.0.mlp.fc.weight,125,0,2359296,0
300,blocks.0.mlp.fc.weight,126,0,2359296,0
300,blocks.0.mlp.fc.weight,127,0,2359296,0
300,blocks.0.mlp.fc.weight,128,0,2359296,0
300,blocks.0.mlp.proj.weight,-127,0,2359296,0
300,blocks.0.mlp.proj.weight,-126,0,2359296,0
300,blocks.0.mlp.proj.weight,-125,0,2359296,0
300,blocks.0.mlp.proj.weight,-124,0,2359296,0
300,blocks.0.mlp.proj.weight,-123,0,2359296,0
300,blocks.0.mlp.proj.weight,-122,0,2359296,0
300,blocks.0.mlp.proj.weight,-121,0,2359296,0
300,blocks.0.mlp.proj.weight,-120,0,2359296,0
300,blocks.0.mlp.proj.weight,-119,0,2359296,0
300,blocks.0.mlp.proj.weight,-118,0,2359296,0
300,blocks.0.mlp.proj.weight,-117,0,2359296,0
300,blocks.0.mlp.proj.weight,-116,0,2359296,0
300,blocks.0.mlp.proj.weight,-115,0,2359296,0
300,blocks.0.mlp.proj.weight,-114,0,2359296,0
300,blocks.0.mlp.proj.weight,-113,0,2359296,0
300,blocks.0.mlp.proj.weight,-112,0,2359296,0
300,blocks.0.mlp.proj.weight,-111,0,2359296,0
300,blocks.0.mlp.proj.weight,-110,0,2359296,0
300,blocks.0.mlp.proj.weight,-109,0,2359296,0
300,blocks.0.mlp.proj.weight,-108,0,2359296,0
300,blocks.0.mlp.proj.weight,-107,0,2359296,0
300,blocks.0.mlp.proj.weight,-106,0,2359296,0
300,blocks.0.mlp.proj.weight,-105,0,2359296,0
300,blocks.0.mlp.proj.weight,-104,0,2359296,0
300,blocks.0.mlp.proj.weight,-103,0,2359296,0
300,blocks.0.mlp.proj.weight,-102,0,2359296,0
300,blocks.0.mlp.proj.weight,-101,0,2359296,0
300,blocks.0.mlp.proj.weight,-100,0,2359296,0
300,blocks.0.mlp.proj.weight,-99,0,2359296,0
300,blocks.0.mlp.proj.weight,-98,0,2359296,0
300,blocks.0.mlp.proj.weight,-97,0,2359296,0
300,blocks.0.mlp.proj.weight,-96,0,2359296,0
300,blocks.0.mlp.proj.weight,-95,0,2359296,0
300,blocks.0.mlp.proj.weight,-94,0,2359296,0
300,blocks.0.mlp.proj.weight,-93,0,2359296,0
300,blocks.0.mlp.proj.weight,-92,0,2359296,0
300,blocks.0.mlp.proj.weight,-91,0,2359296,0
300,blocks.0.mlp.proj.weight,-90,0,2359296,0
300,blocks.0.mlp.proj.weight,-89,0,2359296,0
300,blocks.0.mlp.proj.weight,-88,0,2359296,0
300,blocks.0.mlp.proj.weight,-87,0,2359296,0
300,blocks.0.mlp.proj.weight,-86,0,2359296,0
300,blocks.0.mlp.proj.weight,-85,0,2359296,0
300,blocks.0.mlp.proj.weight,-84,0,2359296,0
300,blocks.0.mlp.proj.weight,-83,0,2359296,0
300,blocks.0.mlp.proj.weight,-82,0,2359296,0
300,blocks.0.mlp.proj.weight,-81,0,2359296,0
300,blocks.0.mlp.proj.weight,-80,0,2359296,0
300,blocks.0.mlp.proj.weight,-79,0,2359296,0
300,blocks.0.mlp.proj.weight,-78,0,2359296,0
300,blocks.0.mlp.proj.weight,-77,0,2359296,0
300,blocks.0.mlp.proj.weight,-76,0,2359296,0
300,blocks.0.mlp.proj.weight,-75,0,2359296,0
300,blocks.0.mlp.proj.weight,-74,0,2359296,0
300,blocks.0.mlp.proj.weight,-73,0,2359296,0
300,blocks.0.mlp.proj.weight,-72,0,2359296,0
300,blocks.0.mlp.proj.weight,-71,0,2359296,0
300,blocks.0.mlp.proj.weight,-70,0,2359296,0
300,blocks.0.mlp.proj.weight,-69,0,2359296,0
300,blocks.0.mlp.proj.weight,-68,0,2359296,0
300,blocks.0.mlp.proj.weight,-67,0,2359296,0
300,blocks.0.mlp.proj.weight,-66,0,2359296,0
300,blocks.0.mlp.proj.weight,-65,0,2359296,0
300,blocks.0.mlp.proj.weight,-64,0,2359296,0
300,blocks.0.mlp.proj.weight,-63,0,2359296,0
300,blocks.0.mlp.proj.weight,-62,0,2359296,0
300,blocks.0.mlp.proj.weight,-61,0,2359296,0
300,blocks.0.mlp.proj.weight,-60,0,2359296,0
300,blocks.0.mlp.proj.weight,-59,0,2359296,0
300,blocks.0.mlp.proj.weight,-58,0,2359296,0
300,blocks.0.mlp.proj.weight,-57,0,2359296,0
300,blocks.0.mlp.proj.weight,-56,0,2359296,0
300,blocks.0.mlp.proj.weight,-55,0,2359296,0
300,blocks.0.mlp.proj.weight,-54,0,2359296,0
300,blocks.0.mlp.proj.weight,-53,0,2359296,0
300,blocks.0.mlp.proj.weight,-52,0,2359296,0
300,blocks.0.mlp.proj.weight,-51,0,2359296,0
300,blocks.0.mlp.proj.weight,-50,0,2359296,0
300,blocks.0.mlp.proj.weight,-49,0,2359296,0
300,blocks.0.mlp.proj.weight,-48,0,2359296,0
300,blocks.0.mlp.proj.weight,-47,0,2359296,0
300,blocks.0.mlp.proj.weight,-46,0,2359296,0
300,blocks.0.mlp.proj.weight,-45,0,2359296,0
300,blocks.0.mlp.proj.weight,-44,0,2359296,0
300,blocks.0.mlp.proj.weight,-43,0,2359296,0
300,blocks.0.mlp.proj.weight,-42,0,2359296,0
300,blocks.0.mlp.proj.weight,-41,0,2359296,0
300,blocks.0.mlp.proj.weight,-40,0,2359296,0
300,blocks.0.mlp.proj.weight,-39,0,2359296,0
300,blocks.0.mlp.proj.weight,-38,0,2359296,0
300,blocks.0.mlp.proj.weight,-37,0,2359296,0
300,blocks.0.mlp.proj.weight,-36,0,2359296,0
300,blocks.0.mlp.proj.weight,-35,0,2359296,0
300,blocks.0.mlp.proj.weight,-34,0,2359296,0
300,blocks.0.mlp.proj.weight,-33,0,2359296,0
300,blocks.0.mlp.proj.weight,-32,0,2359296,0
300,blocks.0.mlp.proj.weight,-31,0,2359296,0
300,blocks.0.mlp.proj.weight,-30,1,2359296,0
300,blocks.0.mlp.proj.weight,-29,3,2359296,0
300,blocks.0.mlp.proj.weight,-28,15,2359296,0
300,blocks.0.mlp.proj.weight,-27,50,2359296,0
300,blocks.0.mlp.proj.weight,-26,84,2359296,0
300,blocks.0.mlp.proj.weight,-25,31,2359296,0
300,blocks.0.mlp.proj.weight,-24,1,2359296,0
300,blocks.0.mlp.proj.weight,-23,0,2359296,0
300,blocks.0.mlp.proj.weight,-22,0,2359296,0
300,blocks.0.mlp.proj.weight,-21,0,2359296,0
300,blocks.0.mlp.proj.weight,-20,0,2359296,0
300,blocks.0.mlp.proj.weight,-19,0,2359296,0
300,blocks.0.mlp.proj.weight,-18,0,2359296,0
300,blocks.0.mlp.proj.weight,-17,1,2359296,0
300,blocks.0.mlp.proj.weight,-16,10,2359296,0
300,blocks.0.mlp.proj.weight,-15,15,2359296,0
300,blocks.0.mlp.proj.weight,-14,82,2359296,0
300,blocks.0.mlp.proj.weight,-13,240,2359296,0
300,blocks.0.mlp.proj.weight,-12,525,2359296,0
300,blocks.0.mlp.proj.weight,-11,942,2359296,0
300,blocks.0.mlp.proj.weight,-10,2034,2359296,0
300,blocks.0.mlp.proj.weight,-9,4163,2359296,0
300,blocks.0.mlp.proj.weight,-8,8296,2359296,0
300,blocks.0.mlp.proj.weight,-7,17091,2359296,0
300,blocks.0.mlp.proj.weight,-6,33643,2359296,0
300,blocks.0.mlp.proj.weight,-5,66601,2359296,0
300,blocks.0.mlp.proj.weight,-4,133650,2359296,0
300,blocks.0.mlp.proj.weight,-3,261956,2359296,0
300,blocks.0.mlp.proj.weight,-2,482528,2359296,0
300,blocks.0.mlp.proj.weight,-1,721442,2359296,0
300,blocks.0.mlp.proj.weight,0,542466,2359296,0
300,blocks.0.mlp.proj.weight,1,81576,2359296,0
300,blocks.0.mlp.proj.weight,2,1757,2359296,0
300,blocks.0.mlp.proj.weight,3,93,2359296,0
300,blocks.0.mlp.proj.weight,4,0,2359296,0
300,blocks.0.mlp.proj.weight,5,0,2359296,0
300,blocks.0.mlp.proj.weight,6,0,2359296,0
300,blocks.0.mlp.proj.weight,7,0,2359296,0
300,blocks.0.mlp.proj.weight,8,0,2359296,0
300,blocks.0.mlp.proj.weight,9,0,2359296,0
300,blocks.0.mlp.proj.weight,10,0,2359296,0
300,blocks.0.mlp.proj.weight,11,0,2359296,0
300,blocks.0.mlp.proj.weight,12,0,2359296,0
300,blocks.0.mlp.proj.weight,13,0,2359296,0
300,blocks.0.mlp.proj.weight,14,0,2359296,0
300,blocks.0.mlp.proj.weight,15,0,2359296,0
300,blocks.0.mlp.proj.weight,16,0,2359296,0
300,blocks.0.mlp.proj.weight,17,0,2359296,0
300,blocks.0.mlp.proj.weight,18,0,2359296,0
300,blocks.0.mlp.proj.weight,19,0,2359296,0
300,blocks.0.mlp.proj.weight,20,0,2359296,0
300,blocks.0.mlp.proj.weight,21,0,2359296,0
300,blocks.0.mlp.proj.weight,22,0,2359296,0
300,blocks.0.mlp.proj.weight,23,0,2359296,0
300,blocks.0.mlp.proj.weight,24,0,2359296,0
300,blocks.0.mlp.proj.weight,25,0,2359296,0
300,blocks.0.mlp.proj.weight,26,0,2359296,0
300,blocks.0.mlp.proj.weight,27,0,2359296,0
300,blocks.0.mlp.proj.weight,28,0,2359296,0
300,blocks.0.mlp.proj.weight,29,0,2359296,0
300,blocks.0.mlp.proj.weight,30,0,2359296,0
300,blocks.0.mlp.proj.weight,31,0,2359296,0
300,blocks.0.mlp.proj.weight,32,0,2359296,0
300,blocks.0.mlp.proj.weight,33,0,2359296,0
300,blocks.0.mlp.proj.weight,34,0,2359296,0
300,blocks.0.mlp.proj.weight,35,0,2359296,0
300,blocks.0.mlp.proj.weight,36,0,2359296,0
300,blocks.0.mlp.proj.weight,37,0,2359296,0
300,blocks.0.mlp.proj.weight,38,0,2359296,0
300,blocks.0.mlp.proj.weight,39,0,2359296,0
300,blocks.0.mlp.proj.weight,40,0,2359296,0
300,blocks.0.mlp.proj.weight,41,0,2359296,0
300,blocks.0.mlp.proj.weight,42,0,2359296,0
300,blocks.0.mlp.proj.weight,43,0,2359296,0
300,blocks.0.mlp.proj.weight,44,0,2359296,0
300,blocks.0.mlp.proj.weight,45,0,2359296,0
300,blocks.0.mlp.proj.weight,46,0,2359296,0
300,blocks.0.mlp.proj.weight,47,0,2359296,0
300,blocks.0.mlp.proj.weight,48,0,2359296,0
300,blocks.0.mlp.proj.weight,49,0,2359296,0
300,blocks.0.mlp.proj.weight,50,0,2359296,0
300,blocks.0.mlp.proj.weight,51,0,2359296,0
300,blocks.0.mlp.proj.weight,52,0,2359296,0
300,blocks.0.mlp.proj.weight,53,0,2359296,0
300,blocks.0.mlp.proj.weight,54,0,2359296,0
300,blocks.0.mlp.proj.weight,55,0,2359296,0
300,blocks.0.mlp.proj.weight,56,0,2359296,0
300,blocks.0.mlp.proj.weight,57,0,2359296,0
300,blocks.0.mlp.proj.weight,58,0,2359296,0
300,blocks.0.mlp.proj.weight,59,0,2359296,0
300,blocks.0.mlp.proj.weight,60,0,2359296,0
300,blocks.0.mlp.proj.weight,61,0,2359296,0
300,blocks.0.mlp.proj.weight,62,0,2359296,0
300,blocks.0.mlp.proj.weight,63,0,2359296,0
300,blocks.0.mlp.proj.weight,64,0,2359296,0
300,blocks.0.mlp.proj.weight,65,0,2359296,0
300,blocks.0.mlp.proj.weight,66,0,2359296,0
300,blocks.0.mlp.proj.weight,67,0,2359296,0
300,blocks.0.mlp.proj.weight,68,0,2359296,0
300,blocks.0.mlp.proj.weight,69,0,2359296,0
300,blocks.0.mlp.proj.weight,70,0,2359296,0
300,blocks.0.mlp.proj.weight,71,0,2359296,0
300,blocks.0.mlp.proj.weight,72,0,2359296,0
300,blocks.0.mlp.proj.weight,73,0,2359296,0
300,blocks.0.mlp.proj.weight,74,0,2359296,0
300,blocks.0.mlp.proj.weight,75,0,2359296,0
300,blocks.0.mlp.proj.weight,76,0,2359296,0
300,blocks.0.mlp.proj.weight,77,0,2359296,0
300,blocks.0.mlp.proj.weight,78,0,2359296,0
300,blocks.0.mlp.proj.weight,79,0,2359296,0
300,blocks.0.mlp.proj.weight,80,0,2359296,0
300,blocks.0.mlp.proj.weight,81,0,2359296,0
300,blocks.0.mlp.proj.weight,82,0,2359296,0
300,blocks.0.mlp.proj.weight,83,0,2359296,0
300,blocks.0.mlp.proj.weight,84,0,2359296,0
300,blocks.0.mlp.proj.weight,85,0,2359296,0
300,blocks.0.mlp.proj.weight,86,0,2359296,0
300,blocks.0.mlp.proj.weight,87,0,2359296,0
300,blocks.0.mlp.proj.weight,88,0,2359296,0
300,blocks.0.mlp.proj.weight,89,0,2359296,0
300,blocks.0.mlp.proj.weight,90,0,2359296,0
300,blocks.0.mlp.proj.weight,91,0,2359296,0
300,blocks.0.mlp.proj.weight,92,0,2359296,0
300,blocks.0.mlp.proj.weight,93,0,2359296,0
300,blocks.0.mlp.proj.weight,94,0,2359296,0
300,blocks.0.mlp.proj.weight,95,0,2359296,0
300,blocks.0.mlp.proj.weight,96,0,2359296,0
300,blocks.0.mlp.proj.weight,97,0,2359296,0
300,blocks.0.mlp.proj.weight,98,0,2359296,0
300,blocks.0.mlp.proj.weight,99,0,2359296,0
300,blocks.0.mlp.proj.weight,100,0,2359296,0
300,blocks.0.mlp.proj.weight,101,0,2359296,0
300,blocks.0.mlp.proj.weight,102,0,2359296,0
300,blocks.0.mlp.proj.weight,103,0,2359296,0
300,blocks.0.mlp.proj.weight,104,0,2359296,0
300,blocks.0.mlp.proj.weight,105,0,2359296,0
300,blocks.0.mlp.proj.weight,106,0,2359296,0
300,blocks.0.mlp.proj.weight,107,0,2359296,0
300,blocks.0.mlp.proj.weight,108,0,2359296,0
300,blocks.0.mlp.proj.weight,109,0,2359296,0
300,blocks.0.mlp.proj.weight,110,0,2359296,0
300,blocks.0.mlp.proj.weight,111,0,2359296,0
300,blocks.0.mlp.proj.weight,112,0,2359296,0
300,blocks.0.mlp.proj.weight,113,0,2359296,0
300,blocks.0.mlp.proj.weight,114,0,2359296,0
300,blocks.0.mlp.proj.weight,115,0,2359296,0
300,blocks.0.mlp.proj.weight,116,0,2359296,0
300,blocks.0.mlp.proj.weight,117,0,2359296,0
300,blocks.0.mlp.proj.weight,118,0,2359296,0
300,blocks.0.mlp.proj.weight,119,0,2359296,0
300,blocks.0.mlp.proj.weight,120,0,2359296,0
300,blocks.0.mlp.proj.weight,121,0,2359296,0
300,blocks.0.mlp.proj.weight,122,0,2359296,0
300,blocks.0.mlp.proj.weight,123,0,2359296,0
300,blocks.0.mlp.proj.weight,124,0,2359296,0
300,blocks.0.mlp.proj.weight,125,0,2359296,0
300,blocks.0.mlp.proj.weight,126,0,2359296,0
300,blocks.0.mlp.proj.weight,127,0,2359296,0
300,blocks.0.mlp.proj.weight,128,0,2359296,0
300,blocks.1.mlp.fc.weight,-127,0,2359296,0
300,blocks.1.mlp.fc.weight,-126,0,2359296,0
300,blocks.1.mlp.fc.weight,-125,0,2359296,0
300,blocks.1.mlp.fc.weight,-124,0,2359296,0
300,blocks.1.mlp.fc.weight,-123,0,2359296,0
300,blocks.1.mlp.fc.weight,-122,0,2359296,0
300,blocks.1.mlp.fc.weight,-121,0,2359296,0
300,blocks.1.mlp.fc.weight,-120,0,2359296,0
300,blocks.1.mlp.fc.weight,-119,0,2359296,0
300,blocks.1.mlp.fc.weight,-118,0,2359296,0
300,blocks.1.mlp.fc.weight,-117,0,2359296,0
300,blocks.1.mlp.fc.weight,-116,0,2359296,0
300,blocks.1.mlp.fc.weight,-115,0,2359296,0
300,blocks.1.mlp.fc.weight,-114,0,2359296,0
300,blocks.1.mlp.fc.weight,-113,0,2359296,0
300,blocks.1.mlp.fc.weight,-112,0,2359296,0
300,blocks.1.mlp.fc.weight,-111,0,2359296,0
300,blocks.1.mlp.fc.weight,-110,0,2359296,0
300,blocks.1.mlp.fc.weight,-109,0,2359296,0
300,blocks.1.mlp.fc.weight,-108,0,2359296,0
300,blocks.1.mlp.fc.weight,-107,0,2359296,0
300,blocks.1.mlp.fc.weight,-106,0,2359296,0
300,blocks.1.mlp.fc.weight,-105,0,2359296,0
300,blocks.1.mlp.fc.weight,-104,0,2359296,0
300,blocks.1.mlp.fc.weight,-103,0,2359296,0
300,blocks.1.mlp.fc.weight,-102,0,2359296,0
300,blocks.1.mlp.fc.weight,-101,0,2359296,0
300,blocks.1.mlp.fc.weight,-100,0,2359296,0
300,blocks.1.mlp.fc.weight,-99,0,2359296,0
300,blocks.1.mlp.fc.weight,-98,0,2359296,0
300,blocks.1.mlp.fc.weight,-97,0,2359296,0
300,blocks.1.mlp.fc.weight,-96,0,2359296,0
300,blocks.1.mlp.fc.weight,-95,0,2359296,0
300,blocks.1.mlp.fc.weight,-94,0,2359296,0
300,blocks.1.mlp.fc.weight,-93,0,2359296,0
300,blocks.1.mlp.fc.weight,-92,0,2359296,0
300,blocks.1.mlp.fc.weight,-91,0,2359296,0
300,blocks.1.mlp.fc.weight,-90,0,2359296,0
300,blocks.1.mlp.fc.weight,-89,0,2359296,0
300,blocks.1.mlp.fc.weight,-88,0,2359296,0
300,blocks.1.mlp.fc.weight,-87,0,2359296,0
300,blocks.1.mlp.fc.weight,-86,0,2359296,0
300,blocks.1.mlp.fc.weight,-85,0,2359296,0
300,blocks.1.mlp.fc.weight,-84,0,2359296,0
300,blocks.1.mlp.fc.weight,-83,0,2359296,0
300,blocks.1.mlp.fc.weight,-82,0,2359296,0
300,blocks.1.mlp.fc.weight,-81,0,2359296,0
300,blocks.1.mlp.fc.weight,-80,0,2359296,0
300,blocks.1.mlp.fc.weight,-79,0,2359296,0
300,blocks.1.mlp.fc.weight,-78,0,2359296,0
300,blocks.1.mlp.fc.weight,-77,0,2359296,0
300,blocks.1.mlp.fc.weight,-76,0,2359296,0
300,blocks.1.mlp.fc.weight,-75,0,2359296,0
300,blocks.1.mlp.fc.weight,-74,0,2359296,0
300,blocks.1.mlp.fc.weight,-73,0,2359296,0
300,blocks.1.mlp.fc.weight,-72,0,2359296,0
300,blocks.1.mlp.fc.weight,-71,0,2359296,0
300,blocks.1.mlp.fc.weight,-70,0,2359296,0
300,blocks.1.mlp.fc.weight,-69,0,2359296,0
300,blocks.1.mlp.fc.weight,-68,0,2359296,0
300,blocks.1.mlp.fc.weight,-67,0,2359296,0
300,blocks.1.mlp.fc.weight,-66,0,2359296,0
300,blocks.1.mlp.fc.weight,-65,0,2359296,0
300,blocks.1.mlp.fc.weight,-64,0,2359296,0
300,blocks.1.mlp.fc.weight,-63,0,2359296,0
300,blocks.1.mlp.fc.weight,-62,0,2359296,0
300,blocks.1.mlp.fc.weight,-61,0,2359296,0
300,blocks.1.mlp.fc.weight,-60,0,2359296,0
300,blocks.1.mlp.fc.weight,-59,0,2359296,0
300,blocks.1.mlp.fc.weight,-58,0,2359296,0
300,blocks.1.mlp.fc.weight,-57,0,2359296,0
300,blocks.1.mlp.fc.weight,-56,0,2359296,0
300,blocks.1.mlp.fc.weight,-55,0,2359296,0
300,blocks.1.mlp.fc.weight,-54,0,2359296,0
300,blocks.1.mlp.fc.weight,-53,0,2359296,0
300,blocks.1.mlp.fc.weight,-52,0,2359296,0
300,blocks.1.mlp.fc.weight,-51,0,2359296,0
300,blocks.1.mlp.fc.weight,-50,0,2359296,0
300,blocks.1.mlp.fc.weight,-49,0,2359296,0
300,blocks.1.mlp.fc.weight,-48,0,2359296,0
300,blocks.1.mlp.fc.weight,-47,0,2359296,0
300,blocks.1.mlp.fc.weight,-46,0,2359296,0
300,blocks.1.mlp.fc.weight,-45,0,2359296,0
300,blocks.1.mlp.fc.weight,-44,0,2359296,0
300,blocks.1.mlp.fc.weight,-43,0,2359296,0
300,blocks.1.mlp.fc.weight,-42,0,2359296,0
300,blocks.1.mlp.fc.weight,-41,0,2359296,0
300,blocks.1.mlp.fc.weight,-40,0,2359296,0
300,blocks.1.mlp.fc.weight,-39,0,2359296,0
300,blocks.1.mlp.fc.weight,-38,0,2359296,0
300,blocks.1.mlp.fc.weight,-37,0,2359296,0
300,blocks.1.mlp.fc.weight,-36,0,2359296,0
300,blocks.1.mlp.fc.weight,-35,0,2359296,0
300,blocks.1.mlp.fc.weight,-34,0,2359296,0
300,blocks.1.mlp.fc.weight,-33,3,2359296,0
300,blocks.1.mlp.fc.weight,-32,6,2359296,0
300,blocks.1.mlp.fc.weight,-31,35,2359296,0
300,blocks.1.mlp.fc.weight,-30,39,2359296,0
300,blocks.1.mlp.fc.weight,-29,38,2359296,0
300,blocks.1.mlp.fc.weight,-28,31,2359296,0
300,blocks.1.mlp.fc.weight,-27,9,2359296,0
300,blocks.1.mlp.fc.weight,-26,1,2359296,0
300,blocks.1.mlp.fc.weight,-25,0,2359296,0
300,blocks.1.mlp.fc.weight,-24,0,2359296,0
300,blocks.1.mlp.fc.weight,-23,0,2359296,0
300,blocks.1.mlp.fc.weight,-22,0,2359296,0
300,blocks.1.mlp.fc.weight,-21,3,2359296,0
300,blocks.1.mlp.fc.weight,-20,3,2359296,0
300,blocks.1.mlp.fc.weight,-19,11,2359296,0
300,blocks.1.mlp.fc.weight,-18,20,2359296,0
300,blocks.1.mlp.fc.weight,-17,84,2359296,0
300,blocks.1.mlp.fc.weight,-16,196,2359296,0
300,blocks.1.mlp.fc.weight,-15,432,2359296,0
300,blocks.1.mlp.fc.weight,-14,902,2359296,0
300,blocks.1.mlp.fc.weight,-13,1899,2359296,0
300,blocks.1.mlp.fc.weight,-12,3626,2359296,0
300,blocks.1.mlp.fc.weight,-11,7273,2359296,0
300,blocks.1.mlp.fc.weight,-10,14575,2359296,0
300,blocks.1.mlp.fc.weight,-9,28917,2359296,0
300,blocks.1.mlp.fc.weight,-8,57347,2359296,0
300,blocks.1.mlp.fc.weight,-7,111718,2359296,0
300,blocks.1.mlp.fc.weight,-6,210294,2359296,0
300,blocks.1.mlp.fc.weight,-5,373747,2359296,0
300,blocks.1.mlp.fc.weight,-4,563073,2359296,0
300,blocks.1.mlp.fc.weight,-3,595449,2359296,0
300,blocks.1.mlp.fc.weight,-2,318305,2359296,0
300,blocks.1.mlp.fc.weight,-1,66374,2359296,0
300,blocks.1.mlp.fc.weight,0,4828,2359296,0
300,blocks.1.mlp.fc.weight,1,58,2359296,0
300,blocks.1.mlp.fc.weight,2,0,2359296,0
300,blocks.1.mlp.fc.weight,3,0,2359296,0
300,blocks.1.mlp.fc.weight,4,0,2359296,0
300,blocks.1.mlp.fc.weight,5,0,2359296,0
300,blocks.1.mlp.fc.weight,6,0,2359296,0
300,blocks.1.mlp.fc.weight,7,0,2359296,0
300,blocks.1.mlp.fc.weight,8,0,2359296,0
300,blocks.1.mlp.fc.weight,9,0,2359296,0
300,blocks.1.mlp.fc.weight,10,0,2359296,0
300,blocks.1.mlp.fc.weight,11,0,2359296,0
300,blocks.1.mlp.fc.weight,12,0,2359296,0
300,blocks.1.mlp.fc.weight,13,0,2359296,0
300,blocks.1.mlp.fc.weight,14,0,2359296,0
300,blocks.1.mlp.fc.weight,15,0,2359296,0
300,blocks.1.mlp.fc.weight,16,0,2359296,0
300,blocks.1.mlp.fc.weight,17,0,2359296,0
300,blocks.1.mlp.fc.weight,18,0,2359296,0
300,blocks.1.mlp.fc.weight,19,0,2359296,0
300,blocks.1.mlp.fc.weight,20,0,2359296,0
300,blocks.1.mlp.fc.weight,21,0,2359296,0
300,blocks.1.mlp.fc.weight,22,0,2359296,0
300,blocks.1.mlp.fc.weight,23,0,2359296,0
300,blocks.1.mlp.fc.weight,24,0,2359296,0
300,blocks.1.mlp.fc.weight,25,0,2359296,0
300,blocks.1.mlp.fc.weight,26,0,2359296,0
300,blocks.1.mlp.fc.weight,27,0,2359296,0
300,blocks.1.mlp.fc.weight,28,0,2359296,0
300,blocks.1.mlp.fc.weight,29,0,2359296,0
300,blocks.1.mlp.fc.weight,30,0,2359296,0
300,blocks.1.mlp.fc.weight,31,0,2359296,0
300,blocks.1.mlp.fc.weight,32,0,2359296,0
300,blocks.1.mlp.fc.weight,33,0,2359296,0
300,blocks.1.mlp.fc.weight,34,0,2359296,0
300,blocks.1.mlp.fc.weight,35,0,2359296,0
300,blocks.1.mlp.fc.weight,36,0,2359296,0
300,blocks.1.mlp.fc.weight,37,0,2359296,0
300,blocks.1.mlp.fc.weight,38,0,2359296,0
300,blocks.1.mlp.fc.weight,39,0,2359296,0
300,blocks.1.mlp.fc.weight,40,0,2359296,0
300,blocks.1.mlp.fc.weight,41,0,2359296,0
300,blocks.1.mlp.fc.weight,42,0,2359296,0
300,blocks.1.mlp.fc.weight,43,0,2359296,0
300,blocks.1.mlp.fc.weight,44,0,2359296,0
300,blocks.1.mlp.fc.weight,45,0,2359296,0
300,blocks.1.mlp.fc.weight,46,0,2359296,0
300,blocks.1.mlp.fc.weight,47,0,2359296,0
300,blocks.1.mlp.fc.weight,48,0,2359296,0
300,blocks.1.mlp.fc.weight,49,0,2359296,0
300,blocks.1.mlp.fc.weight,50,0,2359296,0
300,blocks.1.mlp.fc.weight,51,0,2359296,0
300,blocks.1.mlp.fc.weight,52,0,2359296,0
300,blocks.1.mlp.fc.weight,53,0,2359296,0
300,blocks.1.mlp.fc.weight,54,0,2359296,0
300,blocks.1.mlp.fc.weight,55,0,2359296,0
300,blocks.1.mlp.fc.weight,56,0,2359296,0
300,blocks.1.mlp.fc.weight,57,0,2359296,0
300,blocks.1.mlp.fc.weight,58,0,2359296,0
300,blocks.1.mlp.fc.weight,59,0,2359296,0
300,blocks.1.mlp.fc.weight,60,0,2359296,0
300,blocks.1.mlp.fc.weight,61,0,2359296,0
300,blocks.1.mlp.fc.weight,62,0,2359296,0
300,blocks.1.mlp.fc.weight,63,0,2359296,0
300,blocks.1.mlp.fc.weight,64,0,2359296,0
300,blocks.1.mlp.fc.weight,65,0,2359296,0
300,blocks.1.mlp.fc.weight,66,0,2359296,0
300,blocks.1.mlp.fc.weight,67,0,2359296,0
300,blocks.1.mlp.fc.weight,68,0,2359296,0
300,blocks.1.mlp.fc.weight,69,0,2359296,0
300,blocks.1.mlp.fc.weight,70,0,2359296,0
300,blocks.1.mlp.fc.weight,71,0,2359296,0
300,blocks.1.mlp.fc.weight,72,0,2359296,0
300,blocks.1.mlp.fc.weight,73,0,2359296,0
300,blocks.1.mlp.fc.weight,74,0,2359296,0
300,blocks.1.mlp.fc.weight,75,0,2359296,0
300,blocks.1.mlp.fc.weight,76,0,2359296,0
300,blocks.1.mlp.fc.weight,77,0,2359296,0
300,blocks.1.mlp.fc.weight,78,0,2359296,0
300,blocks.1.mlp.fc.weight,79,0,2359296,0
300,blocks.1.mlp.fc.weight,80,0,2359296,0
300,blocks.1.mlp.fc.weight,81,0,2359296,0
300,blocks.1.mlp.fc.weight,82,0,2359296,0
300,blocks.1.mlp.fc.weight,83,0,2359296,0
300,blocks.1.mlp.fc.weight,84,0,2359296,0
300,blocks.1.mlp.fc.weight,85,0,2359296,0
300,blocks.1.mlp.fc.weight,86,0,2359296,0
300,blocks.1.mlp.fc.weight,87,0,2359296,0
300,blocks.1.mlp.fc.weight,88,0,2359296,0
300,blocks.1.mlp.fc.weight,89,0,2359296,0
300,blocks.1.mlp.fc.weight,90,0,2359296,0
300,blocks.1.mlp.fc.weight,91,0,2359296,0
300,blocks.1.mlp.fc.weight,92,0,2359296,0
300,blocks.1.mlp.fc.weight,93,0,2359296,0
300,blocks.1.mlp.fc.weight,94,0,2359296,0
300,blocks.1.mlp.fc.weight,95,0,2359296,0
300,blocks.1.mlp.fc.weight,96,0,2359296,0
300,blocks.1.mlp.fc.weight,97,0,2359296,0
300,blocks.1.mlp.fc.weight,98,0,2359296,0
300,blocks.1.mlp.fc.weight,99,0,2359296,0
300,blocks.1.mlp.fc.weight,100,0,2359296,0
300,blocks.1.mlp.fc.weight,101,0,2359296,0
300,blocks.1.mlp.fc.weight,102,0,2359296,0
300,blocks.1.mlp.fc.weight,103,0,2359296,0
300,blocks.1.mlp.fc.weight,104,0,2359296,0
300,blocks.1.mlp.fc.weight,105,0,2359296,0
300,blocks.1.mlp.fc.weight,106,0,2359296,0
300,blocks.1.mlp.fc.weight,107,0,2359296,0
300,blocks.1.mlp.fc.weight,108,0,2359296,0
300,blocks.1.mlp.fc.weight,109,0,2359296,0
300,blocks.1.mlp.fc.weight,110,0,2359296,0
300,blocks.1.mlp.fc.weight,111,0,2359296,0
300,blocks.1.mlp.fc.weight,112,0,2359296,0
300,blocks.1.mlp.fc.weight,113,0,2359296,0
300,blocks.1.mlp.fc.weight,114,0,2359296,0
300,blocks.1.mlp.fc.weight,115,0,2359296,0
300,blocks.1.mlp.fc.weight,116,0,2359296,0
300,blocks.1.mlp.fc.weight,117,0,2359296,0
300,blocks.1.mlp.fc.weight,118,0,2359296,0
300,blocks.1.mlp.fc.weight,119,0,2359296,0
300,blocks.1.mlp.fc.weight,120,0,2359296,0
300,blocks.1.mlp.fc.weight,121,0,2359296,0
300,blocks.1.mlp.fc.weight,122,0,2359296,0
300,blocks.1.mlp.fc.weight,123,0,2359296,0
300,blocks.1.mlp.fc.weight,124,0,2359296,0
300,blocks.1.mlp.fc.weight,125,0,2359296,0
300,blocks.1.mlp.fc.weight,126,0,2359296,0
300,blocks.1.mlp.fc.weight,127,0,2359296,0
300,blocks.1.mlp.fc.weight,128,0,2359296,0
300,blocks.1.mlp.proj.weight,-127,0,2359296,0
300,blocks.1.mlp.proj.weight,-126,0,2359296,0
300,blocks.1.mlp.proj.weight,-125,0,2359296,0
300,blocks.1.mlp.proj.weight,-124,0,2359296,0
300,blocks.1.mlp.proj.weight,-123,0,2359296,0
300,blocks.1.mlp.proj.weight,-122,0,2359296,0
300,blocks.1.mlp.proj.weight,-121,0,2359296,0
300,blocks.1.mlp.proj.weight,-120,0,2359296,0
300,blocks.1.mlp.proj.weight,-119,0,2359296,0
300,blocks.1.mlp.proj.weight,-118,0,2359296,0
300,blocks.1.mlp.proj.weight,-117,0,2359296,0
300,blocks.1.mlp.proj.weight,-116,0,2359296,0
300,blocks.1.mlp.proj.weight,-115,0,2359296,0
300,blocks.1.mlp.proj.weight,-114,0,2359296,0
300,blocks.1.mlp.proj.weight,-113,0,2359296,0
300,blocks.1.mlp.proj.weight,-112,0,2359296,0
300,blocks.1.mlp.proj.weight,-111,0,2359296,0
300,blocks.1.mlp.proj.weight,-110,0,2359296,0
300,blocks.1.mlp.proj.weight,-109,0,2359296,0
300,blocks.1.mlp.proj.weight,-108,0,2359296,0
300,blocks.1.mlp.proj.weight,-107,0,2359296,0
300,blocks.1.mlp.proj.weight,-106,0,2359296,0
300,blocks.1.mlp.proj.weight,-105,0,2359296,0
300,blocks.1.mlp.proj.weight,-104,0,2359296,0
300,blocks.1.mlp.proj.weight,-103,0,2359296,0
300,blocks.1.mlp.proj.weight,-102,0,2359296,0
300,blocks.1.mlp.proj.weight,-101,0,2359296,0
300,blocks.1.mlp.proj.weight,-100,0,2359296,0
300,blocks.1.mlp.proj.weight,-99,0,2359296,0
300,blocks.1.mlp.proj.weight,-98,0,2359296,0
300,blocks.1.mlp.proj.weight,-97,0,2359296,0
300,blocks.1.mlp.proj.weight,-96,0,2359296,0
300,blocks.1.mlp.proj.weight,-95,0,2359296,0
300,blocks.1.mlp.proj.weight,-94,0,2359296,0
300,blocks.1.mlp.proj.weight,-93,0,2359296,0
300,blocks.1.mlp.proj.weight,-92,0,2359296,0
300,blocks.1.mlp.proj.weight,-91,0,2359296,0
300,blocks.1.mlp.proj.weight,-90,0,2359296,0
300,blocks.1.mlp.proj.weight,-89,0,2359296,0
300,blocks.1.mlp.proj.weight,-88,0,2359296,0
300,blocks.1.mlp.proj.weight,-87,0,2359296,0
300,blocks.1.mlp.proj.weight,-86,0,2359296,0
300,blocks.1.mlp.proj.weight,-85,0,2359296,0
300,blocks.1.mlp.proj.weight,-84,0,2359296,0
300,blocks.1.mlp.proj.weight,-83,0,2359296,0
300,blocks.1.mlp.proj.weight,-82,0,2359296,0
300,blocks.1.mlp.proj.weight,-81,0,2359296,0
300,blocks.1.mlp.proj.weight,-80,0,2359296,0
300,blocks.1.mlp.proj.weight,-79,0,2359296,0
300,blocks.1.mlp.proj.weight,-78,0,2359296,0
300,blocks.1.mlp.proj.weight,-77,0,2359296,0
300,blocks.1.mlp.proj.weight,-76,0,2359296,0
300,blocks.1.mlp.proj.weight,-75,0,2359296,0
300,blocks.1.mlp.proj.weight,-74,0,2359296,0
300,blocks.1.mlp.proj.weight,-73,0,2359296,0
300,blocks.1.mlp.proj.weight,-72,0,2359296,0
300,blocks.1.mlp.proj.weight,-71,0,2359296,0
300,blocks.1.mlp.proj.weight,-70,0,2359296,0
300,blocks.1.mlp.proj.weight,-69,0,2359296,0
300,blocks.1.mlp.proj.weight,-68,0,2359296,0
300,blocks.1.mlp.proj.weight,-67,0,2359296,0
300,blocks.1.mlp.proj.weight,-66,0,2359296,0
300,blocks.1.mlp.proj.weight,-65,0,2359296,0
300,blocks.1.mlp.proj.weight,-64,0,2359296,0
300,blocks.1.mlp.proj.weight,-63,0,2359296,0
300,blocks.1.mlp.proj.weight,-62,0,2359296,0
300,blocks.1.mlp.proj.weight,-61,0,2359296,0
300,blocks.1.mlp.proj.weight,-60,0,2359296,0
300,blocks.1.mlp.proj.weight,-59,0,2359296,0
300,blocks.1.mlp.proj.weight,-58,0,2359296,0
300,blocks.1.mlp.proj.weight,-57,0,2359296,0
300,blocks.1.mlp.proj.weight,-56,0,2359296,0
300,blocks.1.mlp.proj.weight,-55,0,2359296,0
300,blocks.1.mlp.proj.weight,-54,0,2359296,0
300,blocks.1.mlp.proj.weight,-53,0,2359296,0
300,blocks.1.mlp.proj.weight,-52,0,2359296,0
300,blocks.1.mlp.proj.weight,-51,0,2359296,0
300,blocks.1.mlp.proj.weight,-50,0,2359296,0
300,blocks.1.mlp.proj.weight,-49,0,2359296,0
300,blocks.1.mlp.proj.weight,-48,0,2359296,0
300,blocks.1.mlp.proj.weight,-47,0,2359296,0
300,blocks.1.mlp.proj.weight,-46,0,2359296,0
300,blocks.1.mlp.proj.weight,-45,0,2359296,0
300,blocks.1.mlp.proj.weight,-44,0,2359296,0
300,blocks.1.mlp.proj.weight,-43,0,2359296,0
300,blocks.1.mlp.proj.weight,-42,0,2359296,0
300,blocks.1.mlp.proj.weight,-41,0,2359296,0
300,blocks.1.mlp.proj.weight,-40,0,2359296,0
300,blocks.1.mlp.proj.weight,-39,0,2359296,0
300,blocks.1.mlp.proj.weight,-38,0,2359296,0
300,blocks.1.mlp.proj.weight,-37,0,2359296,0
300,blocks.1.mlp.proj.weight,-36,1,2359296,0
300,blocks.1.mlp.proj.weight,-35,0,2359296,0
300,blocks.1.mlp.proj.weight,-34,0,2359296,0
300,blocks.1.mlp.proj.weight,-33,4,2359296,0
300,blocks.1.mlp.proj.weight,-32,2,2359296,0
300,blocks.1.mlp.proj.weight,-31,8,2359296,0
300,blocks.1.mlp.proj.weight,-30,28,2359296,0
300,blocks.1.mlp.proj.weight,-29,56,2359296,0
300,blocks.1.mlp.proj.weight,-28,69,2359296,0
300,blocks.1.mlp.proj.weight,-27,14,2359296,0
300,blocks.1.mlp.proj.weight,-26,1,2359296,0
300,blocks.1.mlp.proj.weight,-25,0,2359296,0
300,blocks.1.mlp.proj.weight,-24,0,2359296,0
300,blocks.1.mlp.proj.weight,-23,0,2359296,0
300,blocks.1.mlp.proj.weight,-22,0,2359296,0
300,blocks.1.mlp.proj.weight,-21,0,2359296,0
300,blocks.1.mlp.proj.weight,-20,0,2359296,0
300,blocks.1.mlp.proj.weight,-19,2,2359296,0
300,blocks.1.mlp.proj.weight,-18,7,2359296,0
300,blocks.1.mlp.proj.weight,-17,29,2359296,0
300,blocks.1.mlp.proj.weight,-16,101,2359296,0
300,blocks.1.mlp.proj.weight,-15,230,2359296,0
300,blocks.1.mlp.proj.weight,-14,504,2359296,0
300,blocks.1.mlp.proj.weight,-13,999,2359296,0
300,blocks.1.mlp.proj.weight,-12,2147,2359296,0
300,blocks.1.mlp.proj.weight,-11,4323,2359296,0
300,blocks.1.mlp.proj.weight,-10,8586,2359296,0
300,blocks.1.mlp.proj.weight,-9,17171,2359296,0
300,blocks.1.mlp.proj.weight,-8,33710,2359296,0
300,blocks.1.mlp.proj.weight,-7,66288,2359296,0
300,blocks.1.mlp.proj.weight,-6,130079,2359296,0
300,blocks.1.mlp.proj.weight,-5,249711,2359296,0
300,blocks.1.mlp.proj.weight,-4,444721,2359296,0
300,blocks.1.mlp.proj.weight,-3,645925,2359296,0
300,blocks.1.mlp.proj.weight,-2,566616,2359296,0
300,blocks.1.mlp.proj.weight,-1,176380,2359296,0
300,blocks.1.mlp.proj.weight,0,11342,2359296,0
300,blocks.1.mlp.proj.weight,1,242,2359296,0
300,blocks.1.mlp.proj.weight,2,0,2359296,0
300,blocks.1.mlp.proj.weight,3,0,2359296,0
300,blocks.1.mlp.proj.weight,4,0,2359296,0
300,blocks.1.mlp.proj.weight,5,0,2359296,0
300,blocks.1.mlp.proj.weight,6,0,2359296,0
300,blocks.1.mlp.proj.weight,7,0,2359296,0
300,blocks.1.mlp.proj.weight,8,0,2359296,0
300,blocks.1.mlp.proj.weight,9,0,2359296,0
300,blocks.1.mlp.proj.weight,10,0,2359296,0
300,blocks.1.mlp.proj.weight,11,0,2359296,0
300,blocks.1.mlp.proj.weight,12,0,2359296,0
300,blocks.1.mlp.proj.weight,13,0,2359296,0
300,blocks.1.mlp.proj.weight,14,0,2359296,0
300,blocks.1.mlp.proj.weight,15,0,2359296,0
300,blocks.1.mlp.proj.weight,16,0,2359296,0
300,blocks.1.mlp.proj.weight,17,0,2359296,0
300,blocks.1.mlp.proj.weight,18,0,2359296,0
300,blocks.1.mlp.proj.weight,19,0,2359296,0
300,blocks.1.mlp.proj.weight,20,0,2359296,0
300,blocks.1.mlp.proj.weight,21,0,2359296,0
300,blocks.1.mlp.proj.weight,22,0,2359296,0
300,blocks.1.mlp.proj.weight,23,0,2359296,0
300,blocks.1.mlp.proj.weight,24,0,2359296,0
300,blocks.1.mlp.proj.weight,25,0,2359296,0
300,blocks.1.mlp.proj.weight,26,0,2359296,0
300,blocks.1.mlp.proj.weight,27,0,2359296,0
300,blocks.1.mlp.proj.weight,28,0,2359296,0
300,blocks.1.mlp.proj.weight,29,0,2359296,0
300,blocks.1.mlp.proj.weight,30,0,2359296,0
300,blocks.1.mlp.proj.weight,31,0,2359296,0
300,blocks.1.mlp.proj.weight,32,0,2359296,0
300,blocks.1.mlp.proj.weight,33,0,2359296,0
300,blocks.1.mlp.proj.weight,34,0,2359296,0
300,blocks.1.mlp.proj.weight,35,0,2359296,0
300,blocks.1.mlp.proj.weight,36,0,2359296,0
300,blocks.1.mlp.proj.weight,37,0,2359296,0
300,blocks.1.mlp.proj.weight,38,0,2359296,0
300,blocks.1.mlp.proj.weight,39,0,2359296,0
300,blocks.1.mlp.proj.weight,40,0,2359296,0
300,blocks.1.mlp.proj.weight,41,0,2359296,0
300,blocks.1.mlp.proj.weight,42,0,2359296,0
300,blocks.1.mlp.proj.weight,43,0,2359296,0
300,blocks.1.mlp.proj.weight,44,0,2359296,0
300,blocks.1.mlp.proj.weight,45,0,2359296,0
300,blocks.1.mlp.proj.weight,46,0,2359296,0
300,blocks.1.mlp.proj.weight,47,0,2359296,0
300,blocks.1.mlp.proj.weight,48,0,2359296,0
300,blocks.1.mlp.proj.weight,49,0,2359296,0
300,blocks.1.mlp.proj.weight,50,0,2359296,0
300,blocks.1.mlp.proj.weight,51,0,2359296,0
300,blocks.1.mlp.proj.weight,52,0,2359296,0
300,blocks.1.mlp.proj.weight,53,0,2359296,0
300,blocks.1.mlp.proj.weight,54,0,2359296,0
300,blocks.1.mlp.proj.weight,55,0,2359296,0
300,blocks.1.mlp.proj.weight,56,0,2359296,0
300,blocks.1.mlp.proj.weight,57,0,2359296,0
300,blocks.1.mlp.proj.weight,58,0,2359296,0
300,blocks.1.mlp.proj.weight,59,0,2359296,0
300,blocks.1.mlp.proj.weight,60,0,2359296,0
300,blocks.1.mlp.proj.weight,61,0,2359296,0
300,blocks.1.mlp.proj.weight,62,0,2359296,0
300,blocks.1.mlp.proj.weight,63,0,2359296,0
300,blocks.1.mlp.proj.weight,64,0,2359296,0
300,blocks.1.mlp.proj.weight,65,0,2359296,0
300,blocks.1.mlp.proj.weight,66,0,2359296,0
300,blocks.1.mlp.proj.weight,67,0,2359296,0
300,blocks.1.mlp.proj.weight,68,0,2359296,0
300,blocks.1.mlp.proj.weight,69,0,2359296,0
300,blocks.1.mlp.proj.weight,70,0,2359296,0
300,blocks.1.mlp.proj.weight,71,0,2359296,0
300,blocks.1.mlp.proj.weight,72,0,2359296,0
300,blocks.1.mlp.proj.weight,73,0,2359296,0
300,blocks.1.mlp.proj.weight,74,0,2359296,0
300,blocks.1.mlp.proj.weight,75,0,2359296,0
300,blocks.1.mlp.proj.weight,76,0,2359296,0
300,blocks.1.mlp.proj.weight,77,0,2359296,0
300,blocks.1.mlp.proj.weight,78,0,2359296,0
300,blocks.1.mlp.proj.weight,79,0,2359296,0
300,blocks.1.mlp.proj.weight,80,0,2359296,0
300,blocks.1.mlp.proj.weight,81,0,2359296,0
300,blocks.1.mlp.proj.weight,82,0,2359296,0
300,blocks.1.mlp.proj.weight,83,0,2359296,0
300,blocks.1.mlp.proj.weight,84,0,2359296,0
300,blocks.1.mlp.proj.weight,85,0,2359296,0
300,blocks.1.mlp.proj.weight,86,0,2359296,0
300,blocks.1.mlp.proj.weight,87,0,2359296,0
300,blocks.1.mlp.proj.weight,88,0,2359296,0
300,blocks.1.mlp.proj.weight,89,0,2359296,0
300,blocks.1.mlp.proj.weight,90,0,2359296,0
300,blocks.1.mlp.proj.weight,91,0,2359296,0
300,blocks.1.mlp.proj.weight,92,0,2359296,0
300,blocks.1.mlp.proj.weight,93,0,2359296,0
300,blocks.1.mlp.proj.weight,94,0,2359296,0
300,blocks.1.mlp.proj.weight,95,0,2359296,0
300,blocks.1.mlp.proj.weight,96,0,2359296,0
300,blocks.1.mlp.proj.weight,97,0,2359296,0
300,blocks.1.mlp.proj.weight,98,0,2359296,0
300,blocks.1.mlp.proj.weight,99,0,2359296,0
300,blocks.1.mlp.proj.weight,100,0,2359296,0
300,blocks.1.mlp.proj.weight,101,0,2359296,0
300,blocks.1.mlp.proj.weight,102,0,2359296,0
300,blocks.1.mlp.proj.weight,103,0,2359296,0
300,blocks.1.mlp.proj.weight,104,0,2359296,0
300,blocks.1.mlp.proj.weight,105,0,2359296,0
300,blocks.1.mlp.proj.weight,106,0,2359296,0
300,blocks.1.mlp.proj.weight,107,0,2359296,0
300,blocks.1.mlp.proj.weight,108,0,2359296,0
300,blocks.1.mlp.proj.weight,109,0,2359296,0
300,blocks.1.mlp.proj.weight,110,0,2359296,0
300,blocks.1.mlp.proj.weight,111,0,2359296,0
300,blocks.1.mlp.proj.weight,112,0,2359296,0
300,blocks.1.mlp.proj.weight,113,0,2359296,0
300,blocks.1.mlp.proj.weight,114,0,2359296,0
300,blocks.1.mlp.proj.weight,115,0,2359296,0
300,blocks.1.mlp.proj.weight,116,0,2359296,0
300,blocks.1.mlp.proj.weight,117,0,2359296,0
300,blocks.1.mlp.proj.weight,118,0,2359296,0
300,blocks.1.mlp.proj.weight,119,0,2359296,0
300,blocks.1.mlp.proj.weight,120,0,2359296,0
300,blocks.1.mlp.proj.weight,121,0,2359296,0
300,blocks.1.mlp.proj.weight,122,0,2359296,0
300,blocks.1.mlp.proj.weight,123,0,2359296,0
300,blocks.1.mlp.proj.weight,124,0,2359296,0
300,blocks.1.mlp.proj.weight,125,0,2359296,0
300,blocks.1.mlp.proj.weight,126,0,2359296,0
300,blocks.1.mlp.proj.weight,127,0,2359296,0
300,blocks.1.mlp.proj.weight,128,0,2359296,0
300,blocks.2.mlp.fc.weight,-127,0,2359296,0
300,blocks.2.mlp.fc.weight,-126,0,2359296,0
300,blocks.2.mlp.fc.weight,-125,0,2359296,0
300,blocks.2.mlp.fc.weight,-124,0,2359296,0
300,blocks.2.mlp.fc.weight,-123,0,2359296,0
300,blocks.2.mlp.fc.weight,-122,0,2359296,0
300,blocks.2.mlp.fc.weight,-121,0,2359296,0
300,blocks.2.mlp.fc.weight,-120,0,2359296,0
300,blocks.2.mlp.fc.weight,-119,0,2359296,0
300,blocks.2.mlp.fc.weight,-118,0,2359296,0
300,blocks.2.mlp.fc.weight,-117,0,2359296,0
300,blocks.2.mlp.fc.weight,-116,0,2359296,0
300,blocks.2.mlp.fc.weight,-115,0,2359296,0
300,blocks.2.mlp.fc.weight,-114,0,2359296,0
300,blocks.2.mlp.fc.weight,-113,0,2359296,0
300,blocks.2.mlp.fc.weight,-112,0,2359296,0
300,blocks.2.mlp.fc.weight,-111,0,2359296,0
300,blocks.2.mlp.fc.weight,-110,0,2359296,0
300,blocks.2.mlp.fc.weight,-109,0,2359296,0
300,blocks.2.mlp.fc.weight,-108,0,2359296,0
300,blocks.2.mlp.fc.weight,-107,0,2359296,0
300,blocks.2.mlp.fc.weight,-106,0,2359296,0
300,blocks.2.mlp.fc.weight,-105,0,2359296,0
300,blocks.2.mlp.fc.weight,-104,0,2359296,0
300,blocks.2.mlp.fc.weight,-103,0,2359296,0
300,blocks.2.mlp.fc.weight,-102,0,2359296,0
300,blocks.2.mlp.fc.weight,-101,0,2359296,0
300,blocks.2.mlp.fc.weight,-100,0,2359296,0
300,blocks.2.mlp.fc.weight,-99,0,2359296,0
300,blocks.2.mlp.fc.weight,-98,0,2359296,0
300,blocks.2.mlp.fc.weight,-97,0,2359296,0
300,blocks.2.mlp.fc.weight,-96,0,2359296,0
300,blocks.2.mlp.fc.weight,-95,0,2359296,0
300,blocks.2.mlp.fc.weight,-94,0,2359296,0
300,blocks.2.mlp.fc.weight,-93,0,2359296,0
300,blocks.2.mlp.fc.weight,-92,0,2359296,0
300,blocks.2.mlp.fc.weight,-91,0,2359296,0
300,blocks.2.mlp.fc.weight,-90,0,2359296,0
300,blocks.2.mlp.fc.weight,-89,0,2359296,0
300,blocks.2.mlp.fc.weight,-88,0,2359296,0
300,blocks.2.mlp.fc.weight,-87,0,2359296,0
300,blocks.2.mlp.fc.weight,-86,0,2359296,0
300,blocks.2.mlp.fc.weight,-85,0,2359296,0
300,blocks.2.mlp.fc.weight,-84,0,2359296,0
300,blocks.2.mlp.fc.weight,-83,0,2359296,0
300,blocks.2.mlp.fc.weight,-82,0,2359296,0
300,blocks.2.mlp.fc.weight,-81,0,2359296,0
300,blocks.2.mlp.fc.weight,-80,0,2359296,0
300,blocks.2.mlp.fc.weight,-79,0,2359296,0
300,blocks.2.mlp.fc.weight,-78,0,2359296,0
300,blocks.2.mlp.fc.weight,-77,0,2359296,0
300,blocks.2.mlp.fc.weight,-76,0,2359296,0
300,blocks.2.mlp.fc.weight,-75,0,2359296,0
300,blocks.2.mlp.fc.weight,-74,0,2359296,0
300,blocks.2.mlp.fc.weight,-73,0,2359296,0
300,blocks.2.mlp.fc.weight,-72,0,2359296,0
300,blocks.2.mlp.fc.weight,-71,0,2359296,0
300,blocks.2.mlp.fc.weight,-70,0,2359296,0
300,blocks.2.mlp.fc.weight,-69,0,2359296,0
300,blocks.2.mlp.fc.weight,-68,0,2359296,0
300,blocks.2.mlp.fc.weight,-67,0,2359296,0
300,blocks.2.mlp.fc.weight,-66,0,2359296,0
300,blocks.2.mlp.fc.weight,-65,0,2359296,0
300,blocks.2.mlp.fc.weight,-64,0,2359296,0
300,blocks.2.mlp.fc.weight,-63,0,2359296,0
300,blocks.2.mlp.fc.weight,-62,0,2359296,0
300,blocks.2.mlp.fc.weight,-61,0,2359296,0
300,blocks.2.mlp.fc.weight,-60,0,2359296,0
300,blocks.2.mlp.fc.weight,-59,0,2359296,0
300,blocks.2.mlp.fc.weight,-58,0,2359296,0
300,blocks.2.mlp.fc.weight,-57,0,2359296,0
300,blocks.2.mlp.fc.weight,-56,0,2359296,0
300,blocks.2.mlp.fc.weight,-55,0,2359296,0
300,blocks.2.mlp.fc.weight,-54,0,2359296,0
300,blocks.2.mlp.fc.weight,-53,0,2359296,0
300,blocks.2.mlp.fc.weight,-52,0,2359296,0
300,blocks.2.mlp.fc.weight,-51,0,2359296,0
300,blocks.2.mlp.fc.weight,-50,0,2359296,0
300,blocks.2.mlp.fc.weight,-49,0,2359296,0
300,blocks.2.mlp.fc.weight,-48,0,2359296,0
300,blocks.2.mlp.fc.weight,-47,0,2359296,0
300,blocks.2.mlp.fc.weight,-46,0,2359296,0
300,blocks.2.mlp.fc.weight,-45,0,2359296,0
300,blocks.2.mlp.fc.weight,-44,0,2359296,0
300,blocks.2.mlp.fc.weight,-43,0,2359296,0
300,blocks.2.mlp.fc.weight,-42,0,2359296,0
300,blocks.2.mlp.fc.weight,-41,0,2359296,0
300,blocks.2.mlp.fc.weight,-40,0,2359296,0
300,blocks.2.mlp.fc.weight,-39,0,2359296,0
300,blocks.2.mlp.fc.weight,-38,0,2359296,0
300,blocks.2.mlp.fc.weight,-37,0,2359296,0
300,blocks.2.mlp.fc.weight,-36,0,2359296,0
300,blocks.2.mlp.fc.weight,-35,0,2359296,0
300,blocks.2.mlp.fc.weight,-34,0,2359296,0
300,blocks.2.mlp.fc.weight,-33,4,2359296,0
300,blocks.2.mlp.fc.weight,-32,5,2359296,0
300,blocks.2.mlp.fc.weight,-31,21,2359296,0
300,blocks.2.mlp.fc.weight,-30,29,2359296,0
300,blocks.2.mlp.fc.weight,-29,25,2359296,0
300,blocks.2.mlp.fc.weight,-28,20,2359296,0
300,blocks.2.mlp.fc.weight,-27,3,2359296,0
300,blocks.2.mlp.fc.weight,-26,1,2359296,0
300,blocks.2.mlp.fc.weight,-25,0,2359296,0
300,blocks.2.mlp.fc.weight,-24,0,2359296,0
300,blocks.2.mlp.fc.weight,-23,0,2359296,0
300,blocks.2.mlp.fc.weight,-22,1,2359296,0
300,blocks.2.mlp.fc.weight,-21,1,2359296,0
300,blocks.2.mlp.fc.weight,-20,2,2359296,0
300,blocks.2.mlp.fc.weight,-19,26,2359296,0
300,blocks.2.mlp.fc.weight,-18,43,2359296,0
300,blocks.2.mlp.fc.weight,-17,102,2359296,0
300,blocks.2.mlp.fc.weight,-16,286,2359296,0
300,blocks.2.mlp.fc.weight,-15,569,2359296,0
300,blocks.2.mlp.fc.weight,-14,1125,2359296,0
300,blocks.2.mlp.fc.weight,-13,2346,2359296,0
300,blocks.2.mlp.fc.weight,-12,4724,2359296,0
300,blocks.2.mlp.fc.weight,-11,9588,2359296,0
300,blocks.2.mlp.fc.weight,-10,19234,2359296,0
300,blocks.2.mlp.fc.weight,-9,37770,2359296,0
300,blocks.2.mlp.fc.weight,-8,72052,2359296,0
300,blocks.2.mlp.fc.weight,-7,135212,2359296,0
300,blocks.2.mlp.fc.weight,-6,241631,2359296,0
300,blocks.2.mlp.fc.weight,-5,397249,2359296,0
300,blocks.2.mlp.fc.weight,-4,559491,2359296,0
300,blocks.2.mlp.fc.weight,-3,551070,2359296,0
300,blocks.2.mlp.fc.weight,-2,269017,2359296,0
300,blocks.2.mlp.fc.weight,-1,53376,2359296,0
300,blocks.2.mlp.fc.weight,0,4135,2359296,0
300,blocks.2.mlp.fc.weight,1,138,2359296,0
300,blocks.2.mlp.fc.weight,2,0,2359296,0
300,blocks.2.mlp.fc.weight,3,0,2359296,0
300,blocks.2.mlp.fc.weight,4,0,2359296,0
300,blocks.2.mlp.fc.weight,5,0,2359296,0
300,blocks.2.mlp.fc.weight,6,0,2359296,0
300,blocks.2.mlp.fc.weight,7,0,2359296,0
300,blocks.2.mlp.fc.weight,8,0,2359296,0
300,blocks.2.mlp.fc.weight,9,0,2359296,0
300,blocks.2.mlp.fc.weight,10,0,2359296,0
300,blocks.2.mlp.fc.weight,11,0,2359296,0
300,blocks.2.mlp.fc.weight,12,0,2359296,0
300,blocks.2.mlp.fc.weight,13,0,2359296,0
300,blocks.2.mlp.fc.weight,14,0,2359296,0
300,blocks.2.mlp.fc.weight,15,0,2359296,0
300,blocks.2.mlp.fc.weight,16,0,2359296,0
300,blocks.2.mlp.fc.weight,17,0,2359296,0
300,blocks.2.mlp.fc.weight,18,0,2359296,0
300,blocks.2.mlp.fc.weight,19,0,2359296,0
300,blocks.2.mlp.fc.weight,20,0,2359296,0
300,blocks.2.mlp.fc.weight,21,0,2359296,0
300,blocks.2.mlp.fc.weight,22,0,2359296,0
300,blocks.2.mlp.fc.weight,23,0,2359296,0
300,blocks.2.mlp.fc.weight,24,0,2359296,0
300,blocks.2.mlp.fc.weight,25,0,2359296,0
300,blocks.2.mlp.fc.weight,26,0,2359296,0
300,blocks.2.mlp.fc.weight,27,0,2359296,0
300,blocks.2.mlp.fc.weight,28,0,2359296,0
300,blocks.2.mlp.fc.weight,29,0,2359296,0
300,blocks.2.mlp.fc.weight,30,0,2359296,0
300,blocks.2.mlp.fc.weight,31,0,2359296,0
300,blocks.2.mlp.fc.weight,32,0,2359296,0
300,blocks.2.mlp.fc.weight,33,0,2359296,0
300,blocks.2.mlp.fc.weight,34,0,2359296,0
300,blocks.2.mlp.fc.weight,35,0,2359296,0
300,blocks.2.mlp.fc.weight,36,0,2359296,0
300,blocks.2.mlp.fc.weight,37,0,2359296,0
300,blocks.2.mlp.fc.weight,38,0,2359296,0
300,blocks.2.mlp.fc.weight,39,0,2359296,0
300,blocks.2.mlp.fc.weight,40,0,2359296,0
300,blocks.2.mlp.fc.weight,41,0,2359296,0
300,blocks.2.mlp.fc.weight,42,0,2359296,0
300,blocks.2.mlp.fc.weight,43,0,2359296,0
300,blocks.2.mlp.fc.weight,44,0,2359296,0
300,blocks.2.mlp.fc.weight,45,0,2359296,0
300,blocks.2.mlp.fc.weight,46,0,2359296,0
300,blocks.2.mlp.fc.weight,47,0,2359296,0
300,blocks.2.mlp.fc.weight,48,0,2359296,0
300,blocks.2.mlp.fc.weight,49,0,2359296,0
300,blocks.2.mlp.fc.weight,50,0,2359296,0
300,blocks.2.mlp.fc.weight,51,0,2359296,0
300,blocks.2.mlp.fc.weight,52,0,2359296,0
300,blocks.2.mlp.fc.weight,53,0,2359296,0
300,blocks.2.mlp.fc.weight,54,0,2359296,0
300,blocks.2.mlp.fc.weight,55,0,2359296,0
300,blocks.2.mlp.fc.weight,56,0,2359296,0
300,blocks.2.mlp.fc.weight,57,0,2359296,0
300,blocks.2.mlp.fc.weight,58,0,2359296,0
300,blocks.2.mlp.fc.weight,59,0,2359296,0
300,blocks.2.mlp.fc.weight,60,0,2359296,0
300,blocks.2.mlp.fc.weight,61,0,2359296,0
300,blocks.2.mlp.fc.weight,62,0,2359296,0
300,blocks.2.mlp.fc.weight,63,0,2359296,0
300,blocks.2.mlp.fc.weight,64,0,2359296,0
300,blocks.2.mlp.fc.weight,65,0,2359296,0
300,blocks.2.mlp.fc.weight,66,0,2359296,0
300,blocks.2.mlp.fc.weight,67,0,2359296,0
300,blocks.2.mlp.fc.weight,68,0,2359296,0
300,blocks.2.mlp.fc.weight,69,0,2359296,0
300,blocks.2.mlp.fc.weight,70,0,2359296,0
300,blocks.2.mlp.fc.weight,71,0,2359296,0
300,blocks.2.mlp.fc.weight,72,0,2359296,0
300,blocks.2.mlp.fc.weight,73,0,2359296,0
300,blocks.2.mlp.fc.weight,74,0,2359296,0
300,blocks.2.mlp.fc.weight,75,0,2359296,0
300,blocks.2.mlp.fc.weight,76,0,2359296,0
300,blocks.2.mlp.fc.weight,77,0,2359296,0
300,blocks.2.mlp.fc.weight,78,0,2359296,0
300,blocks.2.mlp.fc.weight,79,0,2359296,0
300,blocks.2.mlp.fc.weight,80,0,2359296,0
300,blocks.2.mlp.fc.weight,81,0,2359296,0
300,blocks.2.mlp.fc.weight,82,0,2359296,0
300,blocks.2.mlp.fc.weight,83,0,2359296,0
300,blocks.2.mlp.fc.weight,84,0,2359296,0
300,blocks.2.mlp.fc.weight,85,0,2359296,0
300,blocks.2.mlp.fc.weight,86,0,2359296,0
300,blocks.2.mlp.fc.weight,87,0,2359296,0
300,blocks.2.mlp.fc.weight,88,0,2359296,0
300,blocks.2.mlp.fc.weight,89,0,2359296,0
300,blocks.2.mlp.fc.weight,90,0,2359296,0
300,blocks.2.mlp.fc.weight,91,0,2359296,0
300,blocks.2.mlp.fc.weight,92,0,2359296,0
300,blocks.2.mlp.fc.weight,93,0,2359296,0
300,blocks.2.mlp.fc.weight,94,0,2359296,0
300,blocks.2.mlp.fc.weight,95,0,2359296,0
300,blocks.2.mlp.fc.weight,96,0,2359296,0
300,blocks.2.mlp.fc.weight,97,0,2359296,0
300,blocks.2.mlp.fc.weight,98,0,2359296,0
300,blocks.2.mlp.fc.weight,99,0,2359296,0
300,blocks.2.mlp.fc.weight,100,0,2359296,0
300,blocks.2.mlp.fc.weight,101,0,2359296,0
300,blocks.2.mlp.fc.weight,102,0,2359296,0
300,blocks.2.mlp.fc.weight,103,0,2359296,0
300,blocks.2.mlp.fc.weight,104,0,2359296,0
300,blocks.2.mlp.fc.weight,105,0,2359296,0
300,blocks.2.mlp.fc.weight,106,0,2359296,0
300,blocks.2.mlp.fc.weight,107,0,2359296,0
300,blocks.2.mlp.fc.weight,108,0,2359296,0
300,blocks.2.mlp.fc.weight,109,0,2359296,0
300,blocks.2.mlp.fc.weight,110,0,2359296,0
300,blocks.2.mlp.fc.weight,111,0,2359296,0
300,blocks.2.mlp.fc.weight,112,0,2359296,0
300,blocks.2.mlp.fc.weight,113,0,2359296,0
300,blocks.2.mlp.fc.weight,114,0,2359296,0
300,blocks.2.mlp.fc.weight,115,0,2359296,0
300,blocks.2.mlp.fc.weight,116,0,2359296,0
300,blocks.2.mlp.fc.weight,117,0,2359296,0
300,blocks.2.mlp.fc.weight,118,0,2359296,0
300,blocks.2.mlp.fc.weight,119,0,2359296,0
300,blocks.2.mlp.fc.weight,120,0,2359296,0
300,blocks.2.mlp.fc.weight,121,0,2359296,0
300,blocks.2.mlp.fc.weight,122,0,2359296,0
300,blocks.2.mlp.fc.weight,123,0,2359296,0
300,blocks.2.mlp.fc.weight,124,0,2359296,0
300,blocks.2.mlp.fc.weight,125,0,2359296,0
300,blocks.2.mlp.fc.weight,126,0,2359296,0
300,blocks.2.mlp.fc.weight,127,0,2359296,0
300,blocks.2.mlp.fc.weight,128,0,2359296,0
300,blocks.2.mlp.proj.weight,-127,0,2359296,0
300,blocks.2.mlp.proj.weight,-126,0,2359296,0
300,blocks.2.mlp.proj.weight,-125,0,2359296,0
300,blocks.2.mlp.proj.weight,-124,0,2359296,0
300,blocks.2.mlp.proj.weight,-123,0,2359296,0
300,blocks.2.mlp.proj.weight,-122,0,2359296,0
300,blocks.2.mlp.proj.weight,-121,0,2359296,0
300,blocks.2.mlp.proj.weight,-120,0,2359296,0
300,blocks.2.mlp.proj.weight,-119,0,2359296,0
300,blocks.2.mlp.proj.weight,-118,0,2359296,0
300,blocks.2.mlp.proj.weight,-117,0,2359296,0
300,blocks.2.mlp.proj.weight,-116,0,2359296,0
300,blocks.2.mlp.proj.weight,-115,0,2359296,0
300,blocks.2.mlp.proj.weight,-114,0,2359296,0
300,blocks.2.mlp.proj.weight,-113,0,2359296,0
300,blocks.2.mlp.proj.weight,-112,0,2359296,0
300,blocks.2.mlp.proj.weight,-111,0,2359296,0
300,blocks.2.mlp.proj.weight,-110,0,2359296,0
300,blocks.2.mlp.proj.weight,-109,0,2359296,0
300,blocks.2.mlp.proj.weight,-108,0,2359296,0
300,blocks.2.mlp.proj.weight,-107,0,2359296,0
300,blocks.2.mlp.proj.weight,-106,0,2359296,0
300,blocks.2.mlp.proj.weight,-105,0,2359296,0
300,blocks.2.mlp.proj.weight,-104,0,2359296,0
300,blocks.2.mlp.proj.weight,-103,0,2359296,0
300,blocks.2.mlp.proj.weight,-102,0,2359296,0
300,blocks.2.mlp.proj.weight,-101,0,2359296,0
300,blocks.2.mlp.proj.weight,-100,0,2359296,0
300,blocks.2.mlp.proj.weight,-99,0,2359296,0
300,blocks.2.mlp.proj.weight,-98,0,2359296,0
300,blocks.2.mlp.proj.weight,-97,0,2359296,0
300,blocks.2.mlp.proj.weight,-96,0,2359296,0
300,blocks.2.mlp.proj.weight,-95,0,2359296,0
300,blocks.2.mlp.proj.weight,-94,0,2359296,0
300,blocks.2.mlp.proj.weight,-93,0,2359296,0
300,blocks.2.mlp.proj.weight,-92,0,2359296,0
300,blocks.2.mlp.proj.weight,-91,0,2359296,0
300,blocks.2.mlp.proj.weight,-90,0,2359296,0
300,blocks.2.mlp.proj.weight,-89,0,2359296,0
300,blocks.2.mlp.proj.weight,-88,0,2359296,0
300,blocks.2.mlp.proj.weight,-87,0,2359296,0
300,blocks.2.mlp.proj.weight,-86,0,2359296,0
300,blocks.2.mlp.proj.weight,-85,0,2359296,0
300,blocks.2.mlp.proj.weight,-84,0,2359296,0
300,blocks.2.mlp.proj.weight,-83,0,2359296,0
300,blocks.2.mlp.proj.weight,-82,0,2359296,0
300,blocks.2.mlp.proj.weight,-81,0,2359296,0
300,blocks.2.mlp.proj.weight,-80,0,2359296,0
300,blocks.2.mlp.proj.weight,-79,0,2359296,0
300,blocks.2.mlp.proj.weight,-78,0,2359296,0
300,blocks.2.mlp.proj.weight,-77,0,2359296,0
300,blocks.2.mlp.proj.weight,-76,0,2359296,0
300,blocks.2.mlp.proj.weight,-75,0,2359296,0
300,blocks.2.mlp.proj.weight,-74,0,2359296,0
300,blocks.2.mlp.proj.weight,-73,0,2359296,0
300,blocks.2.mlp.proj.weight,-72,0,2359296,0
300,blocks.2.mlp.proj.weight,-71,0,2359296,0
300,blocks.2.mlp.proj.weight,-70,0,2359296,0
300,blocks.2.mlp.proj.weight,-69,0,2359296,0
300,blocks.2.mlp.proj.weight,-68,0,2359296,0
300,blocks.2.mlp.proj.weight,-67,0,2359296,0
300,blocks.2.mlp.proj.weight,-66,0,2359296,0
300,blocks.2.mlp.proj.weight,-65,0,2359296,0
300,blocks.2.mlp.proj.weight,-64,0,2359296,0
300,blocks.2.mlp.proj.weight,-63,0,2359296,0
300,blocks.2.mlp.proj.weight,-62,0,2359296,0
300,blocks.2.mlp.proj.weight,-61,0,2359296,0
300,blocks.2.mlp.proj.weight,-60,0,2359296,0
300,blocks.2.mlp.proj.weight,-59,0,2359296,0
300,blocks.2.mlp.proj.weight,-58,0,2359296,0
300,blocks.2.mlp.proj.weight,-57,0,2359296,0
300,blocks.2.mlp.proj.weight,-56,0,2359296,0
300,blocks.2.mlp.proj.weight,-55,0,2359296,0
300,blocks.2.mlp.proj.weight,-54,0,2359296,0
300,blocks.2.mlp.proj.weight,-53,0,2359296,0
300,blocks.2.mlp.proj.weight,-52,0,2359296,0
300,blocks.2.mlp.proj.weight,-51,0,2359296,0
300,blocks.2.mlp.proj.weight,-50,0,2359296,0
300,blocks.2.mlp.proj.weight,-49,0,2359296,0
300,blocks.2.mlp.proj.weight,-48,0,2359296,0
300,blocks.2.mlp.proj.weight,-47,0,2359296,0
300,blocks.2.mlp.proj.weight,-46,0,2359296,0
300,blocks.2.mlp.proj.weight,-45,0,2359296,0
300,blocks.2.mlp.proj.weight,-44,0,2359296,0
300,blocks.2.mlp.proj.weight,-43,0,2359296,0
300,blocks.2.mlp.proj.weight,-42,0,2359296,0
300,blocks.2.mlp.proj.weight,-41,0,2359296,0
300,blocks.2.mlp.proj.weight,-40,0,2359296,0
300,blocks.2.mlp.proj.weight,-39,0,2359296,0
300,blocks.2.mlp.proj.weight,-38,0,2359296,0
300,blocks.2.mlp.proj.weight,-37,0,2359296,0
300,blocks.2.mlp.proj.weight,-36,0,2359296,0
300,blocks.2.mlp.proj.weight,-35,0,2359296,0
300,blocks.2.mlp.proj.weight,-34,1,2359296,0
300,blocks.2.mlp.proj.weight,-33,2,2359296,0
300,blocks.2.mlp.proj.weight,-32,7,2359296,0
300,blocks.2.mlp.proj.weight,-31,11,2359296,0
300,blocks.2.mlp.proj.weight,-30,23,2359296,0
300,blocks.2.mlp.proj.weight,-29,84,2359296,0
300,blocks.2.mlp.proj.weight,-28,49,2359296,0
300,blocks.2.mlp.proj.weight,-27,8,2359296,0
300,blocks.2.mlp.proj.weight,-26,1,2359296,0
300,blocks.2.mlp.proj.weight,-25,0,2359296,0
300,blocks.2.mlp.proj.weight,-24,0,2359296,0
300,blocks.2.mlp.proj.weight,-23,0,2359296,0
300,blocks.2.mlp.proj.weight,-22,0,2359296,0
300,blocks.2.mlp.proj.weight,-21,0,2359296,0
300,blocks.2.mlp.proj.weight,-20,2,2359296,0
300,blocks.2.mlp.proj.weight,-19,4,2359296,0
300,blocks.2.mlp.proj.weight,-18,14,2359296,0
300,blocks.2.mlp.proj.weight,-17,58,2359296,0
300,blocks.2.mlp.proj.weight,-16,153,2359296,0
300,blocks.2.mlp.proj.weight,-15,350,2359296,0
300,blocks.2.mlp.proj.weight,-14,729,2359296,0
300,blocks.2.mlp.proj.weight,-13,1423,2359296,0
300,blocks.2.mlp.proj.weight,-12,2986,2359296,0
300,blocks.2.mlp.proj.weight,-11,6017,2359296,0
300,blocks.2.mlp.proj.weight,-10,12058,2359296,0
300,blocks.2.mlp.proj.weight,-9,23538,2359296,0
300,blocks.2.mlp.proj.weight,-8,45774,2359296,0
300,blocks.2.mlp.proj.weight,-7,87912,2359296,0
300,blocks.2.mlp.proj.weight,-6,167345,2359296,0
300,blocks.2.mlp.proj.weight,-5,304972,2359296,0
300,blocks.2.mlp.proj.weight,-4,504487,2359296,0
300,blocks.2.mlp.proj.weight,-3,646869,2359296,0
300,blocks.2.mlp.proj.weight,-2,452876,2359296,0
300,blocks.2.mlp.proj.weight,-1,95921,2359296,0
300,blocks.2.mlp.proj.weight,0,4687,2359296,0
300,blocks.2.mlp.proj.weight,1,632,2359296,0
300,blocks.2.mlp.proj.weight,2,267,2359296,0
300,blocks.2.mlp.proj.weight,3,36,2359296,0
300,blocks.2.mlp.proj.weight,4,0,2359296,0
300,blocks.2.mlp.proj.weight,5,0,2359296,0
300,blocks.2.mlp.proj.weight,6,0,2359296,0
300,blocks.2.mlp.proj.weight,7,0,2359296,0
300,blocks.2.mlp.proj.weight,8,0,2359296,0
300,blocks.2.mlp.proj.weight,9,0,2359296,0
300,blocks.2.mlp.proj.weight,10,0,2359296,0
300,blocks.2.mlp.proj.weight,11,0,2359296,0
300,blocks.2.mlp.proj.weight,12,0,2359296,0
300,blocks.2.mlp.proj.weight,13,0,2359296,0
300,blocks.2.mlp.proj.weight,14,0,2359296,0
300,blocks.2.mlp.proj.weight,15,0,2359296,0
300,blocks.2.mlp.proj.weight,16,0,2359296,0
300,blocks.2.mlp.proj.weight,17,0,2359296,0
300,blocks.2.mlp.proj.weight,18,0,2359296,0
300,blocks.2.mlp.proj.weight,19,0,2359296,0
300,blocks.2.mlp.proj.weight,20,0,2359296,0
300,blocks.2.mlp.proj.weight,21,0,2359296,0
300,blocks.2.mlp.proj.weight,22,0,2359296,0
300,blocks.2.mlp.proj.weight,23,0,2359296,0
300,blocks.2.mlp.proj.weight,24,0,2359296,0
300,blocks.2.mlp.proj.weight,25,0,2359296,0
300,blocks.2.mlp.proj.weight,26,0,2359296,0
300,blocks.2.mlp.proj.weight,27,0,2359296,0
300,blocks.2.mlp.proj.weight,28,0,2359296,0
300,blocks.2.mlp.proj.weight,29,0,2359296,0
300,blocks.2.mlp.proj.weight,30,0,2359296,0
300,blocks.2.mlp.proj.weight,31,0,2359296,0
300,blocks.2.mlp.proj.weight,32,0,2359296,0
300,blocks.2.mlp.proj.weight,33,0,2359296,0
300,blocks.2.mlp.proj.weight,34,0,2359296,0
300,blocks.2.mlp.proj.weight,35,0,2359296,0
300,blocks.2.mlp.proj.weight,36,0,2359296,0
300,blocks.2.mlp.proj.weight,37,0,2359296,0
300,blocks.2.mlp.proj.weight,38,0,2359296,0
300,blocks.2.mlp.proj.weight,39,0,2359296,0
300,blocks.2.mlp.proj.weight,40,0,2359296,0
300,blocks.2.mlp.proj.weight,41,0,2359296,0
300,blocks.2.mlp.proj.weight,42,0,2359296,0
300,blocks.2.mlp.proj.weight,43,0,2359296,0
300,blocks.2.mlp.proj.weight,44,0,2359296,0
300,blocks.2.mlp.proj.weight,45,0,2359296,0
300,blocks.2.mlp.proj.weight,46,0,2359296,0
300,blocks.2.mlp.proj.weight,47,0,2359296,0
300,blocks.2.mlp.proj.weight,48,0,2359296,0
300,blocks.2.mlp.proj.weight,49,0,2359296,0
300,blocks.2.mlp.proj.weight,50,0,2359296,0
300,blocks.2.mlp.proj.weight,51,0,2359296,0
300,blocks.2.mlp.proj.weight,52,0,2359296,0
300,blocks.2.mlp.proj.weight,53,0,2359296,0
300,blocks.2.mlp.proj.weight,54,0,2359296,0
300,blocks.2.mlp.proj.weight,55,0,2359296,0
300,blocks.2.mlp.proj.weight,56,0,2359296,0
300,blocks.2.mlp.proj.weight,57,0,2359296,0
300,blocks.2.mlp.proj.weight,58,0,2359296,0
300,blocks.2.mlp.proj.weight,59,0,2359296,0
300,blocks.2.mlp.proj.weight,60,0,2359296,0
300,blocks.2.mlp.proj.weight,61,0,2359296,0
300,blocks.2.mlp.proj.weight,62,0,2359296,0
300,blocks.2.mlp.proj.weight,63,0,2359296,0
300,blocks.2.mlp.proj.weight,64,0,2359296,0
300,blocks.2.mlp.proj.weight,65,0,2359296,0
300,blocks.2.mlp.proj.weight,66,0,2359296,0
300,blocks.2.mlp.proj.weight,67,0,2359296,0
300,blocks.2.mlp.proj.weight,68,0,2359296,0
300,blocks.2.mlp.proj.weight,69,0,2359296,0
300,blocks.2.mlp.proj.weight,70,0,2359296,0
300,blocks.2.mlp.proj.weight,71,0,2359296,0
300,blocks.2.mlp.proj.weight,72,0,2359296,0
300,blocks.2.mlp.proj.weight,73,0,2359296,0
300,blocks.2.mlp.proj.weight,74,0,2359296,0
300,blocks.2.mlp.proj.weight,75,0,2359296,0
300,blocks.2.mlp.proj.weight,76,0,2359296,0
300,blocks.2.mlp.proj.weight,77,0,2359296,0
300,blocks.2.mlp.proj.weight,78,0,2359296,0
300,blocks.2.mlp.proj.weight,79,0,2359296,0
300,blocks.2.mlp.proj.weight,80,0,2359296,0
300,blocks.2.mlp.proj.weight,81,0,2359296,0
300,blocks.2.mlp.proj.weight,82,0,2359296,0
300,blocks.2.mlp.proj.weight,83,0,2359296,0
300,blocks.2.mlp.proj.weight,84,0,2359296,0
300,blocks.2.mlp.proj.weight,85,0,2359296,0
300,blocks.2.mlp.proj.weight,86,0,2359296,0
300,blocks.2.mlp.proj.weight,87,0,2359296,0
300,blocks.2.mlp.proj.weight,88,0,2359296,0
300,blocks.2.mlp.proj.weight,89,0,2359296,0
300,blocks.2.mlp.proj.weight,90,0,2359296,0
300,blocks.2.mlp.proj.weight,91,0,2359296,0
300,blocks.2.mlp.proj.weight,92,0,2359296,0
300,blocks.2.mlp.proj.weight,93,0,2359296,0
300,blocks.2.mlp.proj.weight,94,0,2359296,0
300,blocks.2.mlp.proj.weight,95,0,2359296,0
300,blocks.2.mlp.proj.weight,96,0,2359296,0
300,blocks.2.mlp.proj.weight,97,0,2359296,0
300,blocks.2.mlp.proj.weight,98,0,2359296,0
300,blocks.2.mlp.proj.weight,99,0,2359296,0
300,blocks.2.mlp.proj.weight,100,0,2359296,0
300,blocks.2.mlp.proj.weight,101,0,2359296,0
300,blocks.2.mlp.proj.weight,102,0,2359296,0
300,blocks.2.mlp.proj.weight,103,0,2359296,0
300,blocks.2.mlp.proj.weight,104,0,2359296,0
300,blocks.2.mlp.proj.weight,105,0,2359296,0
300,blocks.2.mlp.proj.weight,106,0,2359296,0
300,blocks.2.mlp.proj.weight,107,0,2359296,0
300,blocks.2.mlp.proj.weight,108,0,2359296,0
300,blocks.2.mlp.proj.weight,109,0,2359296,0
300,blocks.2.mlp.proj.weight,110,0,2359296,0
300,blocks.2.mlp.proj.weight,111,0,2359296,0
300,blocks.2.mlp.proj.weight,112,0,2359296,0
300,blocks.2.mlp.proj.weight,113,0,2359296,0
300,blocks.2.mlp.proj.weight,114,0,2359296,0
300,blocks.2.mlp.proj.weight,115,0,2359296,0
300,blocks.2.mlp.proj.weight,116,0,2359296,0
300,blocks.2.mlp.proj.weight,117,0,2359296,0
300,blocks.2.mlp.proj.weight,118,0,2359296,0
300,blocks.2.mlp.proj.weight,119,0,2359296,0
300,blocks.2.mlp.proj.weight,120,0,2359296,0
300,blocks.2.mlp.proj.weight,121,0,2359296,0
300,blocks.2.mlp.proj.weight,122,0,2359296,0
300,blocks.2.mlp.proj.weight,123,0,2359296,0
300,blocks.2.mlp.proj.weight,124,0,2359296,0
300,blocks.2.mlp.proj.weight,125,0,2359296,0
300,blocks.2.mlp.proj.weight,126,0,2359296,0
300,blocks.2.mlp.proj.weight,127,0,2359296,0
300,blocks.2.mlp.proj.weight,128,0,2359296,0
300,blocks.3.mlp.fc.weight,-127,0,2359296,0
300,blocks.3.mlp.fc.weight,-126,0,2359296,0
300,blocks.3.mlp.fc.weight,-125,0,2359296,0
300,blocks.3.mlp.fc.weight,-124,0,2359296,0
300,blocks.3.mlp.fc.weight,-123,0,2359296,0
300,blocks.3.mlp.fc.weight,-122,0,2359296,0
300,blocks.3.mlp.fc.weight,-121,0,2359296,0
300,blocks.3.mlp.fc.weight,-120,0,2359296,0
300,blocks.3.mlp.fc.weight,-119,0,2359296,0
300,blocks.3.mlp.fc.weight,-118,0,2359296,0
300,blocks.3.mlp.fc.weight,-117,0,2359296,0
300,blocks.3.mlp.fc.weight,-116,0,2359296,0
300,blocks.3.mlp.fc.weight,-115,0,2359296,0
300,blocks.3.mlp.fc.weight,-114,0,2359296,0
300,blocks.3.mlp.fc.weight,-113,0,2359296,0
300,blocks.3.mlp.fc.weight,-112,0,2359296,0
300,blocks.3.mlp.fc.weight,-111,0,2359296,0
300,blocks.3.mlp.fc.weight,-110,0,2359296,0
300,blocks.3.mlp.fc.weight,-109,0,2359296,0
300,blocks.3.mlp.fc.weight,-108,0,2359296,0
300,blocks.3.mlp.fc.weight,-107,0,2359296,0
300,blocks.3.mlp.fc.weight,-106,0,2359296,0
300,blocks.3.mlp.fc.weight,-105,0,2359296,0
300,blocks.3.mlp.fc.weight,-104,0,2359296,0
300,blocks.3.mlp.fc.weight,-103,0,2359296,0
300,blocks.3.mlp.fc.weight,-102,0,2359296,0
300,blocks.3.mlp.fc.weight,-101,0,2359296,0
300,blocks.3.mlp.fc.weight,-100,0,2359296,0
300,blocks.3.mlp.fc.weight,-99,0,2359296,0
300,blocks.3.mlp.fc.weight,-98,0,2359296,0
300,blocks.3.mlp.fc.weight,-97,0,2359296,0
300,blocks.3.mlp.fc.weight,-96,0,2359296,0
300,blocks.3.mlp.fc.weight,-95,0,2359296,0
300,blocks.3.mlp.fc.weight,-94,0,2359296,0
300,blocks.3.mlp.fc.weight,-93,0,2359296,0
300,blocks.3.mlp.fc.weight,-92,0,2359296,0
300,blocks.3.mlp.fc.weight,-91,0,2359296,0
300,blocks.3.mlp.fc.weight,-90,0,2359296,0
300,blocks.3.mlp.fc.weight,-89,0,2359296,0
300,blocks.3.mlp.fc.weight,-88,0,2359296,0
300,blocks.3.mlp.fc.weight,-87,0,2359296,0
300,blocks.3.mlp.fc.weight,-86,0,2359296,0
300,blocks.3.mlp.fc.weight,-85,0,2359296,0
300,blocks.3.mlp.fc.weight,-84,0,2359296,0
300,blocks.3.mlp.fc.weight,-83,0,2359296,0
300,blocks.3.mlp.fc.weight,-82,0,2359296,0
300,blocks.3.mlp.fc.weight,-81,0,2359296,0
300,blocks.3.mlp.fc.weight,-80,0,2359296,0
300,blocks.3.mlp.fc.weight,-79,0,2359296,0
300,blocks.3.mlp.fc.weight,-78,0,2359296,0
300,blocks.3.mlp.fc.weight,-77,0,2359296,0
300,blocks.3.mlp.fc.weight,-76,0,2359296,0
300,blocks.3.mlp.fc.weight,-75,0,2359296,0
300,blocks.3.mlp.fc.weight,-74,0,2359296,0
300,blocks.3.mlp.fc.weight,-73,0,2359296,0
300,blocks.3.mlp.fc.weight,-72,0,2359296,0
300,blocks.3.mlp.fc.weight,-71,0,2359296,0
300,blocks.3.mlp.fc.weight,-70,0,2359296,0
300,blocks.3.mlp.fc.weight,-69,0,2359296,0
300,blocks.3.mlp.fc.weight,-68,0,2359296,0
300,blocks.3.mlp.fc.weight,-67,0,2359296,0
300,blocks.3.mlp.fc.weight,-66,0,2359296,0
300,blocks.3.mlp.fc.weight,-65,0,2359296,0
300,blocks.3.mlp.fc.weight,-64,0,2359296,0
300,blocks.3.mlp.fc.weight,-63,0,2359296,0
300,blocks.3.mlp.fc.weight,-62,0,2359296,0
300,blocks.3.mlp.fc.weight,-61,0,2359296,0
300,blocks.3.mlp.fc.weight,-60,0,2359296,0
300,blocks.3.mlp.fc.weight,-59,0,2359296,0
300,blocks.3.mlp.fc.weight,-58,0,2359296,0
300,blocks.3.mlp.fc.weight,-57,0,2359296,0
300,blocks.3.mlp.fc.weight,-56,0,2359296,0
300,blocks.3.mlp.fc.weight,-55,0,2359296,0
300,blocks.3.mlp.fc.weight,-54,0,2359296,0
300,blocks.3.mlp.fc.weight,-53,0,2359296,0
300,blocks.3.mlp.fc.weight,-52,0,2359296,0
300,blocks.3.mlp.fc.weight,-51,0,2359296,0
300,blocks.3.mlp.fc.weight,-50,0,2359296,0
300,blocks.3.mlp.fc.weight,-49,0,2359296,0
300,blocks.3.mlp.fc.weight,-48,0,2359296,0
300,blocks.3.mlp.fc.weight,-47,0,2359296,0
300,blocks.3.mlp.fc.weight,-46,0,2359296,0
300,blocks.3.mlp.fc.weight,-45,0,2359296,0
300,blocks.3.mlp.fc.weight,-44,0,2359296,0
300,blocks.3.mlp.fc.weight,-43,0,2359296,0
300,blocks.3.mlp.fc.weight,-42,0,2359296,0
300,blocks.3.mlp.fc.weight,-41,0,2359296,0
300,blocks.3.mlp.fc.weight,-40,0,2359296,0
300,blocks.3.mlp.fc.weight,-39,0,2359296,0
300,blocks.3.mlp.fc.weight,-38,0,2359296,0
300,blocks.3.mlp.fc.weight,-37,0,2359296,0
300,blocks.3.mlp.fc.weight,-36,1,2359296,0
300,blocks.3.mlp.fc.weight,-35,1,2359296,0
300,blocks.3.mlp.fc.weight,-34,2,2359296,0
300,blocks.3.mlp.fc.weight,-33,7,2359296,0
300,blocks.3.mlp.fc.weight,-32,7,2359296,0
300,blocks.3.mlp.fc.weight,-31,27,2359296,0
300,blocks.3.mlp.fc.weight,-30,41,2359296,0
300,blocks.3.mlp.fc.weight,-29,40,2359296,0
300,blocks.3.mlp.fc.weight,-28,21,2359296,0
300,blocks.3.mlp.fc.weight,-27,4,2359296,0
300,blocks.3.mlp.fc.weight,-26,0,2359296,0
300,blocks.3.mlp.fc.weight,-25,0,2359296,0
300,blocks.3.mlp.fc.weight,-24,0,2359296,0
300,blocks.3.mlp.fc.weight,-23,0,2359296,0
300,blocks.3.mlp.fc.weight,-22,2,2359296,0
300,blocks.3.mlp.fc.weight,-21,0,2359296,0
300,blocks.3.mlp.fc.weight,-20,9,2359296,0
300,blocks.3.mlp.fc.weight,-19,19,2359296,0
300,blocks.3.mlp.fc.weight,-18,57,2359296,0
300,blocks.3.mlp.fc.weight,-17,154,2359296,0
300,blocks.3.mlp.fc.weight,-16,280,2359296,0
300,blocks.3.mlp.fc.weight,-15,641,2359296,0
300,blocks.3.mlp.fc.weight,-14,1346,2359296,0
300,blocks.3.mlp.fc.weight,-13,2643,2359296,0
300,blocks.3.mlp.fc.weight,-12,5341,2359296,0
300,blocks.3.mlp.fc.weight,-11,10789,2359296,0
300,blocks.3.mlp.fc.weight,-10,21365,2359296,0
300,blocks.3.mlp.fc.weight,-9,42280,2359296,0
300,blocks.3.mlp.fc.weight,-8,80611,2359296,0
300,blocks.3.mlp.fc.weight,-7,149384,2359296,0
300,blocks.3.mlp.fc.weight,-6,260235,2359296,0
300,blocks.3.mlp.fc.weight,-5,408835,2359296,0
300,blocks.3.mlp.fc.weight,-4,553976,2359296,0
300,blocks.3.mlp.fc.weight,-3,529946,2359296,0
300,blocks.3.mlp.fc.weight,-2,244917,2359296,0
300,blocks.3.mlp.fc.weight,-1,43458,2359296,0
300,blocks.3.mlp.fc.weight,0,2751,2359296,0
300,blocks.3.mlp.fc.weight,1,105,2359296,0
300,blocks.3.mlp.fc.weight,2,1,2359296,0
300,blocks.3.mlp.fc.weight,3,0,2359296,0
300,blocks.3.mlp.fc.weight,4,0,2359296,0
300,blocks.3.mlp.fc.weight,5,0,2359296,0
300,blocks.3.mlp.fc.weight,6,0,2359296,0
300,blocks.3.mlp.fc.weight,7,0,2359296,0
300,blocks.3.mlp.fc.weight,8,0,2359296,0
300,blocks.3.mlp.fc.weight,9,0,2359296,0
300,blocks.3.mlp.fc.weight,10,0,2359296,0
300,blocks.3.mlp.fc.weight,11,0,2359296,0
300,blocks.3.mlp.fc.weight,12,0,2359296,0
300,blocks.3.mlp.fc.weight,13,0,2359296,0
300,blocks.3.mlp.fc.weight,14,0,2359296,0
300,blocks.3.mlp.fc.weight,15,0,2359296,0
300,blocks.3.mlp.fc.weight,16,0,2359296,0
300,blocks.3.mlp.fc.weight,17,0,2359296,0
300,blocks.3.mlp.fc.weight,18,0,2359296,0
300,blocks.3.mlp.fc.weight,19,0,2359296,0
300,blocks.3.mlp.fc.weight,20,0,2359296,0
300,blocks.3.mlp.fc.weight,21,0,2359296,0
300,blocks.3.mlp.fc.weight,22,0,2359296,0
300,blocks.3.mlp.fc.weight,23,0,2359296,0
300,blocks.3.mlp.fc.weight,24,0,2359296,0
300,blocks.3.mlp.fc.weight,25,0,2359296,0
300,blocks.3.mlp.fc.weight,26,0,2359296,0
300,blocks.3.mlp.fc.weight,27,0,2359296,0
300,blocks.3.mlp.fc.weight,28,0,2359296,0
300,blocks.3.mlp.fc.weight,29,0,2359296,0
300,blocks.3.mlp.fc.weight,30,0,2359296,0
300,blocks.3.mlp.fc.weight,31,0,2359296,0
300,blocks.3.mlp.fc.weight,32,0,2359296,0
300,blocks.3.mlp.fc.weight,33,0,2359296,0
300,blocks.3.mlp.fc.weight,34,0,2359296,0
300,blocks.3.mlp.fc.weight,35,0,2359296,0
300,blocks.3.mlp.fc.weight,36,0,2359296,0
300,blocks.3.mlp.fc.weight,37,0,2359296,0
300,blocks.3.mlp.fc.weight,38,0,2359296,0
300,blocks.3.mlp.fc.weight,39,0,2359296,0
300,blocks.3.mlp.fc.weight,40,0,2359296,0
300,blocks.3.mlp.fc.weight,41,0,2359296,0
300,blocks.3.mlp.fc.weight,42,0,2359296,0
300,blocks.3.mlp.fc.weight,43,0,2359296,0
300,blocks.3.mlp.fc.weight,44,0,2359296,0
300,blocks.3.mlp.fc.weight,45,0,2359296,0
300,blocks.3.mlp.fc.weight,46,0,2359296,0
300,blocks.3.mlp.fc.weight,47,0,2359296,0
300,blocks.3.mlp.fc.weight,48,0,2359296,0
300,blocks.3.mlp.fc.weight,49,0,2359296,0
300,blocks.3.mlp.fc.weight,50,0,2359296,0
300,blocks.3.mlp.fc.weight,51,0,2359296,0
300,blocks.3.mlp.fc.weight,52,0,2359296,0
300,blocks.3.mlp.fc.weight,53,0,2359296,0
300,blocks.3.mlp.fc.weight,54,0,2359296,0
300,blocks.3.mlp.fc.weight,55,0,2359296,0
300,blocks.3.mlp.fc.weight,56,0,2359296,0
300,blocks.3.mlp.fc.weight,57,0,2359296,0
300,blocks.3.mlp.fc.weight,58,0,2359296,0
300,blocks.3.mlp.fc.weight,59,0,2359296,0
300,blocks.3.mlp.fc.weight,60,0,2359296,0
300,blocks.3.mlp.fc.weight,61,0,2359296,0
300,blocks.3.mlp.fc.weight,62,0,2359296,0
300,blocks.3.mlp.fc.weight,63,0,2359296,0
300,blocks.3.mlp.fc.weight,64,0,2359296,0
300,blocks.3.mlp.fc.weight,65,0,2359296,0
300,blocks.3.mlp.fc.weight,66,0,2359296,0
300,blocks.3.mlp.fc.weight,67,0,2359296,0
300,blocks.3.mlp.fc.weight,68,0,2359296,0
300,blocks.3.mlp.fc.weight,69,0,2359296,0
300,blocks.3.mlp.fc.weight,70,0,2359296,0
300,blocks.3.mlp.fc.weight,71,0,2359296,0
300,blocks.3.mlp.fc.weight,72,0,2359296,0
300,blocks.3.mlp.fc.weight,73,0,2359296,0
300,blocks.3.mlp.fc.weight,74,0,2359296,0
300,blocks.3.mlp.fc.weight,75,0,2359296,0
300,blocks.3.mlp.fc.weight,76,0,2359296,0
300,blocks.3.mlp.fc.weight,77,0,2359296,0
300,blocks.3.mlp.fc.weight,78,0,2359296,0
300,blocks.3.mlp.fc.weight,79,0,2359296,0
300,blocks.3.mlp.fc.weight,80,0,2359296,0
300,blocks.3.mlp.fc.weight,81,0,2359296,0
300,blocks.3.mlp.fc.weight,82,0,2359296,0
300,blocks.3.mlp.fc.weight,83,0,2359296,0
300,blocks.3.mlp.fc.weight,84,0,2359296,0
300,blocks.3.mlp.fc.weight,85,0,2359296,0
300,blocks.3.mlp.fc.weight,86,0,2359296,0
300,blocks.3.mlp.fc.weight,87,0,2359296,0
300,blocks.3.mlp.fc.weight,88,0,2359296,0
300,blocks.3.mlp.fc.weight,89,0,2359296,0
300,blocks.3.mlp.fc.weight,90,0,2359296,0
300,blocks.3.mlp.fc.weight,91,0,2359296,0
300,blocks.3.mlp.fc.weight,92,0,2359296,0
300,blocks.3.mlp.fc.weight,93,0,2359296,0
300,blocks.3.mlp.fc.weight,94,0,2359296,0
300,blocks.3.mlp.fc.weight,95,0,2359296,0
300,blocks.3.mlp.fc.weight,96,0,2359296,0
300,blocks.3.mlp.fc.weight,97,0,2359296,0
300,blocks.3.mlp.fc.weight,98,0,2359296,0
300,blocks.3.mlp.fc.weight,99,0,2359296,0
300,blocks.3.mlp.fc.weight,100,0,2359296,0
300,blocks.3.mlp.fc.weight,101,0,2359296,0
300,blocks.3.mlp.fc.weight,102,0,2359296,0
300,blocks.3.mlp.fc.weight,103,0,2359296,0
300,blocks.3.mlp.fc.weight,104,0,2359296,0
300,blocks.3.mlp.fc.weight,105,0,2359296,0
300,blocks.3.mlp.fc.weight,106,0,2359296,0
300,blocks.3.mlp.fc.weight,107,0,2359296,0
300,blocks.3.mlp.fc.weight,108,0,2359296,0
300,blocks.3.mlp.fc.weight,109,0,2359296,0
300,blocks.3.mlp.fc.weight,110,0,2359296,0
300,blocks.3.mlp.fc.weight,111,0,2359296,0
300,blocks.3.mlp.fc.weight,112,0,2359296,0
300,blocks.3.mlp.fc.weight,113,0,2359296,0
300,blocks.3.mlp.fc.weight,114,0,2359296,0
300,blocks.3.mlp.fc.weight,115,0,2359296,0
300,blocks.3.mlp.fc.weight,116,0,2359296,0
300,blocks.3.mlp.fc.weight,117,0,2359296,0
300,blocks.3.mlp.fc.weight,118,0,2359296,0
300,blocks.3.mlp.fc.weight,119,0,2359296,0
300,blocks.3.mlp.fc.weight,120,0,2359296,0
300,blocks.3.mlp.fc.weight,121,0,2359296,0
300,blocks.3.mlp.fc.weight,122,0,2359296,0
300,blocks.3.mlp.fc.weight,123,0,2359296,0
300,blocks.3.mlp.fc.weight,124,0,2359296,0
300,blocks.3.mlp.fc.weight,125,0,2359296,0
300,blocks.3.mlp.fc.weight,126,0,2359296,0
300,blocks.3.mlp.fc.weight,127,0,2359296,0
300,blocks.3.mlp.fc.weight,128,0,2359296,0
300,blocks.3.mlp.proj.weight,-127,0,2359296,0
300,blocks.3.mlp.proj.weight,-126,0,2359296,0
300,blocks.3.mlp.proj.weight,-125,0,2359296,0
300,blocks.3.mlp.proj.weight,-124,0,2359296,0
300,blocks.3.mlp.proj.weight,-123,0,2359296,0
300,blocks.3.mlp.proj.weight,-122,0,2359296,0
300,blocks.3.mlp.proj.weight,-121,0,2359296,0
300,blocks.3.mlp.proj.weight,-120,0,2359296,0
300,blocks.3.mlp.proj.weight,-119,0,2359296,0
300,blocks.3.mlp.proj.weight,-118,0,2359296,0
300,blocks.3.mlp.proj.weight,-117,0,2359296,0
300,blocks.3.mlp.proj.weight,-116,0,2359296,0
300,blocks.3.mlp.proj.weight,-115,0,2359296,0
300,blocks.3.mlp.proj.weight,-114,0,2359296,0
300,blocks.3.mlp.proj.weight,-113,0,2359296,0
300,blocks.3.mlp.proj.weight,-112,0,2359296,0
300,blocks.3.mlp.proj.weight,-111,0,2359296,0
300,blocks.3.mlp.proj.weight,-110,0,2359296,0
300,blocks.3.mlp.proj.weight,-109,0,2359296,0
300,blocks.3.mlp.proj.weight,-108,0,2359296,0
300,blocks.3.mlp.proj.weight,-107,0,2359296,0
300,blocks.3.mlp.proj.weight,-106,0,2359296,0
300,blocks.3.mlp.proj.weight,-105,0,2359296,0
300,blocks.3.mlp.proj.weight,-104,0,2359296,0
300,blocks.3.mlp.proj.weight,-103,0,2359296,0
300,blocks.3.mlp.proj.weight,-102,0,2359296,0
300,blocks.3.mlp.proj.weight,-101,0,2359296,0
300,blocks.3.mlp.proj.weight,-100,0,2359296,0
300,blocks.3.mlp.proj.weight,-99,0,2359296,0
300,blocks.3.mlp.proj.weight,-98,0,2359296,0
300,blocks.3.mlp.proj.weight,-97,0,2359296,0
300,blocks.3.mlp.proj.weight,-96,0,2359296,0
300,blocks.3.mlp.proj.weight,-95,0,2359296,0
300,blocks.3.mlp.proj.weight,-94,0,2359296,0
300,blocks.3.mlp.proj.weight,-93,0,2359296,0
300,blocks.3.mlp.proj.weight,-92,0,2359296,0
300,blocks.3.mlp.proj.weight,-91,0,2359296,0
300,blocks.3.mlp.proj.weight,-90,0,2359296,0
300,blocks.3.mlp.proj.weight,-89,0,2359296,0
300,blocks.3.mlp.proj.weight,-88,0,2359296,0
300,blocks.3.mlp.proj.weight,-87,0,2359296,0
300,blocks.3.mlp.proj.weight,-86,0,2359296,0
300,blocks.3.mlp.proj.weight,-85,0,2359296,0
300,blocks.3.mlp.proj.weight,-84,0,2359296,0
300,blocks.3.mlp.proj.weight,-83,0,2359296,0
300,blocks.3.mlp.proj.weight,-82,0,2359296,0
300,blocks.3.mlp.proj.weight,-81,0,2359296,0
300,blocks.3.mlp.proj.weight,-80,0,2359296,0
300,blocks.3.mlp.proj.weight,-79,0,2359296,0
300,blocks.3.mlp.proj.weight,-78,0,2359296,0
300,blocks.3.mlp.proj.weight,-77,0,2359296,0
300,blocks.3.mlp.proj.weight,-76,0,2359296,0
300,blocks.3.mlp.proj.weight,-75,0,2359296,0
300,blocks.3.mlp.proj.weight,-74,0,2359296,0
300,blocks.3.mlp.proj.weight,-73,0,2359296,0
300,blocks.3.mlp.proj.weight,-72,0,2359296,0
300,blocks.3.mlp.proj.weight,-71,0,2359296,0
300,blocks.3.mlp.proj.weight,-70,0,2359296,0
300,blocks.3.mlp.proj.weight,-69,0,2359296,0
300,blocks.3.mlp.proj.weight,-68,0,2359296,0
300,blocks.3.mlp.proj.weight,-67,0,2359296,0
300,blocks.3.mlp.proj.weight,-66,0,2359296,0
300,blocks.3.mlp.proj.weight,-65,0,2359296,0
300,blocks.3.mlp.proj.weight,-64,0,2359296,0
300,blocks.3.mlp.proj.weight,-63,0,2359296,0
300,blocks.3.mlp.proj.weight,-62,0,2359296,0
300,blocks.3.mlp.proj.weight,-61,0,2359296,0
300,blocks.3.mlp.proj.weight,-60,0,2359296,0
300,blocks.3.mlp.proj.weight,-59,0,2359296,0
300,blocks.3.mlp.proj.weight,-58,0,2359296,0
300,blocks.3.mlp.proj.weight,-57,0,2359296,0
300,blocks.3.mlp.proj.weight,-56,0,2359296,0
300,blocks.3.mlp.proj.weight,-55,0,2359296,0
300,blocks.3.mlp.proj.weight,-54,0,2359296,0
300,blocks.3.mlp.proj.weight,-53,0,2359296,0
300,blocks.3.mlp.proj.weight,-52,0,2359296,0
300,blocks.3.mlp.proj.weight,-51,0,2359296,0
300,blocks.3.mlp.proj.weight,-50,0,2359296,0
300,blocks.3.mlp.proj.weight,-49,0,2359296,0
300,blocks.3.mlp.proj.weight,-48,0,2359296,0
300,blocks.3.mlp.proj.weight,-47,0,2359296,0
300,blocks.3.mlp.proj.weight,-46,0,2359296,0
300,blocks.3.mlp.proj.weight,-45,0,2359296,0
300,blocks.3.mlp.proj.weight,-44,0,2359296,0
300,blocks.3.mlp.proj.weight,-43,0,2359296,0
300,blocks.3.mlp.proj.weight,-42,0,2359296,0
300,blocks.3.mlp.proj.weight,-41,0,2359296,0
300,blocks.3.mlp.proj.weight,-40,0,2359296,0
300,blocks.3.mlp.proj.weight,-39,0,2359296,0
300,blocks.3.mlp.proj.weight,-38,0,2359296,0
300,blocks.3.mlp.proj.weight,-37,0,2359296,0
300,blocks.3.mlp.proj.weight,-36,0,2359296,0
300,blocks.3.mlp.proj.weight,-35,1,2359296,0
300,blocks.3.mlp.proj.weight,-34,0,2359296,0
300,blocks.3.mlp.proj.weight,-33,0,2359296,0
300,blocks.3.mlp.proj.weight,-32,6,2359296,0
300,blocks.3.mlp.proj.weight,-31,19,2359296,0
300,blocks.3.mlp.proj.weight,-30,27,2359296,0
300,blocks.3.mlp.proj.weight,-29,61,2359296,0
300,blocks.3.mlp.proj.weight,-28,40,2359296,0
300,blocks.3.mlp.proj.weight,-27,2,2359296,0
300,blocks.3.mlp.proj.weight,-26,1,2359296,0
300,blocks.3.mlp.proj.weight,-25,0,2359296,0
300,blocks.3.mlp.proj.weight,-24,0,2359296,0
300,blocks.3.mlp.proj.weight,-23,0,2359296,0
300,blocks.3.mlp.proj.weight,-22,0,2359296,0
300,blocks.3.mlp.proj.weight,-21,2,2359296,0
300,blocks.3.mlp.proj.weight,-20,3,2359296,0
300,blocks.3.mlp.proj.weight,-19,7,2359296,0
300,blocks.3.mlp.proj.weight,-18,18,2359296,0
300,blocks.3.mlp.proj.weight,-17,63,2359296,0
300,blocks.3.mlp.proj.weight,-16,170,2359296,0
300,blocks.3.mlp.proj.weight,-15,432,2359296,0
300,blocks.3.mlp.proj.weight,-14,827,2359296,0
300,blocks.3.mlp.proj.weight,-13,1629,2359296,0
300,blocks.3.mlp.proj.weight,-12,3424,2359296,0
300,blocks.3.mlp.proj.weight,-11,6898,2359296,0
300,blocks.3.mlp.proj.weight,-10,13736,2359296,0
300,blocks.3.mlp.proj.weight,-9,27025,2359296,0
300,blocks.3.mlp.proj.weight,-8,51871,2359296,0
300,blocks.3.mlp.proj.weight,-7,100437,2359296,0
300,blocks.3.mlp.proj.weight,-6,186047,2359296,0
300,blocks.3.mlp.proj.weight,-5,325367,2359296,0
300,blocks.3.mlp.proj.weight,-4,509535,2359296,0
300,blocks.3.mlp.proj.weight,-3,625013,2359296,0
300,blocks.3.mlp.proj.weight,-2,419493,2359296,0
300,blocks.3.mlp.proj.weight,-1,82732,2359296,0
300,blocks.3.mlp.proj.weight,0,3755,2359296,0
300,blocks.3.mlp.proj.weight,1,403,2359296,0
300,blocks.3.mlp.proj.weight,2,212,2359296,0
300,blocks.3.mlp.proj.weight,3,39,2359296,0
300,blocks.3.mlp.proj.weight,4,1,2359296,0
300,blocks.3.mlp.proj.weight,5,0,2359296,0
300,blocks.3.mlp.proj.weight,6,0,2359296,0
300,blocks.3.mlp.proj.weight,7,0,2359296,0
300,blocks.3.mlp.proj.weight,8,0,2359296,0
300,blocks.3.mlp.proj.weight,9,0,2359296,0
300,blocks.3.mlp.proj.weight,10,0,2359296,0
300,blocks.3.mlp.proj.weight,11,0,2359296,0
300,blocks.3.mlp.proj.weight,12,0,2359296,0
300,blocks.3.mlp.proj.weight,13,0,2359296,0
300,blocks.3.mlp.proj.weight,14,0,2359296,0
300,blocks.3.mlp.proj.weight,15,0,2359296,0
300,blocks.3.mlp.proj.weight,16,0,2359296,0
300,blocks.3.mlp.proj.weight,17,0,2359296,0
300,blocks.3.mlp.proj.weight,18,0,2359296,0
300,blocks.3.mlp.proj.weight,19,0,2359296,0
300,blocks.3.mlp.proj.weight,20,0,2359296,0
300,blocks.3.mlp.proj.weight,21,0,2359296,0
300,blocks.3.mlp.proj.weight,22,0,2359296,0
300,blocks.3.mlp.proj.weight,23,0,2359296,0
300,blocks.3.mlp.proj.weight,24,0,2359296,0
300,blocks.3.mlp.proj.weight,25,0,2359296,0
300,blocks.3.mlp.proj.weight,26,0,2359296,0
300,blocks.3.mlp.proj.weight,27,0,2359296,0
300,blocks.3.mlp.proj.weight,28,0,2359296,0
300,blocks.3.mlp.proj.weight,29,0,2359296,0
300,blocks.3.mlp.proj.weight,30,0,2359296,0
300,blocks.3.mlp.proj.weight,31,0,2359296,0
300,blocks.3.mlp.proj.weight,32,0,2359296,0
300,blocks.3.mlp.proj.weight,33,0,2359296,0
300,blocks.3.mlp.proj.weight,34,0,2359296,0
300,blocks.3.mlp.proj.weight,35,0,2359296,0
300,blocks.3.mlp.proj.weight,36,0,2359296,0
300,blocks.3.mlp.proj.weight,37,0,2359296,0
300,blocks.3.mlp.proj.weight,38,0,2359296,0
300,blocks.3.mlp.proj.weight,39,0,2359296,0
300,blocks.3.mlp.proj.weight,40,0,2359296,0
300,blocks.3.mlp.proj.weight,41,0,2359296,0
300,blocks.3.mlp.proj.weight,42,0,2359296,0
300,blocks.3.mlp.proj.weight,43,0,2359296,0
300,blocks.3.mlp.proj.weight,44,0,2359296,0
300,blocks.3.mlp.proj.weight,45,0,2359296,0
300,blocks.3.mlp.proj.weight,46,0,2359296,0
300,blocks.3.mlp.proj.weight,47,0,2359296,0
300,blocks.3.mlp.proj.weight,48,0,2359296,0
300,blocks.3.mlp.proj.weight,49,0,2359296,0
300,blocks.3.mlp.proj.weight,50,0,2359296,0
300,blocks.3.mlp.proj.weight,51,0,2359296,0
300,blocks.3.mlp.proj.weight,52,0,2359296,0
300,blocks.3.mlp.proj.weight,53,0,2359296,0
300,blocks.3.mlp.proj.weight,54,0,2359296,0
300,blocks.3.mlp.proj.weight,55,0,2359296,0
300,blocks.3.mlp.proj.weight,56,0,2359296,0
300,blocks.3.mlp.proj.weight,57,0,2359296,0
300,blocks.3.mlp.proj.weight,58,0,2359296,0
300,blocks.3.mlp.proj.weight,59,0,2359296,0
300,blocks.3.mlp.proj.weight,60,0,2359296,0
300,blocks.3.mlp.proj.weight,61,0,2359296,0
300,blocks.3.mlp.proj.weight,62,0,2359296,0
300,blocks.3.mlp.proj.weight,63,0,2359296,0
300,blocks.3.mlp.proj.weight,64,0,2359296,0
300,blocks.3.mlp.proj.weight,65,0,2359296,0
300,blocks.3.mlp.proj.weight,66,0,2359296,0
300,blocks.3.mlp.proj.weight,67,0,2359296,0
300,blocks.3.mlp.proj.weight,68,0,2359296,0
300,blocks.3.mlp.proj.weight,69,0,2359296,0
300,blocks.3.mlp.proj.weight,70,0,2359296,0
300,blocks.3.mlp.proj.weight,71,0,2359296,0
300,blocks.3.mlp.proj.weight,72,0,2359296,0
300,blocks.3.mlp.proj.weight,73,0,2359296,0
300,blocks.3.mlp.proj.weight,74,0,2359296,0
300,blocks.3.mlp.proj.weight,75,0,2359296,0
300,blocks.3.mlp.proj.weight,76,0,2359296,0
300,blocks.3.mlp.proj.weight,77,0,2359296,0
300,blocks.3.mlp.proj.weight,78,0,2359296,0
300,blocks.3.mlp.proj.weight,79,0,2359296,0
300,blocks.3.mlp.proj.weight,80,0,2359296,0
300,blocks.3.mlp.proj.weight,81,0,2359296,0
300,blocks.3.mlp.proj.weight,82,0,2359296,0
300,blocks.3.mlp.proj.weight,83,0,2359296,0
300,blocks.3.mlp.proj.weight,84,0,2359296,0
300,blocks.3.mlp.proj.weight,85,0,2359296,0
300,blocks.3.mlp.proj.weight,86,0,2359296,0
300,blocks.3.mlp.proj.weight,87,0,2359296,0
300,blocks.3.mlp.proj.weight,88,0,2359296,0
300,blocks.3.mlp.proj.weight,89,0,2359296,0
300,blocks.3.mlp.proj.weight,90,0,2359296,0
300,blocks.3.mlp.proj.weight,91,0,2359296,0
300,blocks.3.mlp.proj.weight,92,0,2359296,0
300,blocks.3.mlp.proj.weight,93,0,2359296,0
300,blocks.3.mlp.proj.weight,94,0,2359296,0
300,blocks.3.mlp.proj.weight,95,0,2359296,0
300,blocks.3.mlp.proj.weight,96,0,2359296,0
300,blocks.3.mlp.proj.weight,97,0,2359296,0
300,blocks.3.mlp.proj.weight,98,0,2359296,0
300,blocks.3.mlp.proj.weight,99,0,2359296,0
300,blocks.3.mlp.proj.weight,100,0,2359296,0
300,blocks.3.mlp.proj.weight,101,0,2359296,0
300,blocks.3.mlp.proj.weight,102,0,2359296,0
300,blocks.3.mlp.proj.weight,103,0,2359296,0
300,blocks.3.mlp.proj.weight,104,0,2359296,0
300,blocks.3.mlp.proj.weight,105,0,2359296,0
300,blocks.3.mlp.proj.weight,106,0,2359296,0
300,blocks.3.mlp.proj.weight,107,0,2359296,0
300,blocks.3.mlp.proj.weight,108,0,2359296,0
300,blocks.3.mlp.proj.weight,109,0,2359296,0
300,blocks.3.mlp.proj.weight,110,0,2359296,0
300,blocks.3.mlp.proj.weight,111,0,2359296,0
300,blocks.3.mlp.proj.weight,112,0,2359296,0
300,blocks.3.mlp.proj.weight,113,0,2359296,0
300,blocks.3.mlp.proj.weight,114,0,2359296,0
300,blocks.3.mlp.proj.weight,115,0,2359296,0
300,blocks.3.mlp.proj.weight,116,0,2359296,0
300,blocks.3.mlp.proj.weight,117,0,2359296,0
300,blocks.3.mlp.proj.weight,118,0,2359296,0
300,blocks.3.mlp.proj.weight,119,0,2359296,0
300,blocks.3.mlp.proj.weight,120,0,2359296,0
300,blocks.3.mlp.proj.weight,121,0,2359296,0
300,blocks.3.mlp.proj.weight,122,0,2359296,0
300,blocks.3.mlp.proj.weight,123,0,2359296,0
300,blocks.3.mlp.proj.weight,124,0,2359296,0
300,blocks.3.mlp.proj.weight,125,0,2359296,0
300,blocks.3.mlp.proj.weight,126,0,2359296,0
300,blocks.3.mlp.proj.weight,127,0,2359296,0
300,blocks.3.mlp.proj.weight,128,0,2359296,0
300,blocks.4.mlp.fc.weight,-127,0,2359296,0
300,blocks.4.mlp.fc.weight,-126,0,2359296,0
300,blocks.4.mlp.fc.weight,-125,0,2359296,0
300,blocks.4.mlp.fc.weight,-124,0,2359296,0
300,blocks.4.mlp.fc.weight,-123,0,2359296,0
300,blocks.4.mlp.fc.weight,-122,0,2359296,0
300,blocks.4.mlp.fc.weight,-121,0,2359296,0
300,blocks.4.mlp.fc.weight,-120,0,2359296,0
300,blocks.4.mlp.fc.weight,-119,0,2359296,0
300,blocks.4.mlp.fc.weight,-118,0,2359296,0
300,blocks.4.mlp.fc.weight,-117,0,2359296,0
300,blocks.4.mlp.fc.weight,-116,0,2359296,0
300,blocks.4.mlp.fc.weight,-115,0,2359296,0
300,blocks.4.mlp.fc.weight,-114,0,2359296,0
300,blocks.4.mlp.fc.weight,-113,0,2359296,0
300,blocks.4.mlp.fc.weight,-112,0,2359296,0
300,blocks.4.mlp.fc.weight,-111,0,2359296,0
300,blocks.4.mlp.fc.weight,-110,0,2359296,0
300,blocks.4.mlp.fc.weight,-109,0,2359296,0
300,blocks.4.mlp.fc.weight,-108,0,2359296,0
300,blocks.4.mlp.fc.weight,-107,0,2359296,0
300,blocks.4.mlp.fc.weight,-106,0,2359296,0
300,blocks.4.mlp.fc.weight,-105,0,2359296,0
300,blocks.4.mlp.fc.weight,-104,0,2359296,0
300,blocks.4.mlp.fc.weight,-103,0,2359296,0
300,blocks.4.mlp.fc.weight,-102,0,2359296,0
300,blocks.4.mlp.fc.weight,-101,0,2359296,0
300,blocks.4.mlp.fc.weight,-100,0,2359296,0
300,blocks.4.mlp.fc.weight,-99,0,2359296,0
300,blocks.4.mlp.fc.weight,-98,0,2359296,0
300,blocks.4.mlp.fc.weight,-97,0,2359296,0
300,blocks.4.mlp.fc.weight,-96,0,2359296,0
300,blocks.4.mlp.fc.weight,-95,0,2359296,0
300,blocks.4.mlp.fc.weight,-94,0,2359296,0
300,blocks.4.mlp.fc.weight,-93,0,2359296,0
300,blocks.4.mlp.fc.weight,-92,0,2359296,0
300,blocks.4.mlp.fc.weight,-91,0,2359296,0
300,blocks.4.mlp.fc.weight,-90,0,2359296,0
300,blocks.4.mlp.fc.weight,-89,0,2359296,0
300,blocks.4.mlp.fc.weight,-88,0,2359296,0
300,blocks.4.mlp.fc.weight,-87,0,2359296,0
300,blocks.4.mlp.fc.weight,-86,0,2359296,0
300,blocks.4.mlp.fc.weight,-85,0,2359296,0
300,blocks.4.mlp.fc.weight,-84,0,2359296,0
300,blocks.4.mlp.fc.weight,-83,0,2359296,0
300,blocks.4.mlp.fc.weight,-82,0,2359296,0
300,blocks.4.mlp.fc.weight,-81,0,2359296,0
300,blocks.4.mlp.fc.weight,-80,0,2359296,0
300,blocks.4.mlp.fc.weight,-79,0,2359296,0
300,blocks.4.mlp.fc.weight,-78,0,2359296,0
300,blocks.4.mlp.fc.weight,-77,0,2359296,0
300,blocks.4.mlp.fc.weight,-76,0,2359296,0
300,blocks.4.mlp.fc.weight,-75,0,2359296,0
300,blocks.4.mlp.fc.weight,-74,0,2359296,0
300,blocks.4.mlp.fc.weight,-73,0,2359296,0
300,blocks.4.mlp.fc.weight,-72,0,2359296,0
300,blocks.4.mlp.fc.weight,-71,0,2359296,0
300,blocks.4.mlp.fc.weight,-70,0,2359296,0
300,blocks.4.mlp.fc.weight,-69,0,2359296,0
300,blocks.4.mlp.fc.weight,-68,0,2359296,0
300,blocks.4.mlp.fc.weight,-67,0,2359296,0
300,blocks.4.mlp.fc.weight,-66,0,2359296,0
300,blocks.4.mlp.fc.weight,-65,0,2359296,0
300,blocks.4.mlp.fc.weight,-64,0,2359296,0
300,blocks.4.mlp.fc.weight,-63,0,2359296,0
300,blocks.4.mlp.fc.weight,-62,0,2359296,0
300,blocks.4.mlp.fc.weight,-61,0,2359296,0
300,blocks.4.mlp.fc.weight,-60,0,2359296,0
300,blocks.4.mlp.fc.weight,-59,0,2359296,0
300,blocks.4.mlp.fc.weight,-58,0,2359296,0
300,blocks.4.mlp.fc.weight,-57,0,2359296,0
300,blocks.4.mlp.fc.weight,-56,0,2359296,0
300,blocks.4.mlp.fc.weight,-55,0,2359296,0
300,blocks.4.mlp.fc.weight,-54,0,2359296,0
300,blocks.4.mlp.fc.weight,-53,0,2359296,0
300,blocks.4.mlp.fc.weight,-52,0,2359296,0
300,blocks.4.mlp.fc.weight,-51,0,2359296,0
300,blocks.4.mlp.fc.weight,-50,0,2359296,0
300,blocks.4.mlp.fc.weight,-49,0,2359296,0
300,blocks.4.mlp.fc.weight,-48,0,2359296,0
300,blocks.4.mlp.fc.weight,-47,0,2359296,0
300,blocks.4.mlp.fc.weight,-46,0,2359296,0
300,blocks.4.mlp.fc.weight,-45,0,2359296,0
300,blocks.4.mlp.fc.weight,-44,0,2359296,0
300,blocks.4.mlp.fc.weight,-43,0,2359296,0
300,blocks.4.mlp.fc.weight,-42,0,2359296,0
300,blocks.4.mlp.fc.weight,-41,0,2359296,0
300,blocks.4.mlp.fc.weight,-40,0,2359296,0
300,blocks.4.mlp.fc.weight,-39,0,2359296,0
300,blocks.4.mlp.fc.weight,-38,0,2359296,0
300,blocks.4.mlp.fc.weight,-37,0,2359296,0
300,blocks.4.mlp.fc.weight,-36,0,2359296,0
300,blocks.4.mlp.fc.weight,-35,1,2359296,0
300,blocks.4.mlp.fc.weight,-34,5,2359296,0
300,blocks.4.mlp.fc.weight,-33,10,2359296,0
300,blocks.4.mlp.fc.weight,-32,14,2359296,0
300,blocks.4.mlp.fc.weight,-31,23,2359296,0
300,blocks.4.mlp.fc.weight,-30,35,2359296,0
300,blocks.4.mlp.fc.weight,-29,37,2359296,0
300,blocks.4.mlp.fc.weight,-28,9,2359296,0
300,blocks.4.mlp.fc.weight,-27,4,2359296,0
300,blocks.4.mlp.fc.weight,-26,0,2359296,0
300,blocks.4.mlp.fc.weight,-25,0,2359296,0
300,blocks.4.mlp.fc.weight,-24,0,2359296,0
300,blocks.4.mlp.fc.weight,-23,1,2359296,0
300,blocks.4.mlp.fc.weight,-22,0,2359296,0
300,blocks.4.mlp.fc.weight,-21,1,2359296,0
300,blocks.4.mlp.fc.weight,-20,9,2359296,0
300,blocks.4.mlp.fc.weight,-19,21,2359296,0
300,blocks.4.mlp.fc.weight,-18,58,2359296,0
300,blocks.4.mlp.fc.weight,-17,167,2359296,0
300,blocks.4.mlp.fc.weight,-16,366,2359296,0
300,blocks.4.mlp.fc.weight,-15,776,2359296,0
300,blocks.4.mlp.fc.weight,-14,1473,2359296,0
300,blocks.4.mlp.fc.weight,-13,3195,2359296,0
300,blocks.4.mlp.fc.weight,-12,6245,2359296,0
300,blocks.4.mlp.fc.weight,-11,12581,2359296,0
300,blocks.4.mlp.fc.weight,-10,24849,2359296,0
300,blocks.4.mlp.fc.weight,-9,48906,2359296,0
300,blocks.4.mlp.fc.weight,-8,93538,2359296,0
300,blocks.4.mlp.fc.weight,-7,171174,2359296,0
300,blocks.4.mlp.fc.weight,-6,282992,2359296,0
300,blocks.4.mlp.fc.weight,-5,422569,2359296,0
300,blocks.4.mlp.fc.weight,-4,544859,2359296,0
300,blocks.4.mlp.fc.weight,-3,495537,2359296,0
300,blocks.4.mlp.fc.weight,-2,213682,2359296,0
300,blocks.4.mlp.fc.weight,-1,34010,2359296,0
300,blocks.4.mlp.fc.weight,0,2113,2359296,0
300,blocks.4.mlp.fc.weight,1,36,2359296,0
300,blocks.4.mlp.fc.weight,2,0,2359296,0
300,blocks.4.mlp.fc.weight,3,0,2359296,0
300,blocks.4.mlp.fc.weight,4,0,2359296,0
300,blocks.4.mlp.fc.weight,5,0,2359296,0
300,blocks.4.mlp.fc.weight,6,0,2359296,0
300,blocks.4.mlp.fc.weight,7,0,2359296,0
300,blocks.4.mlp.fc.weight,8,0,2359296,0
300,blocks.4.mlp.fc.weight,9,0,2359296,0
300,blocks.4.mlp.fc.weight,10,0,2359296,0
300,blocks.4.mlp.fc.weight,11,0,2359296,0
300,blocks.4.mlp.fc.weight,12,0,2359296,0
300,blocks.4.mlp.fc.weight,13,0,2359296,0
300,blocks.4.mlp.fc.weight,14,0,2359296,0
300,blocks.4.mlp.fc.weight,15,0,2359296,0
300,blocks.4.mlp.fc.weight,16,0,2359296,0
300,blocks.4.mlp.fc.weight,17,0,2359296,0
300,blocks.4.mlp.fc.weight,18,0,2359296,0
300,blocks.4.mlp.fc.weight,19,0,2359296,0
300,blocks.4.mlp.fc.weight,20,0,2359296,0
300,blocks.4.mlp.fc.weight,21,0,2359296,0
300,blocks.4.mlp.fc.weight,22,0,2359296,0
300,blocks.4.mlp.fc.weight,23,0,2359296,0
300,blocks.4.mlp.fc.weight,24,0,2359296,0
300,blocks.4.mlp.fc.weight,25,0,2359296,0
300,blocks.4.mlp.fc.weight,26,0,2359296,0
300,blocks.4.mlp.fc.weight,27,0,2359296,0
300,blocks.4.mlp.fc.weight,28,0,2359296,0
300,blocks.4.mlp.fc.weight,29,0,2359296,0
300,blocks.4.mlp.fc.weight,30,0,2359296,0
300,blocks.4.mlp.fc.weight,31,0,2359296,0
300,blocks.4.mlp.fc.weight,32,0,2359296,0
300,blocks.4.mlp.fc.weight,33,0,2359296,0
300,blocks.4.mlp.fc.weight,34,0,2359296,0
300,blocks.4.mlp.fc.weight,35,0,2359296,0
300,blocks.4.mlp.fc.weight,36,0,2359296,0
300,blocks.4.mlp.fc.weight,37,0,2359296,0
300,blocks.4.mlp.fc.weight,38,0,2359296,0
300,blocks.4.mlp.fc.weight,39,0,2359296,0
300,blocks.4.mlp.fc.weight,40,0,2359296,0
300,blocks.4.mlp.fc.weight,41,0,2359296,0
300,blocks.4.mlp.fc.weight,42,0,2359296,0
300,blocks.4.mlp.fc.weight,43,0,2359296,0
300,blocks.4.mlp.fc.weight,44,0,2359296,0
300,blocks.4.mlp.fc.weight,45,0,2359296,0
300,blocks.4.mlp.fc.weight,46,0,2359296,0
300,blocks.4.mlp.fc.weight,47,0,2359296,0
300,blocks.4.mlp.fc.weight,48,0,2359296,0
300,blocks.4.mlp.fc.weight,49,0,2359296,0
300,blocks.4.mlp.fc.weight,50,0,2359296,0
300,blocks.4.mlp.fc.weight,51,0,2359296,0
300,blocks.4.mlp.fc.weight,52,0,2359296,0
300,blocks.4.mlp.fc.weight,53,0,2359296,0
300,blocks.4.mlp.fc.weight,54,0,2359296,0
300,blocks.4.mlp.fc.weight,55,0,2359296,0
300,blocks.4.mlp.fc.weight,56,0,2359296,0
300,blocks.4.mlp.fc.weight,57,0,2359296,0
300,blocks.4.mlp.fc.weight,58,0,2359296,0
300,blocks.4.mlp.fc.weight,59,0,2359296,0
300,blocks.4.mlp.fc.weight,60,0,2359296,0
300,blocks.4.mlp.fc.weight,61,0,2359296,0
300,blocks.4.mlp.fc.weight,62,0,2359296,0
300,blocks.4.mlp.fc.weight,63,0,2359296,0
300,blocks.4.mlp.fc.weight,64,0,2359296,0
300,blocks.4.mlp.fc.weight,65,0,2359296,0
300,blocks.4.mlp.fc.weight,66,0,2359296,0
300,blocks.4.mlp.fc.weight,67,0,2359296,0
300,blocks.4.mlp.fc.weight,68,0,2359296,0
300,blocks.4.mlp.fc.weight,69,0,2359296,0
300,blocks.4.mlp.fc.weight,70,0,2359296,0
300,blocks.4.mlp.fc.weight,71,0,2359296,0
300,blocks.4.mlp.fc.weight,72,0,2359296,0
300,blocks.4.mlp.fc.weight,73,0,2359296,0
300,blocks.4.mlp.fc.weight,74,0,2359296,0
300,blocks.4.mlp.fc.weight,75,0,2359296,0
300,blocks.4.mlp.fc.weight,76,0,2359296,0
300,blocks.4.mlp.fc.weight,77,0,2359296,0
300,blocks.4.mlp.fc.weight,78,0,2359296,0
300,blocks.4.mlp.fc.weight,79,0,2359296,0
300,blocks.4.mlp.fc.weight,80,0,2359296,0
300,blocks.4.mlp.fc.weight,81,0,2359296,0
300,blocks.4.mlp.fc.weight,82,0,2359296,0
300,blocks.4.mlp.fc.weight,83,0,2359296,0
300,blocks.4.mlp.fc.weight,84,0,2359296,0
300,blocks.4.mlp.fc.weight,85,0,2359296,0
300,blocks.4.mlp.fc.weight,86,0,2359296,0
300,blocks.4.mlp.fc.weight,87,0,2359296,0
300,blocks.4.mlp.fc.weight,88,0,2359296,0
300,blocks.4.mlp.fc.weight,89,0,2359296,0
300,blocks.4.mlp.fc.weight,90,0,2359296,0
300,blocks.4.mlp.fc.weight,91,0,2359296,0
300,blocks.4.mlp.fc.weight,92,0,2359296,0
300,blocks.4.mlp.fc.weight,93,0,2359296,0
300,blocks.4.mlp.fc.weight,94,0,2359296,0
300,blocks.4.mlp.fc.weight,95,0,2359296,0
300,blocks.4.mlp.fc.weight,96,0,2359296,0
300,blocks.4.mlp.fc.weight,97,0,2359296,0
300,blocks.4.mlp.fc.weight,98,0,2359296,0
300,blocks.4.mlp.fc.weight,99,0,2359296,0
300,blocks.4.mlp.fc.weight,100,0,2359296,0
300,blocks.4.mlp.fc.weight,101,0,2359296,0
300,blocks.4.mlp.fc.weight,102,0,2359296,0
300,blocks.4.mlp.fc.weight,103,0,2359296,0
300,blocks.4.mlp.fc.weight,104,0,2359296,0
300,blocks.4.mlp.fc.weight,105,0,2359296,0
300,blocks.4.mlp.fc.weight,106,0,2359296,0
300,blocks.4.mlp.fc.weight,107,0,2359296,0
300,blocks.4.mlp.fc.weight,108,0,2359296,0
300,blocks.4.mlp.fc.weight,109,0,2359296,0
300,blocks.4.mlp.fc.weight,110,0,2359296,0
300,blocks.4.mlp.fc.weight,111,0,2359296,0
300,blocks.4.mlp.fc.weight,112,0,2359296,0
300,blocks.4.mlp.fc.weight,113,0,2359296,0
300,blocks.4.mlp.fc.weight,114,0,2359296,0
300,blocks.4.mlp.fc.weight,115,0,2359296,0
300,blocks.4.mlp.fc.weight,116,0,2359296,0
300,blocks.4.mlp.fc.weight,117,0,2359296,0
300,blocks.4.mlp.fc.weight,118,0,2359296,0
300,blocks.4.mlp.fc.weight,119,0,2359296,0
300,blocks.4.mlp.fc.weight,120,0,2359296,0
300,blocks.4.mlp.fc.weight,121,0,2359296,0
300,blocks.4.mlp.fc.weight,122,0,2359296,0
300,blocks.4.mlp.fc.weight,123,0,2359296,0
300,blocks.4.mlp.fc.weight,124,0,2359296,0
300,blocks.4.mlp.fc.weight,125,0,2359296,0
300,blocks.4.mlp.fc.weight,126,0,2359296,0
300,blocks.4.mlp.fc.weight,127,0,2359296,0
300,blocks.4.mlp.fc.weight,128,0,2359296,0
300,blocks.4.mlp.proj.weight,-127,0,2359296,0
300,blocks.4.mlp.proj.weight,-126,0,2359296,0
300,blocks.4.mlp.proj.weight,-125,0,2359296,0
300,blocks.4.mlp.proj.weight,-124,0,2359296,0
300,blocks.4.mlp.proj.weight,-123,0,2359296,0
300,blocks.4.mlp.proj.weight,-122,0,2359296,0
300,blocks.4.mlp.proj.weight,-121,0,2359296,0
300,blocks.4.mlp.proj.weight,-120,0,2359296,0
300,blocks.4.mlp.proj.weight,-119,0,2359296,0
300,blocks.4.mlp.proj.weight,-118,0,2359296,0
300,blocks.4.mlp.proj.weight,-117,0,2359296,0
300,blocks.4.mlp.proj.weight,-116,0,2359296,0
300,blocks.4.mlp.proj.weight,-115,0,2359296,0
300,blocks.4.mlp.proj.weight,-114,0,2359296,0
300,blocks.4.mlp.proj.weight,-113,0,2359296,0
300,blocks.4.mlp.proj.weight,-112,0,2359296,0
300,blocks.4.mlp.proj.weight,-111,0,2359296,0
300,blocks.4.mlp.proj.weight,-110,0,2359296,0
300,blocks.4.mlp.proj.weight,-109,0,2359296,0
300,blocks.4.mlp.proj.weight,-108,0,2359296,0
300,blocks.4.mlp.proj.weight,-107,0,2359296,0
300,blocks.4.mlp.proj.weight,-106,0,2359296,0
300,blocks.4.mlp.proj.weight,-105,0,2359296,0
300,blocks.4.mlp.proj.weight,-104,0,2359296,0
300,blocks.4.mlp.proj.weight,-103,0,2359296,0
300,blocks.4.mlp.proj.weight,-102,0,2359296,0
300,blocks.4.mlp.proj.weight,-101,0,2359296,0
300,blocks.4.mlp.proj.weight,-100,0,2359296,0
300,blocks.4.mlp.proj.weight,-99,0,2359296,0
300,blocks.4.mlp.proj.weight,-98,0,2359296,0
300,blocks.4.mlp.proj.weight,-97,0,2359296,0
300,blocks.4.mlp.proj.weight,-96,0,2359296,0
300,blocks.4.mlp.proj.weight,-95,0,2359296,0
300,blocks.4.mlp.proj.weight,-94,0,2359296,0
300,blocks.4.mlp.proj.weight,-93,0,2359296,0
300,blocks.4.mlp.proj.weight,-92,0,2359296,0
300,blocks.4.mlp.proj.weight,-91,0,2359296,0
300,blocks.4.mlp.proj.weight,-90,0,2359296,0
300,blocks.4.mlp.proj.weight,-89,0,2359296,0
300,blocks.4.mlp.proj.weight,-88,0,2359296,0
300,blocks.4.mlp.proj.weight,-87,0,2359296,0
300,blocks.4.mlp.proj.weight,-86,0,2359296,0
300,blocks.4.mlp.proj.weight,-85,0,2359296,0
300,blocks.4.mlp.proj.weight,-84,0,2359296,0
300,blocks.4.mlp.proj.weight,-83,0,2359296,0
300,blocks.4.mlp.proj.weight,-82,0,2359296,0
300,blocks.4.mlp.proj.weight,-81,0,2359296,0
300,blocks.4.mlp.proj.weight,-80,0,2359296,0
300,blocks.4.mlp.proj.weight,-79,0,2359296,0
300,blocks.4.mlp.proj.weight,-78,0,2359296,0
300,blocks.4.mlp.proj.weight,-77,0,2359296,0
300,blocks.4.mlp.proj.weight,-76,0,2359296,0
300,blocks.4.mlp.proj.weight,-75,0,2359296,0
300,blocks.4.mlp.proj.weight,-74,0,2359296,0
300,blocks.4.mlp.proj.weight,-73,0,2359296,0
300,blocks.4.mlp.proj.weight,-72,0,2359296,0
300,blocks.4.mlp.proj.weight,-71,0,2359296,0
300,blocks.4.mlp.proj.weight,-70,0,2359296,0
300,blocks.4.mlp.proj.weight,-69,0,2359296,0
300,blocks.4.mlp.proj.weight,-68,0,2359296,0
300,blocks.4.mlp.proj.weight,-67,0,2359296,0
300,blocks.4.mlp.proj.weight,-66,0,2359296,0
300,blocks.4.mlp.proj.weight,-65,0,2359296,0
300,blocks.4.mlp.proj.weight,-64,0,2359296,0
300,blocks.4.mlp.proj.weight,-63,0,2359296,0
300,blocks.4.mlp.proj.weight,-62,0,2359296,0
300,blocks.4.mlp.proj.weight,-61,0,2359296,0
300,blocks.4.mlp.proj.weight,-60,0,2359296,0
300,blocks.4.mlp.proj.weight,-59,0,2359296,0
300,blocks.4.mlp.proj.weight,-58,0,2359296,0
300,blocks.4.mlp.proj.weight,-57,0,2359296,0
300,blocks.4.mlp.proj.weight,-56,0,2359296,0
300,blocks.4.mlp.proj.weight,-55,0,2359296,0
300,blocks.4.mlp.proj.weight,-54,0,2359296,0
300,blocks.4.mlp.proj.weight,-53,0,2359296,0
300,blocks.4.mlp.proj.weight,-52,0,2359296,0
300,blocks.4.mlp.proj.weight,-51,0,2359296,0
300,blocks.4.mlp.proj.weight,-50,0,2359296,0
300,blocks.4.mlp.proj.weight,-49,0,2359296,0
300,blocks.4.mlp.proj.weight,-48,0,2359296,0
300,blocks.4.mlp.proj.weight,-47,0,2359296,0
300,blocks.4.mlp.proj.weight,-46,0,2359296,0
300,blocks.4.mlp.proj.weight,-45,0,2359296,0
300,blocks.4.mlp.proj.weight,-44,0,2359296,0
300,blocks.4.mlp.proj.weight,-43,0,2359296,0
300,blocks.4.mlp.proj.weight,-42,0,2359296,0
300,blocks.4.mlp.proj.weight,-41,0,2359296,0
300,blocks.4.mlp.proj.weight,-40,0,2359296,0
300,blocks.4.mlp.proj.weight,-39,0,2359296,0
300,blocks.4.mlp.proj.weight,-38,0,2359296,0
300,blocks.4.mlp.proj.weight,-37,0,2359296,0
300,blocks.4.mlp.proj.weight,-36,0,2359296,0
300,blocks.4.mlp.proj.weight,-35,1,2359296,0
300,blocks.4.mlp.proj.weight,-34,0,2359296,0
300,blocks.4.mlp.proj.weight,-33,2,2359296,0
300,blocks.4.mlp.proj.weight,-32,5,2359296,0
300,blocks.4.mlp.proj.weight,-31,14,2359296,0
300,blocks.4.mlp.proj.weight,-30,40,2359296,0
300,blocks.4.mlp.proj.weight,-29,54,2359296,0
300,blocks.4.mlp.proj.weight,-28,28,2359296,0
300,blocks.4.mlp.proj.weight,-27,4,2359296,0
300,blocks.4.mlp.proj.weight,-26,0,2359296,0
300,blocks.4.mlp.proj.weight,-25,0,2359296,0
300,blocks.4.mlp.proj.weight,-24,0,2359296,0
300,blocks.4.mlp.proj.weight,-23,0,2359296,0
300,blocks.4.mlp.proj.weight,-22,1,2359296,0
300,blocks.4.mlp.proj.weight,-21,0,2359296,0
300,blocks.4.mlp.proj.weight,-20,5,2359296,0
300,blocks.4.mlp.proj.weight,-19,5,2359296,0
300,blocks.4.mlp.proj.weight,-18,31,2359296,0
300,blocks.4.mlp.proj.weight,-17,92,2359296,0
300,blocks.4.mlp.proj.weight,-16,220,2359296,0
300,blocks.4.mlp.proj.weight,-15,518,2359296,0
300,blocks.4.mlp.proj.weight,-14,1060,2359296,0
300,blocks.4.mlp.proj.weight,-13,2042,2359296,0
300,blocks.4.mlp.proj.weight,-12,4180,2359296,0
300,blocks.4.mlp.proj.weight,-11,8259,2359296,0
300,blocks.4.mlp.proj.weight,-10,16716,2359296,0
300,blocks.4.mlp.proj.weight,-9,33085,2359296,0
300,blocks.4.mlp.proj.weight,-8,64793,2359296,0
300,blocks.4.mlp.proj.weight,-7,120518,2359296,0
300,blocks.4.mlp.proj.weight,-6,216211,2359296,0
300,blocks.4.mlp.proj.weight,-5,359005,2359296,0
300,blocks.4.mlp.proj.weight,-4,523087,2359296,0
300,blocks.4.mlp.proj.weight,-3,600100,2359296,0
300,blocks.4.mlp.proj.weight,-2,353579,2359296,0
300,blocks.4.mlp.proj.weight,-1,53722,2359296,0
300,blocks.4.mlp.proj.weight,0,1650,2359296,0
300,blocks.4.mlp.proj.weight,1,229,2359296,0
300,blocks.4.mlp.proj.weight,2,39,2359296,0
300,blocks.4.mlp.proj.weight,3,1,2359296,0
300,blocks.4.mlp.proj.weight,4,0,2359296,0
300,blocks.4.mlp.proj.weight,5,0,2359296,0
300,blocks.4.mlp.proj.weight,6,0,2359296,0
300,blocks.4.mlp.proj.weight,7,0,2359296,0
300,blocks.4.mlp.proj.weight,8,0,2359296,0
300,blocks.4.mlp.proj.weight,9,0,2359296,0
300,blocks.4.mlp.proj.weight,10,0,2359296,0
300,blocks.4.mlp.proj.weight,11,0,2359296,0
300,blocks.4.mlp.proj.weight,12,0,2359296,0
300,blocks.4.mlp.proj.weight,13,0,2359296,0
300,blocks.4.mlp.proj.weight,14,0,2359296,0
300,blocks.4.mlp.proj.weight,15,0,2359296,0
300,blocks.4.mlp.proj.weight,16,0,2359296,0
300,blocks.4.mlp.proj.weight,17,0,2359296,0
300,blocks.4.mlp.proj.weight,18,0,2359296,0
300,blocks.4.mlp.proj.weight,19,0,2359296,0
300,blocks.4.mlp.proj.weight,20,0,2359296,0
300,blocks.4.mlp.proj.weight,21,0,2359296,0
300,blocks.4.mlp.proj.weight,22,0,2359296,0
300,blocks.4.mlp.proj.weight,23,0,2359296,0
300,blocks.4.mlp.proj.weight,24,0,2359296,0
300,blocks.4.mlp.proj.weight,25,0,2359296,0
300,blocks.4.mlp.proj.weight,26,0,2359296,0
300,blocks.4.mlp.proj.weight,27,0,2359296,0
300,blocks.4.mlp.proj.weight,28,0,2359296,0
300,blocks.4.mlp.proj.weight,29,0,2359296,0
300,blocks.4.mlp.proj.weight,30,0,2359296,0
300,blocks.4.mlp.proj.weight,31,0,2359296,0
300,blocks.4.mlp.proj.weight,32,0,2359296,0
300,blocks.4.mlp.proj.weight,33,0,2359296,0
300,blocks.4.mlp.proj.weight,34,0,2359296,0
300,blocks.4.mlp.proj.weight,35,0,2359296,0
300,blocks.4.mlp.proj.weight,36,0,2359296,0
300,blocks.4.mlp.proj.weight,37,0,2359296,0
300,blocks.4.mlp.proj.weight,38,0,2359296,0
300,blocks.4.mlp.proj.weight,39,0,2359296,0
300,blocks.4.mlp.proj.weight,40,0,2359296,0
300,blocks.4.mlp.proj.weight,41,0,2359296,0
300,blocks.4.mlp.proj.weight,42,0,2359296,0
300,blocks.4.mlp.proj.weight,43,0,2359296,0
300,blocks.4.mlp.proj.weight,44,0,2359296,0
300,blocks.4.mlp.proj.weight,45,0,2359296,0
300,blocks.4.mlp.proj.weight,46,0,2359296,0
300,blocks.4.mlp.proj.weight,47,0,2359296,0
300,blocks.4.mlp.proj.weight,48,0,2359296,0
300,blocks.4.mlp.proj.weight,49,0,2359296,0
300,blocks.4.mlp.proj.weight,50,0,2359296,0
300,blocks.4.mlp.proj.weight,51,0,2359296,0
300,blocks.4.mlp.proj.weight,52,0,2359296,0
300,blocks.4.mlp.proj.weight,53,0,2359296,0
300,blocks.4.mlp.proj.weight,54,0,2359296,0
300,blocks.4.mlp.proj.weight,55,0,2359296,0
300,blocks.4.mlp.proj.weight,56,0,2359296,0
300,blocks.4.mlp.proj.weight,57,0,2359296,0
300,blocks.4.mlp.proj.weight,58,0,2359296,0
300,blocks.4.mlp.proj.weight,59,0,2359296,0
300,blocks.4.mlp.proj.weight,60,0,2359296,0
300,blocks.4.mlp.proj.weight,61,0,2359296,0
300,blocks.4.mlp.proj.weight,62,0,2359296,0
300,blocks.4.mlp.proj.weight,63,0,2359296,0
300,blocks.4.mlp.proj.weight,64,0,2359296,0
300,blocks.4.mlp.proj.weight,65,0,2359296,0
300,blocks.4.mlp.proj.weight,66,0,2359296,0
300,blocks.4.mlp.proj.weight,67,0,2359296,0
300,blocks.4.mlp.proj.weight,68,0,2359296,0
300,blocks.4.mlp.proj.weight,69,0,2359296,0
300,blocks.4.mlp.proj.weight,70,0,2359296,0
300,blocks.4.mlp.proj.weight,71,0,2359296,0
300,blocks.4.mlp.proj.weight,72,0,2359296,0
300,blocks.4.mlp.proj.weight,73,0,2359296,0
300,blocks.4.mlp.proj.weight,74,0,2359296,0
300,blocks.4.mlp.proj.weight,75,0,2359296,0
300,blocks.4.mlp.proj.weight,76,0,2359296,0
300,blocks.4.mlp.proj.weight,77,0,2359296,0
300,blocks.4.mlp.proj.weight,78,0,2359296,0
300,blocks.4.mlp.proj.weight,79,0,2359296,0
300,blocks.4.mlp.proj.weight,80,0,2359296,0
300,blocks.4.mlp.proj.weight,81,0,2359296,0
300,blocks.4.mlp.proj.weight,82,0,2359296,0
300,blocks.4.mlp.proj.weight,83,0,2359296,0
300,blocks.4.mlp.proj.weight,84,0,2359296,0
300,blocks.4.mlp.proj.weight,85,0,2359296,0
300,blocks.4.mlp.proj.weight,86,0,2359296,0
300,blocks.4.mlp.proj.weight,87,0,2359296,0
300,blocks.4.mlp.proj.weight,88,0,2359296,0
300,blocks.4.mlp.proj.weight,89,0,2359296,0
300,blocks.4.mlp.proj.weight,90,0,2359296,0
300,blocks.4.mlp.proj.weight,91,0,2359296,0
300,blocks.4.mlp.proj.weight,92,0,2359296,0
300,blocks.4.mlp.proj.weight,93,0,2359296,0
300,blocks.4.mlp.proj.weight,94,0,2359296,0
300,blocks.4.mlp.proj.weight,95,0,2359296,0
300,blocks.4.mlp.proj.weight,96,0,2359296,0
300,blocks.4.mlp.proj.weight,97,0,2359296,0
300,blocks.4.mlp.proj.weight,98,0,2359296,0
300,blocks.4.mlp.proj.weight,99,0,2359296,0
300,blocks.4.mlp.proj.weight,100,0,2359296,0
300,blocks.4.mlp.proj.weight,101,0,2359296,0
300,blocks.4.mlp.proj.weight,102,0,2359296,0
300,blocks.4.mlp.proj.weight,103,0,2359296,0
300,blocks.4.mlp.proj.weight,104,0,2359296,0
300,blocks.4.mlp.proj.weight,105,0,2359296,0
300,blocks.4.mlp.proj.weight,106,0,2359296,0
300,blocks.4.mlp.proj.weight,107,0,2359296,0
300,blocks.4.mlp.proj.weight,108,0,2359296,0
300,blocks.4.mlp.proj.weight,109,0,2359296,0
300,blocks.4.mlp.proj.weight,110,0,2359296,0
300,blocks.4.mlp.proj.weight,111,0,2359296,0
300,blocks.4.mlp.proj.weight,112,0,2359296,0
300,blocks.4.mlp.proj.weight,113,0,2359296,0
300,blocks.4.mlp.proj.weight,114,0,2359296,0
300,blocks.4.mlp.proj.weight,115,0,2359296,0
300,blocks.4.mlp.proj.weight,116,0,2359296,0
300,blocks.4.mlp.proj.weight,117,0,2359296,0
300,blocks.4.mlp.proj.weight,118,0,2359296,0
300,blocks.4.mlp.proj.weight,119,0,2359296,0
300,blocks.4.mlp.proj.weight,120,0,2359296,0
300,blocks.4.mlp.proj.weight,121,0,2359296,0
300,blocks.4.mlp.proj.weight,122,0,2359296,0
300,blocks.4.mlp.proj.weight,123,0,2359296,0
300,blocks.4.mlp.proj.weight,124,0,2359296,0
300,blocks.4.mlp.proj.weight,125,0,2359296,0
300,blocks.4.mlp.proj.weight,126,0,2359296,0
300,blocks.4.mlp.proj.weight,127,0,2359296,0
300,blocks.4.mlp.proj.weight,128,0,2359296,0
300,blocks.5.mlp.fc.weight,-127,0,2359296,0
300,blocks.5.mlp.fc.weight,-126,0,2359296,0
300,blocks.5.mlp.fc.weight,-125,0,2359296,0
300,blocks.5.mlp.fc.weight,-124,0,2359296,0
300,blocks.5.mlp.fc.weight,-123,0,2359296,0
300,blocks.5.mlp.fc.weight,-122,0,2359296,0
300,blocks.5.mlp.fc.weight,-121,0,2359296,0
300,blocks.5.mlp.fc.weight,-120,0,2359296,0
300,blocks.5.mlp.fc.weight,-119,0,2359296,0
300,blocks.5.mlp.fc.weight,-118,0,2359296,0
300,blocks.5.mlp.fc.weight,-117,0,2359296,0
300,blocks.5.mlp.fc.weight,-116,0,2359296,0
300,blocks.5.mlp.fc.weight,-115,0,2359296,0
300,blocks.5.mlp.fc.weight,-114,0,2359296,0
300,blocks.5.mlp.fc.weight,-113,0,2359296,0
300,blocks.5.mlp.fc.weight,-112,0,2359296,0
300,blocks.5.mlp.fc.weight,-111,0,2359296,0
300,blocks.5.mlp.fc.weight,-110,0,2359296,0
300,blocks.5.mlp.fc.weight,-109,0,2359296,0
300,blocks.5.mlp.fc.weight,-108,0,2359296,0
300,blocks.5.mlp.fc.weight,-107,0,2359296,0
300,blocks.5.mlp.fc.weight,-106,0,2359296,0
300,blocks.5.mlp.fc.weight,-105,0,2359296,0
300,blocks.5.mlp.fc.weight,-104,0,2359296,0
300,blocks.5.mlp.fc.weight,-103,0,2359296,0
300,blocks.5.mlp.fc.weight,-102,0,2359296,0
300,blocks.5.mlp.fc.weight,-101,0,2359296,0
300,blocks.5.mlp.fc.weight,-100,0,2359296,0
300,blocks.5.mlp.fc.weight,-99,0,2359296,0
300,blocks.5.mlp.fc.weight,-98,0,2359296,0
300,blocks.5.mlp.fc.weight,-97,0,2359296,0
300,blocks.5.mlp.fc.weight,-96,0,2359296,0
300,blocks.5.mlp.fc.weight,-95,0,2359296,0
300,blocks.5.mlp.fc.weight,-94,0,2359296,0
300,blocks.5.mlp.fc.weight,-93,0,2359296,0
300,blocks.5.mlp.fc.weight,-92,0,2359296,0
300,blocks.5.mlp.fc.weight,-91,0,2359296,0
300,blocks.5.mlp.fc.weight,-90,0,2359296,0
300,blocks.5.mlp.fc.weight,-89,0,2359296,0
300,blocks.5.mlp.fc.weight,-88,0,2359296,0
300,blocks.5.mlp.fc.weight,-87,0,2359296,0
300,blocks.5.mlp.fc.weight,-86,0,2359296,0
300,blocks.5.mlp.fc.weight,-85,0,2359296,0
300,blocks.5.mlp.fc.weight,-84,0,2359296,0
300,blocks.5.mlp.fc.weight,-83,0,2359296,0
300,blocks.5.mlp.fc.weight,-82,0,2359296,0
300,blocks.5.mlp.fc.weight,-81,0,2359296,0
300,blocks.5.mlp.fc.weight,-80,0,2359296,0
300,blocks.5.mlp.fc.weight,-79,0,2359296,0
300,blocks.5.mlp.fc.weight,-78,0,2359296,0
300,blocks.5.mlp.fc.weight,-77,0,2359296,0
300,blocks.5.mlp.fc.weight,-76,0,2359296,0
300,blocks.5.mlp.fc.weight,-75,0,2359296,0
300,blocks.5.mlp.fc.weight,-74,0,2359296,0
300,blocks.5.mlp.fc.weight,-73,0,2359296,0
300,blocks.5.mlp.fc.weight,-72,0,2359296,0
300,blocks.5.mlp.fc.weight,-71,0,2359296,0
300,blocks.5.mlp.fc.weight,-70,0,2359296,0
300,blocks.5.mlp.fc.weight,-69,0,2359296,0
300,blocks.5.mlp.fc.weight,-68,0,2359296,0
300,blocks.5.mlp.fc.weight,-67,0,2359296,0
300,blocks.5.mlp.fc.weight,-66,0,2359296,0
300,blocks.5.mlp.fc.weight,-65,0,2359296,0
300,blocks.5.mlp.fc.weight,-64,0,2359296,0
300,blocks.5.mlp.fc.weight,-63,0,2359296,0
300,blocks.5.mlp.fc.weight,-62,0,2359296,0
300,blocks.5.mlp.fc.weight,-61,0,2359296,0
300,blocks.5.mlp.fc.weight,-60,0,2359296,0
300,blocks.5.mlp.fc.weight,-59,0,2359296,0
300,blocks.5.mlp.fc.weight,-58,0,2359296,0
300,blocks.5.mlp.fc.weight,-57,0,2359296,0
300,blocks.5.mlp.fc.weight,-56,0,2359296,0
300,blocks.5.mlp.fc.weight,-55,0,2359296,0
300,blocks.5.mlp.fc.weight,-54,0,2359296,0
300,blocks.5.mlp.fc.weight,-53,0,2359296,0
300,blocks.5.mlp.fc.weight,-52,0,2359296,0
300,blocks.5.mlp.fc.weight,-51,0,2359296,0
300,blocks.5.mlp.fc.weight,-50,0,2359296,0
300,blocks.5.mlp.fc.weight,-49,0,2359296,0
300,blocks.5.mlp.fc.weight,-48,0,2359296,0
300,blocks.5.mlp.fc.weight,-47,0,2359296,0
300,blocks.5.mlp.fc.weight,-46,0,2359296,0
300,blocks.5.mlp.fc.weight,-45,0,2359296,0
300,blocks.5.mlp.fc.weight,-44,0,2359296,0
300,blocks.5.mlp.fc.weight,-43,0,2359296,0
300,blocks.5.mlp.fc.weight,-42,0,2359296,0
300,blocks.5.mlp.fc.weight,-41,0,2359296,0
300,blocks.5.mlp.fc.weight,-40,0,2359296,0
300,blocks.5.mlp.fc.weight,-39,0,2359296,0
300,blocks.5.mlp.fc.weight,-38,0,2359296,0
300,blocks.5.mlp.fc.weight,-37,0,2359296,0
300,blocks.5.mlp.fc.weight,-36,0,2359296,0
300,blocks.5.mlp.fc.weight,-35,0,2359296,0
300,blocks.5.mlp.fc.weight,-34,2,2359296,0
300,blocks.5.mlp.fc.weight,-33,4,2359296,0
300,blocks.5.mlp.fc.weight,-32,17,2359296,0
300,blocks.5.mlp.fc.weight,-31,24,2359296,0
300,blocks.5.mlp.fc.weight,-30,42,2359296,0
300,blocks.5.mlp.fc.weight,-29,32,2359296,0
300,blocks.5.mlp.fc.weight,-28,7,2359296,0
300,blocks.5.mlp.fc.weight,-27,2,2359296,0
300,blocks.5.mlp.fc.weight,-26,0,2359296,0
300,blocks.5.mlp.fc.weight,-25,0,2359296,0
300,blocks.5.mlp.fc.weight,-24,0,2359296,0
300,blocks.5.mlp.fc.weight,-23,0,2359296,0
300,blocks.5.mlp.fc.weight,-22,1,2359296,0
300,blocks.5.mlp.fc.weight,-21,3,2359296,0
300,blocks.5.mlp.fc.weight,-20,5,2359296,0
300,blocks.5.mlp.fc.weight,-19,22,2359296,0
300,blocks.5.mlp.fc.weight,-18,69,2359296,0
300,blocks.5.mlp.fc.weight,-17,142,2359296,0
300,blocks.5.mlp.fc.weight,-16,334,2359296,0
300,blocks.5.mlp.fc.weight,-15,663,2359296,0
300,blocks.5.mlp.fc.weight,-14,1342,2359296,0
300,blocks.5.mlp.fc.weight,-13,2912,2359296,0
300,blocks.5.mlp.fc.weight,-12,5675,2359296,0
300,blocks.5.mlp.fc.weight,-11,11419,2359296,0
300,blocks.5.mlp.fc.weight,-10,22758,2359296,0
300,blocks.5.mlp.fc.weight,-9,44699,2359296,0
300,blocks.5.mlp.fc.weight,-8,87491,2359296,0
300,blocks.5.mlp.fc.weight,-7,161080,2359296,0
300,blocks.5.mlp.fc.weight,-6,276024,2359296,0
300,blocks.5.mlp.fc.weight,-5,421849,2359296,0
300,blocks.5.mlp.fc.weight,-4,553866,2359296,0
300,blocks.5.mlp.fc.weight,-3,513873,2359296,0
300,blocks.5.mlp.fc.weight,-2,221086,2359296,0
300,blocks.5.mlp.fc.weight,-1,32353,2359296,0
300,blocks.5.mlp.fc.weight,0,1487,2359296,0
300,blocks.5.mlp.fc.weight,1,13,2359296,0
300,blocks.5.mlp.fc.weight,2,0,2359296,0
300,blocks.5.mlp.fc.weight,3,0,2359296,0
300,blocks.5.mlp.fc.weight,4,0,2359296,0
300,blocks.5.mlp.fc.weight,5,0,2359296,0
300,blocks.5.mlp.fc.weight,6,0,2359296,0
300,blocks.5.mlp.fc.weight,7,0,2359296,0
300,blocks.5.mlp.fc.weight,8,0,2359296,0
300,blocks.5.mlp.fc.weight,9,0,2359296,0
300,blocks.5.mlp.fc.weight,10,0,2359296,0
300,blocks.5.mlp.fc.weight,11,0,2359296,0
300,blocks.5.mlp.fc.weight,12,0,2359296,0
300,blocks.5.mlp.fc.weight,13,0,2359296,0
300,blocks.5.mlp.fc.weight,14,0,2359296,0
300,blocks.5.mlp.fc.weight,15,0,2359296,0
300,blocks.5.mlp.fc.weight,16,0,2359296,0
300,blocks.5.mlp.fc.weight,17,0,2359296,0
300,blocks.5.mlp.fc.weight,18,0,2359296,0
300,blocks.5.mlp.fc.weight,19,0,2359296,0
300,blocks.5.mlp.fc.weight,20,0,2359296,0
300,blocks.5.mlp.fc.weight,21,0,2359296,0
300,blocks.5.mlp.fc.weight,22,0,2359296,0
300,blocks.5.mlp.fc.weight,23,0,2359296,0
300,blocks.5.mlp.fc.weight,24,0,2359296,0
300,blocks.5.mlp.fc.weight,25,0,2359296,0
300,blocks.5.mlp.fc.weight,26,0,2359296,0
300,blocks.5.mlp.fc.weight,27,0,2359296,0
300,blocks.5.mlp.fc.weight,28,0,2359296,0
300,blocks.5.mlp.fc.weight,29,0,2359296,0
300,blocks.5.mlp.fc.weight,30,0,2359296,0
300,blocks.5.mlp.fc.weight,31,0,2359296,0
300,blocks.5.mlp.fc.weight,32,0,2359296,0
300,blocks.5.mlp.fc.weight,33,0,2359296,0
300,blocks.5.mlp.fc.weight,34,0,2359296,0
300,blocks.5.mlp.fc.weight,35,0,2359296,0
300,blocks.5.mlp.fc.weight,36,0,2359296,0
300,blocks.5.mlp.fc.weight,37,0,2359296,0
300,blocks.5.mlp.fc.weight,38,0,2359296,0
300,blocks.5.mlp.fc.weight,39,0,2359296,0
300,blocks.5.mlp.fc.weight,40,0,2359296,0
300,blocks.5.mlp.fc.weight,41,0,2359296,0
300,blocks.5.mlp.fc.weight,42,0,2359296,0
300,blocks.5.mlp.fc.weight,43,0,2359296,0
300,blocks.5.mlp.fc.weight,44,0,2359296,0
300,blocks.5.mlp.fc.weight,45,0,2359296,0
300,blocks.5.mlp.fc.weight,46,0,2359296,0
300,blocks.5.mlp.fc.weight,47,0,2359296,0
300,blocks.5.mlp.fc.weight,48,0,2359296,0
300,blocks.5.mlp.fc.weight,49,0,2359296,0
300,blocks.5.mlp.fc.weight,50,0,2359296,0
300,blocks.5.mlp.fc.weight,51,0,2359296,0
300,blocks.5.mlp.fc.weight,52,0,2359296,0
300,blocks.5.mlp.fc.weight,53,0,2359296,0
300,blocks.5.mlp.fc.weight,54,0,2359296,0
300,blocks.5.mlp.fc.weight,55,0,2359296,0
300,blocks.5.mlp.fc.weight,56,0,2359296,0
300,blocks.5.mlp.fc.weight,57,0,2359296,0
300,blocks.5.mlp.fc.weight,58,0,2359296,0
300,blocks.5.mlp.fc.weight,59,0,2359296,0
300,blocks.5.mlp.fc.weight,60,0,2359296,0
300,blocks.5.mlp.fc.weight,61,0,2359296,0
300,blocks.5.mlp.fc.weight,62,0,2359296,0
300,blocks.5.mlp.fc.weight,63,0,2359296,0
300,blocks.5.mlp.fc.weight,64,0,2359296,0
300,blocks.5.mlp.fc.weight,65,0,2359296,0
300,blocks.5.mlp.fc.weight,66,0,2359296,0
300,blocks.5.mlp.fc.weight,67,0,2359296,0
300,blocks.5.mlp.fc.weight,68,0,2359296,0
300,blocks.5.mlp.fc.weight,69,0,2359296,0
300,blocks.5.mlp.fc.weight,70,0,2359296,0
300,blocks.5.mlp.fc.weight,71,0,2359296,0
300,blocks.5.mlp.fc.weight,72,0,2359296,0
300,blocks.5.mlp.fc.weight,73,0,2359296,0
300,blocks.5.mlp.fc.weight,74,0,2359296,0
300,blocks.5.mlp.fc.weight,75,0,2359296,0
300,blocks.5.mlp.fc.weight,76,0,2359296,0
300,blocks.5.mlp.fc.weight,77,0,2359296,0
300,blocks.5.mlp.fc.weight,78,0,2359296,0
300,blocks.5.mlp.fc.weight,79,0,2359296,0
300,blocks.5.mlp.fc.weight,80,0,2359296,0
300,blocks.5.mlp.fc.weight,81,0,2359296,0
300,blocks.5.mlp.fc.weight,82,0,2359296,0
300,blocks.5.mlp.fc.weight,83,0,2359296,0
300,blocks.5.mlp.fc.weight,84,0,2359296,0
300,blocks.5.mlp.fc.weight,85,0,2359296,0
300,blocks.5.mlp.fc.weight,86,0,2359296,0
300,blocks.5.mlp.fc.weight,87,0,2359296,0
300,blocks.5.mlp.fc.weight,88,0,2359296,0
300,blocks.5.mlp.fc.weight,89,0,2359296,0
300,blocks.5.mlp.fc.weight,90,0,2359296,0
300,blocks.5.mlp.fc.weight,91,0,2359296,0
300,blocks.5.mlp.fc.weight,92,0,2359296,0
300,blocks.5.mlp.fc.weight,93,0,2359296,0
300,blocks.5.mlp.fc.weight,94,0,2359296,0
300,blocks.5.mlp.fc.weight,95,0,2359296,0
300,blocks.5.mlp.fc.weight,96,0,2359296,0
300,blocks.5.mlp.fc.weight,97,0,2359296,0
300,blocks.5.mlp.fc.weight,98,0,2359296,0
300,blocks.5.mlp.fc.weight,99,0,2359296,0
300,blocks.5.mlp.fc.weight,100,0,2359296,0
300,blocks.5.mlp.fc.weight,101,0,2359296,0
300,blocks.5.mlp.fc.weight,102,0,2359296,0
300,blocks.5.mlp.fc.weight,103,0,2359296,0
300,blocks.5.mlp.fc.weight,104,0,2359296,0
300,blocks.5.mlp.fc.weight,105,0,2359296,0
300,blocks.5.mlp.fc.weight,106,0,2359296,0
300,blocks.5.mlp.fc.weight,107,0,2359296,0
300,blocks.5.mlp.fc.weight,108,0,2359296,0
300,blocks.5.mlp.fc.weight,109,0,2359296,0
300,blocks.5.mlp.fc.weight,110,0,2359296,0
300,blocks.5.mlp.fc.weight,111,0,2359296,0
300,blocks.5.mlp.fc.weight,112,0,2359296,0
300,blocks.5.mlp.fc.weight,113,0,2359296,0
300,blocks.5.mlp.fc.weight,114,0,2359296,0
300,blocks.5.mlp.fc.weight,115,0,2359296,0
300,blocks.5.mlp.fc.weight,116,0,2359296,0
300,blocks.5.mlp.fc.weight,117,0,2359296,0
300,blocks.5.mlp.fc.weight,118,0,2359296,0
300,blocks.5.mlp.fc.weight,119,0,2359296,0
300,blocks.5.mlp.fc.weight,120,0,2359296,0
300,blocks.5.mlp.fc.weight,121,0,2359296,0
300,blocks.5.mlp.fc.weight,122,0,2359296,0
300,blocks.5.mlp.fc.weight,123,0,2359296,0
300,blocks.5.mlp.fc.weight,124,0,2359296,0
300,blocks.5.mlp.fc.weight,125,0,2359296,0
300,blocks.5.mlp.fc.weight,126,0,2359296,0
300,blocks.5.mlp.fc.weight,127,0,2359296,0
300,blocks.5.mlp.fc.weight,128,0,2359296,0
300,blocks.5.mlp.proj.weight,-127,0,2359296,0
300,blocks.5.mlp.proj.weight,-126,0,2359296,0
300,blocks.5.mlp.proj.weight,-125,0,2359296,0
300,blocks.5.mlp.proj.weight,-124,0,2359296,0
300,blocks.5.mlp.proj.weight,-123,0,2359296,0
300,blocks.5.mlp.proj.weight,-122,0,2359296,0
300,blocks.5.mlp.proj.weight,-121,0,2359296,0
300,blocks.5.mlp.proj.weight,-120,0,2359296,0
300,blocks.5.mlp.proj.weight,-119,0,2359296,0
300,blocks.5.mlp.proj.weight,-118,0,2359296,0
300,blocks.5.mlp.proj.weight,-117,0,2359296,0
300,blocks.5.mlp.proj.weight,-116,0,2359296,0
300,blocks.5.mlp.proj.weight,-115,0,2359296,0
300,blocks.5.mlp.proj.weight,-114,0,2359296,0
300,blocks.5.mlp.proj.weight,-113,0,2359296,0
300,blocks.5.mlp.proj.weight,-112,0,2359296,0
300,blocks.5.mlp.proj.weight,-111,0,2359296,0
300,blocks.5.mlp.proj.weight,-110,0,2359296,0
300,blocks.5.mlp.proj.weight,-109,0,2359296,0
300,blocks.5.mlp.proj.weight,-108,0,2359296,0
300,blocks.5.mlp.proj.weight,-107,0,2359296,0
300,blocks.5.mlp.proj.weight,-106,0,2359296,0
300,blocks.5.mlp.proj.weight,-105,0,2359296,0
300,blocks.5.mlp.proj.weight,-104,0,2359296,0
300,blocks.5.mlp.proj.weight,-103,0,2359296,0
300,blocks.5.mlp.proj.weight,-102,0,2359296,0
300,blocks.5.mlp.proj.weight,-101,0,2359296,0
300,blocks.5.mlp.proj.weight,-100,0,2359296,0
300,blocks.5.mlp.proj.weight,-99,0,2359296,0
300,blocks.5.mlp.proj.weight,-98,0,2359296,0
300,blocks.5.mlp.proj.weight,-97,0,2359296,0
300,blocks.5.mlp.proj.weight,-96,0,2359296,0
300,blocks.5.mlp.proj.weight,-95,0,2359296,0
300,blocks.5.mlp.proj.weight,-94,0,2359296,0
300,blocks.5.mlp.proj.weight,-93,0,2359296,0
300,blocks.5.mlp.proj.weight,-92,0,2359296,0
300,blocks.5.mlp.proj.weight,-91,0,2359296,0
300,blocks.5.mlp.proj.weight,-90,0,2359296,0
300,blocks.5.mlp.proj.weight,-89,0,2359296,0
300,blocks.5.mlp.proj.weight,-88,0,2359296,0
300,blocks.5.mlp.proj.weight,-87,0,2359296,0
300,blocks.5.mlp.proj.weight,-86,0,2359296,0
300,blocks.5.mlp.proj.weight,-85,0,2359296,0
300,blocks.5.mlp.proj.weight,-84,0,2359296,0
300,blocks.5.mlp.proj.weight,-83,0,2359296,0
300,blocks.5.mlp.proj.weight,-82,0,2359296,0
300,blocks.5.mlp.proj.weight,-81,0,2359296,0
300,blocks.5.mlp.proj.weight,-80,0,2359296,0
300,blocks.5.mlp.proj.weight,-79,0,2359296,0
300,blocks.5.mlp.proj.weight,-78,0,2359296,0
300,blocks.5.mlp.proj.weight,-77,0,2359296,0
300,blocks.5.mlp.proj.weight,-76,0,2359296,0
300,blocks.5.mlp.proj.weight,-75,0,2359296,0
300,blocks.5.mlp.proj.weight,-74,0,2359296,0
300,blocks.5.mlp.proj.weight,-73,0,2359296,0
300,blocks.5.mlp.proj.weight,-72,0,2359296,0
300,blocks.5.mlp.proj.weight,-71,0,2359296,0
300,blocks.5.mlp.proj.weight,-70,0,2359296,0
300,blocks.5.mlp.proj.weight,-69,0,2359296,0
300,blocks.5.mlp.proj.weight,-68,0,2359296,0
300,blocks.5.mlp.proj.weight,-67,0,2359296,0
300,blocks.5.mlp.proj.weight,-66,0,2359296,0
300,blocks.5.mlp.proj.weight,-65,0,2359296,0
300,blocks.5.mlp.proj.weight,-64,0,2359296,0
300,blocks.5.mlp.proj.weight,-63,0,2359296,0
300,blocks.5.mlp.proj.weight,-62,0,2359296,0
300,blocks.5.mlp.proj.weight,-61,0,2359296,0
300,blocks.5.mlp.proj.weight,-60,0,2359296,0
300,blocks.5.mlp.proj.weight,-59,0,2359296,0
300,blocks.5.mlp.proj.weight,-58,0,2359296,0
300,blocks.5.mlp.proj.weight,-57,0,2359296,0
300,blocks.5.mlp.proj.weight,-56,0,2359296,0
300,blocks.5.mlp.proj.weight,-55,0,2359296,0
300,blocks.5.mlp.proj.weight,-54,0,2359296,0
300,blocks.5.mlp.proj.weight,-53,0,2359296,0
300,blocks.5.mlp.proj.weight,-52,0,2359296,0
300,blocks.5.mlp.proj.weight,-51,0,2359296,0
300,blocks.5.mlp.proj.weight,-50,0,2359296,0
300,blocks.5.mlp.proj.weight,-49,0,2359296,0
300,blocks.5.mlp.proj.weight,-48,0,2359296,0
300,blocks.5.mlp.proj.weight,-47,0,2359296,0
300,blocks.5.mlp.proj.weight,-46,0,2359296,0
300,blocks.5.mlp.proj.weight,-45,0,2359296,0
300,blocks.5.mlp.proj.weight,-44,0,2359296,0
300,blocks.5.mlp.proj.weight,-43,0,2359296,0
300,blocks.5.mlp.proj.weight,-42,0,2359296,0
300,blocks.5.mlp.proj.weight,-41,0,2359296,0
300,blocks.5.mlp.proj.weight,-40,0,2359296,0
300,blocks.5.mlp.proj.weight,-39,0,2359296,0
300,blocks.5.mlp.proj.weight,-38,0,2359296,0
300,blocks.5.mlp.proj.weight,-37,0,2359296,0
300,blocks.5.mlp.proj.weight,-36,0,2359296,0
300,blocks.5.mlp.proj.weight,-35,0,2359296,0
300,blocks.5.mlp.proj.weight,-34,0,2359296,0
300,blocks.5.mlp.proj.weight,-33,5,2359296,0
300,blocks.5.mlp.proj.weight,-32,9,2359296,0
300,blocks.5.mlp.proj.weight,-31,21,2359296,0
300,blocks.5.mlp.proj.weight,-30,42,2359296,0
300,blocks.5.mlp.proj.weight,-29,61,2359296,0
300,blocks.5.mlp.proj.weight,-28,22,2359296,0
300,blocks.5.mlp.proj.weight,-27,0,2359296,0
300,blocks.5.mlp.proj.weight,-26,0,2359296,0
300,blocks.5.mlp.proj.weight,-25,0,2359296,0
300,blocks.5.mlp.proj.weight,-24,0,2359296,0
300,blocks.5.mlp.proj.weight,-23,0,2359296,0
300,blocks.5.mlp.proj.weight,-22,0,2359296,0
300,blocks.5.mlp.proj.weight,-21,1,2359296,0
300,blocks.5.mlp.proj.weight,-20,3,2359296,0
300,blocks.5.mlp.proj.weight,-19,9,2359296,0
300,blocks.5.mlp.proj.weight,-18,27,2359296,0
300,blocks.5.mlp.proj.weight,-17,67,2359296,0
300,blocks.5.mlp.proj.weight,-16,198,2359296,0
300,blocks.5.mlp.proj.weight,-15,452,2359296,0
300,blocks.5.mlp.proj.weight,-14,929,2359296,0
300,blocks.5.mlp.proj.weight,-13,1890,2359296,0
300,blocks.5.mlp.proj.weight,-12,3939,2359296,0
300,blocks.5.mlp.proj.weight,-11,7775,2359296,0
300,blocks.5.mlp.proj.weight,-10,15541,2359296,0
300,blocks.5.mlp.proj.weight,-9,30423,2359296,0
300,blocks.5.mlp.proj.weight,-8,60307,2359296,0
300,blocks.5.mlp.proj.weight,-7,115844,2359296,0
300,blocks.5.mlp.proj.weight,-6,209561,2359296,0
300,blocks.5.mlp.proj.weight,-5,353314,2359296,0
300,blocks.5.mlp.proj.weight,-4,525213,2359296,0
300,blocks.5.mlp.proj.weight,-3,608134,2359296,0
300,blocks.5.mlp.proj.weight,-2,367662,2359296,0
300,blocks.5.mlp.proj.weight,-1,56411,2359296,0
300,blocks.5.mlp.proj.weight,0,1423,2359296,0
300,blocks.5.mlp.proj.weight,1,13,2359296,0
300,blocks.5.mlp.proj.weight,2,0,2359296,0
300,blocks.5.mlp.proj.weight,3,0,2359296,0
300,blocks.5.mlp.proj.weight,4,0,2359296,0
300,blocks.5.mlp.proj.weight,5,0,2359296,0
300,blocks.5.mlp.proj.weight,6,0,2359296,0
300,blocks.5.mlp.proj.weight,7,0,2359296,0
300,blocks.5.mlp.proj.weight,8,0,2359296,0
300,blocks.5.mlp.proj.weight,9,0,2359296,0
300,blocks.5.mlp.proj.weight,10,0,2359296,0
300,blocks.5.mlp.proj.weight,11,0,2359296,0
300,blocks.5.mlp.proj.weight,12,0,2359296,0
300,blocks.5.mlp.proj.weight,13,0,2359296,0
300,blocks.5.mlp.proj.weight,14,0,2359296,0
300,blocks.5.mlp.proj.weight,15,0,2359296,0
300,blocks.5.mlp.proj.weight,16,0,2359296,0
300,blocks.5.mlp.proj.weight,17,0,2359296,0
300,blocks.5.mlp.proj.weight,18,0,2359296,0
300,blocks.5.mlp.proj.weight,19,0,2359296,0
300,blocks.5.mlp.proj.weight,20,0,2359296,0
300,blocks.5.mlp.proj.weight,21,0,2359296,0
300,blocks.5.mlp.proj.weight,22,0,2359296,0
300,blocks.5.mlp.proj.weight,23,0,2359296,0
300,blocks.5.mlp.proj.weight,24,0,2359296,0
300,blocks.5.mlp.proj.weight,25,0,2359296,0
300,blocks.5.mlp.proj.weight,26,0,2359296,0
300,blocks.5.mlp.proj.weight,27,0,2359296,0
300,blocks.5.mlp.proj.weight,28,0,2359296,0
300,blocks.5.mlp.proj.weight,29,0,2359296,0
300,blocks.5.mlp.proj.weight,30,0,2359296,0
300,blocks.5.mlp.proj.weight,31,0,2359296,0
300,blocks.5.mlp.proj.weight,32,0,2359296,0
300,blocks.5.mlp.proj.weight,33,0,2359296,0
300,blocks.5.mlp.proj.weight,34,0,2359296,0
300,blocks.5.mlp.proj.weight,35,0,2359296,0
300,blocks.5.mlp.proj.weight,36,0,2359296,0
300,blocks.5.mlp.proj.weight,37,0,2359296,0
300,blocks.5.mlp.proj.weight,38,0,2359296,0
300,blocks.5.mlp.proj.weight,39,0,2359296,0
300,blocks.5.mlp.proj.weight,40,0,2359296,0
300,blocks.5.mlp.proj.weight,41,0,2359296,0
300,blocks.5.mlp.proj.weight,42,0,2359296,0
300,blocks.5.mlp.proj.weight,43,0,2359296,0
300,blocks.5.mlp.proj.weight,44,0,2359296,0
300,blocks.5.mlp.proj.weight,45,0,2359296,0
300,blocks.5.mlp.proj.weight,46,0,2359296,0
300,blocks.5.mlp.proj.weight,47,0,2359296,0
300,blocks.5.mlp.proj.weight,48,0,2359296,0
300,blocks.5.mlp.proj.weight,49,0,2359296,0
300,blocks.5.mlp.proj.weight,50,0,2359296,0
300,blocks.5.mlp.proj.weight,51,0,2359296,0
300,blocks.5.mlp.proj.weight,52,0,2359296,0
300,blocks.5.mlp.proj.weight,53,0,2359296,0
300,blocks.5.mlp.proj.weight,54,0,2359296,0
300,blocks.5.mlp.proj.weight,55,0,2359296,0
300,blocks.5.mlp.proj.weight,56,0,2359296,0
300,blocks.5.mlp.proj.weight,57,0,2359296,0
300,blocks.5.mlp.proj.weight,58,0,2359296,0
300,blocks.5.mlp.proj.weight,59,0,2359296,0
300,blocks.5.mlp.proj.weight,60,0,2359296,0
300,blocks.5.mlp.proj.weight,61,0,2359296,0
300,blocks.5.mlp.proj.weight,62,0,2359296,0
300,blocks.5.mlp.proj.weight,63,0,2359296,0
300,blocks.5.mlp.proj.weight,64,0,2359296,0
300,blocks.5.mlp.proj.weight,65,0,2359296,0
300,blocks.5.mlp.proj.weight,66,0,2359296,0
300,blocks.5.mlp.proj.weight,67,0,2359296,0
300,blocks.5.mlp.proj.weight,68,0,2359296,0
300,blocks.5.mlp.proj.weight,69,0,2359296,0
300,blocks.5.mlp.proj.weight,70,0,2359296,0
300,blocks.5.mlp.proj.weight,71,0,2359296,0
300,blocks.5.mlp.proj.weight,72,0,2359296,0
300,blocks.5.mlp.proj.weight,73,0,2359296,0
300,blocks.5.mlp.proj.weight,74,0,2359296,0
300,blocks.5.mlp.proj.weight,75,0,2359296,0
300,blocks.5.mlp.proj.weight,76,0,2359296,0
300,blocks.5.mlp.proj.weight,77,0,2359296,0
300,blocks.5.mlp.proj.weight,78,0,2359296,0
300,blocks.5.mlp.proj.weight,79,0,2359296,0
300,blocks.5.mlp.proj.weight,80,0,2359296,0
300,blocks.5.mlp.proj.weight,81,0,2359296,0
300,blocks.5.mlp.proj.weight,82,0,2359296,0
300,blocks.5.mlp.proj.weight,83,0,2359296,0
300,blocks.5.mlp.proj.weight,84,0,2359296,0
300,blocks.5.mlp.proj.weight,85,0,2359296,0
300,blocks.5.mlp.proj.weight,86,0,2359296,0
300,blocks.5.mlp.proj.weight,87,0,2359296,0
300,blocks.5.mlp.proj.weight,88,0,2359296,0
300,blocks.5.mlp.proj.weight,89,0,2359296,0
300,blocks.5.mlp.proj.weight,90,0,2359296,0
300,blocks.5.mlp.proj.weight,91,0,2359296,0
300,blocks.5.mlp.proj.weight,92,0,2359296,0
300,blocks.5.mlp.proj.weight,93,0,2359296,0
300,blocks.5.mlp.proj.weight,94,0,2359296,0
300,blocks.5.mlp.proj.weight,95,0,2359296,0
300,blocks.5.mlp.proj.weight,96,0,2359296,0
300,blocks.5.mlp.proj.weight,97,0,2359296,0
300,blocks.5.mlp.proj.weight,98,0,2359296,0
300,blocks.5.mlp.proj.weight,99,0,2359296,0
300,blocks.5.mlp.proj.weight,100,0,2359296,0
300,blocks.5.mlp.proj.weight,101,0,2359296,0
300,blocks.5.mlp.proj.weight,102,0,2359296,0
300,blocks.5.mlp.proj.weight,103,0,2359296,0
300,blocks.5.mlp.proj.weight,104,0,2359296,0
300,blocks.5.mlp.proj.weight,105,0,2359296,0
300,blocks.5.mlp.proj.weight,106,0,2359296,0
300,blocks.5.mlp.proj.weight,107,0,2359296,0
300,blocks.5.mlp.proj.weight,108,0,2359296,0
300,blocks.5.mlp.proj.weight,109,0,2359296,0
300,blocks.5.mlp.proj.weight,110,0,2359296,0
300,blocks.5.mlp.proj.weight,111,0,2359296,0
300,blocks.5.mlp.proj.weight,112,0,2359296,0
300,blocks.5.mlp.proj.weight,113,0,2359296,0
300,blocks.5.mlp.proj.weight,114,0,2359296,0
300,blocks.5.mlp.proj.weight,115,0,2359296,0
300,blocks.5.mlp.proj.weight,116,0,2359296,0
300,blocks.5.mlp.proj.weight,117,0,2359296,0
300,blocks.5.mlp.proj.weight,118,0,2359296,0
300,blocks.5.mlp.proj.weight,119,0,2359296,0
300,blocks.5.mlp.proj.weight,120,0,2359296,0
300,blocks.5.mlp.proj.weight,121,0,2359296,0
300,blocks.5.mlp.proj.weight,122,0,2359296,0
300,blocks.5.mlp.proj.weight,123,0,2359296,0
300,blocks.5.mlp.proj.weight,124,0,2359296,0
300,blocks.5.mlp.proj.weight,125,0,2359296,0
300,blocks.5.mlp.proj.weight,126,0,2359296,0
300,blocks.5.mlp.proj.weight,127,0,2359296,0
300,blocks.5.mlp.proj.weight,128,0,2359296,0
300,blocks.6.mlp.fc.weight,-127,0,2359296,0
300,blocks.6.mlp.fc.weight,-126,0,2359296,0
300,blocks.6.mlp.fc.weight,-125,0,2359296,0
300,blocks.6.mlp.fc.weight,-124,0,2359296,0
300,blocks.6.mlp.fc.weight,-123,0,2359296,0
300,blocks.6.mlp.fc.weight,-122,0,2359296,0
300,blocks.6.mlp.fc.weight,-121,0,2359296,0
300,blocks.6.mlp.fc.weight,-120,0,2359296,0
300,blocks.6.mlp.fc.weight,-119,0,2359296,0
300,blocks.6.mlp.fc.weight,-118,0,2359296,0
300,blocks.6.mlp.fc.weight,-117,0,2359296,0
300,blocks.6.mlp.fc.weight,-116,0,2359296,0
300,blocks.6.mlp.fc.weight,-115,0,2359296,0
300,blocks.6.mlp.fc.weight,-114,0,2359296,0
300,blocks.6.mlp.fc.weight,-113,0,2359296,0
300,blocks.6.mlp.fc.weight,-112,0,2359296,0
300,blocks.6.mlp.fc.weight,-111,0,2359296,0
300,blocks.6.mlp.fc.weight,-110,0,2359296,0
300,blocks.6.mlp.fc.weight,-109,0,2359296,0
300,blocks.6.mlp.fc.weight,-108,0,2359296,0
300,blocks.6.mlp.fc.weight,-107,0,2359296,0
300,blocks.6.mlp.fc.weight,-106,0,2359296,0
300,blocks.6.mlp.fc.weight,-105,0,2359296,0
300,blocks.6.mlp.fc.weight,-104,0,2359296,0
300,blocks.6.mlp.fc.weight,-103,0,2359296,0
300,blocks.6.mlp.fc.weight,-102,0,2359296,0
300,blocks.6.mlp.fc.weight,-101,0,2359296,0
300,blocks.6.mlp.fc.weight,-100,0,2359296,0
300,blocks.6.mlp.fc.weight,-99,0,2359296,0
300,blocks.6.mlp.fc.weight,-98,0,2359296,0
300,blocks.6.mlp.fc.weight,-97,0,2359296,0
300,blocks.6.mlp.fc.weight,-96,0,2359296,0
300,blocks.6.mlp.fc.weight,-95,0,2359296,0
300,blocks.6.mlp.fc.weight,-94,0,2359296,0
300,blocks.6.mlp.fc.weight,-93,0,2359296,0
300,blocks.6.mlp.fc.weight,-92,0,2359296,0
300,blocks.6.mlp.fc.weight,-91,0,2359296,0
300,blocks.6.mlp.fc.weight,-90,0,2359296,0
300,blocks.6.mlp.fc.weight,-89,0,2359296,0
300,blocks.6.mlp.fc.weight,-88,0,2359296,0
300,blocks.6.mlp.fc.weight,-87,0,2359296,0
300,blocks.6.mlp.fc.weight,-86,0,2359296,0
300,blocks.6.mlp.fc.weight,-85,0,2359296,0
300,blocks.6.mlp.fc.weight,-84,0,2359296,0
300,blocks.6.mlp.fc.weight,-83,0,2359296,0
300,blocks.6.mlp.fc.weight,-82,0,2359296,0
300,blocks.6.mlp.fc.weight,-81,0,2359296,0
300,blocks.6.mlp.fc.weight,-80,0,2359296,0
300,blocks.6.mlp.fc.weight,-79,0,2359296,0
300,blocks.6.mlp.fc.weight,-78,0,2359296,0
300,blocks.6.mlp.fc.weight,-77,0,2359296,0
300,blocks.6.mlp.fc.weight,-76,0,2359296,0
300,blocks.6.mlp.fc.weight,-75,0,2359296,0
300,blocks.6.mlp.fc.weight,-74,0,2359296,0
300,blocks.6.mlp.fc.weight,-73,0,2359296,0
300,blocks.6.mlp.fc.weight,-72,0,2359296,0
300,blocks.6.mlp.fc.weight,-71,0,2359296,0
300,blocks.6.mlp.fc.weight,-70,0,2359296,0
300,blocks.6.mlp.fc.weight,-69,0,2359296,0
300,blocks.6.mlp.fc.weight,-68,0,2359296,0
300,blocks.6.mlp.fc.weight,-67,0,2359296,0
300,blocks.6.mlp.fc.weight,-66,0,2359296,0
300,blocks.6.mlp.fc.weight,-65,0,2359296,0
300,blocks.6.mlp.fc.weight,-64,0,2359296,0
300,blocks.6.mlp.fc.weight,-63,0,2359296,0
300,blocks.6.mlp.fc.weight,-62,0,2359296,0
300,blocks.6.mlp.fc.weight,-61,0,2359296,0
300,blocks.6.mlp.fc.weight,-60,0,2359296,0
300,blocks.6.mlp.fc.weight,-59,0,2359296,0
300,blocks.6.mlp.fc.weight,-58,0,2359296,0
300,blocks.6.mlp.fc.weight,-57,0,2359296,0
300,blocks.6.mlp.fc.weight,-56,0,2359296,0
300,blocks.6.mlp.fc.weight,-55,0,2359296,0
300,blocks.6.mlp.fc.weight,-54,0,2359296,0
300,blocks.6.mlp.fc.weight,-53,0,2359296,0
300,blocks.6.mlp.fc.weight,-52,0,2359296,0
300,blocks.6.mlp.fc.weight,-51,0,2359296,0
300,blocks.6.mlp.fc.weight,-50,0,2359296,0
300,blocks.6.mlp.fc.weight,-49,0,2359296,0
300,blocks.6.mlp.fc.weight,-48,0,2359296,0
300,blocks.6.mlp.fc.weight,-47,0,2359296,0
300,blocks.6.mlp.fc.weight,-46,0,2359296,0
300,blocks.6.mlp.fc.weight,-45,0,2359296,0
300,blocks.6.mlp.fc.weight,-44,0,2359296,0
300,blocks.6.mlp.fc.weight,-43,0,2359296,0
300,blocks.6.mlp.fc.weight,-42,0,2359296,0
300,blocks.6.mlp.fc.weight,-41,0,2359296,0
300,blocks.6.mlp.fc.weight,-40,0,2359296,0
300,blocks.6.mlp.fc.weight,-39,0,2359296,0
300,blocks.6.mlp.fc.weight,-38,0,2359296,0
300,blocks.6.mlp.fc.weight,-37,0,2359296,0
300,blocks.6.mlp.fc.weight,-36,0,2359296,0
300,blocks.6.mlp.fc.weight,-35,1,2359296,0
300,blocks.6.mlp.fc.weight,-34,1,2359296,0
300,blocks.6.mlp.fc.weight,-33,10,2359296,0
300,blocks.6.mlp.fc.weight,-32,15,2359296,0
300,blocks.6.mlp.fc.weight,-31,20,2359296,0
300,blocks.6.mlp.fc.weight,-30,33,2359296,0
300,blocks.6.mlp.fc.weight,-29,21,2359296,0
300,blocks.6.mlp.fc.weight,-28,9,2359296,0
300,blocks.6.mlp.fc.weight,-27,3,2359296,0
300,blocks.6.mlp.fc.weight,-26,1,2359296,0
300,blocks.6.mlp.fc.weight,-25,0,2359296,0
300,blocks.6.mlp.fc.weight,-24,0,2359296,0
300,blocks.6.mlp.fc.weight,-23,0,2359296,0
300,blocks.6.mlp.fc.weight,-22,0,2359296,0
300,blocks.6.mlp.fc.weight,-21,4,2359296,0
300,blocks.6.mlp.fc.weight,-20,15,2359296,0
300,blocks.6.mlp.fc.weight,-19,28,2359296,0
300,blocks.6.mlp.fc.weight,-18,88,2359296,0
300,blocks.6.mlp.fc.weight,-17,168,2359296,0
300,blocks.6.mlp.fc.weight,-16,378,2359296,0
300,blocks.6.mlp.fc.weight,-15,824,2359296,0
300,blocks.6.mlp.fc.weight,-14,1560,2359296,0
300,blocks.6.mlp.fc.weight,-13,3153,2359296,0
300,blocks.6.mlp.fc.weight,-12,6317,2359296,0
300,blocks.6.mlp.fc.weight,-11,12632,2359296,0
300,blocks.6.mlp.fc.weight,-10,25435,2359296,0
300,blocks.6.mlp.fc.weight,-9,50475,2359296,0
300,blocks.6.mlp.fc.weight,-8,96838,2359296,0
300,blocks.6.mlp.fc.weight,-7,177264,2359296,0
300,blocks.6.mlp.fc.weight,-6,296911,2359296,0
300,blocks.6.mlp.fc.weight,-5,439925,2359296,0
300,blocks.6.mlp.fc.weight,-4,551376,2359296,0
300,blocks.6.mlp.fc.weight,-3,479941,2359296,0
300,blocks.6.mlp.fc.weight,-2,190023,2359296,0
300,blocks.6.mlp.fc.weight,-1,24865,2359296,0
300,blocks.6.mlp.fc.weight,0,956,2359296,0
300,blocks.6.mlp.fc.weight,1,6,2359296,0
300,blocks.6.mlp.fc.weight,2,0,2359296,0
300,blocks.6.mlp.fc.weight,3,0,2359296,0
300,blocks.6.mlp.fc.weight,4,0,2359296,0
300,blocks.6.mlp.fc.weight,5,0,2359296,0
300,blocks.6.mlp.fc.weight,6,0,2359296,0
300,blocks.6.mlp.fc.weight,7,0,2359296,0
300,blocks.6.mlp.fc.weight,8,0,2359296,0
300,blocks.6.mlp.fc.weight,9,0,2359296,0
300,blocks.6.mlp.fc.weight,10,0,2359296,0
300,blocks.6.mlp.fc.weight,11,0,2359296,0
300,blocks.6.mlp.fc.weight,12,0,2359296,0
300,blocks.6.mlp.fc.weight,13,0,2359296,0
300,blocks.6.mlp.fc.weight,14,0,2359296,0
300,blocks.6.mlp.fc.weight,15,0,2359296,0
300,blocks.6.mlp.fc.weight,16,0,2359296,0
300,blocks.6.mlp.fc.weight,17,0,2359296,0
300,blocks.6.mlp.fc.weight,18,0,2359296,0
300,blocks.6.mlp.fc.weight,19,0,2359296,0
300,blocks.6.mlp.fc.weight,20,0,2359296,0
300,blocks.6.mlp.fc.weight,21,0,2359296,0
300,blocks.6.mlp.fc.weight,22,0,2359296,0
300,blocks.6.mlp.fc.weight,23,0,2359296,0
300,blocks.6.mlp.fc.weight,24,0,2359296,0
300,blocks.6.mlp.fc.weight,25,0,2359296,0
300,blocks.6.mlp.fc.weight,26,0,2359296,0
300,blocks.6.mlp.fc.weight,27,0,2359296,0
300,blocks.6.mlp.fc.weight,28,0,2359296,0
300,blocks.6.mlp.fc.weight,29,0,2359296,0
300,blocks.6.mlp.fc.weight,30,0,2359296,0
300,blocks.6.mlp.fc.weight,31,0,2359296,0
300,blocks.6.mlp.fc.weight,32,0,2359296,0
300,blocks.6.mlp.fc.weight,33,0,2359296,0
300,blocks.6.mlp.fc.weight,34,0,2359296,0
300,blocks.6.mlp.fc.weight,35,0,2359296,0
300,blocks.6.mlp.fc.weight,36,0,2359296,0
300,blocks.6.mlp.fc.weight,37,0,2359296,0
300,blocks.6.mlp.fc.weight,38,0,2359296,0
300,blocks.6.mlp.fc.weight,39,0,2359296,0
300,blocks.6.mlp.fc.weight,40,0,2359296,0
300,blocks.6.mlp.fc.weight,41,0,2359296,0
300,blocks.6.mlp.fc.weight,42,0,2359296,0
300,blocks.6.mlp.fc.weight,43,0,2359296,0
300,blocks.6.mlp.fc.weight,44,0,2359296,0
300,blocks.6.mlp.fc.weight,45,0,2359296,0
300,blocks.6.mlp.fc.weight,46,0,2359296,0
300,blocks.6.mlp.fc.weight,47,0,2359296,0
300,blocks.6.mlp.fc.weight,48,0,2359296,0
300,blocks.6.mlp.fc.weight,49,0,2359296,0
300,blocks.6.mlp.fc.weight,50,0,2359296,0
300,blocks.6.mlp.fc.weight,51,0,2359296,0
300,blocks.6.mlp.fc.weight,52,0,2359296,0
300,blocks.6.mlp.fc.weight,53,0,2359296,0
300,blocks.6.mlp.fc.weight,54,0,2359296,0
300,blocks.6.mlp.fc.weight,55,0,2359296,0
300,blocks.6.mlp.fc.weight,56,0,2359296,0
300,blocks.6.mlp.fc.weight,57,0,2359296,0
300,blocks.6.mlp.fc.weight,58,0,2359296,0
300,blocks.6.mlp.fc.weight,59,0,2359296,0
300,blocks.6.mlp.fc.weight,60,0,2359296,0
300,blocks.6.mlp.fc.weight,61,0,2359296,0
300,blocks.6.mlp.fc.weight,62,0,2359296,0
300,blocks.6.mlp.fc.weight,63,0,2359296,0
300,blocks.6.mlp.fc.weight,64,0,2359296,0
300,blocks.6.mlp.fc.weight,65,0,2359296,0
300,blocks.6.mlp.fc.weight,66,0,2359296,0
300,blocks.6.mlp.fc.weight,67,0,2359296,0
300,blocks.6.mlp.fc.weight,68,0,2359296,0
300,blocks.6.mlp.fc.weight,69,0,2359296,0
300,blocks.6.mlp.fc.weight,70,0,2359296,0
300,blocks.6.mlp.fc.weight,71,0,2359296,0
300,blocks.6.mlp.fc.weight,72,0,2359296,0
300,blocks.6.mlp.fc.weight,73,0,2359296,0
300,blocks.6.mlp.fc.weight,74,0,2359296,0
300,blocks.6.mlp.fc.weight,75,0,2359296,0
300,blocks.6.mlp.fc.weight,76,0,2359296,0
300,blocks.6.mlp.fc.weight,77,0,2359296,0
300,blocks.6.mlp.fc.weight,78,0,2359296,0
300,blocks.6.mlp.fc.weight,79,0,2359296,0
300,blocks.6.mlp.fc.weight,80,0,2359296,0
300,blocks.6.mlp.fc.weight,81,0,2359296,0
300,blocks.6.mlp.fc.weight,82,0,2359296,0
300,blocks.6.mlp.fc.weight,83,0,2359296,0
300,blocks.6.mlp.fc.weight,84,0,2359296,0
300,blocks.6.mlp.fc.weight,85,0,2359296,0
300,blocks.6.mlp.fc.weight,86,0,2359296,0
300,blocks.6.mlp.fc.weight,87,0,2359296,0
300,blocks.6.mlp.fc.weight,88,0,2359296,0
300,blocks.6.mlp.fc.weight,89,0,2359296,0
300,blocks.6.mlp.fc.weight,90,0,2359296,0
300,blocks.6.mlp.fc.weight,91,0,2359296,0
300,blocks.6.mlp.fc.weight,92,0,2359296,0
300,blocks.6.mlp.fc.weight,93,0,2359296,0
300,blocks.6.mlp.fc.weight,94,0,2359296,0
300,blocks.6.mlp.fc.weight,95,0,2359296,0
300,blocks.6.mlp.fc.weight,96,0,2359296,0
300,blocks.6.mlp.fc.weight,97,0,2359296,0
300,blocks.6.mlp.fc.weight,98,0,2359296,0
300,blocks.6.mlp.fc.weight,99,0,2359296,0
300,blocks.6.mlp.fc.weight,100,0,2359296,0
300,blocks.6.mlp.fc.weight,101,0,2359296,0
300,blocks.6.mlp.fc.weight,102,0,2359296,0
300,blocks.6.mlp.fc.weight,103,0,2359296,0
300,blocks.6.mlp.fc.weight,104,0,2359296,0
300,blocks.6.mlp.fc.weight,105,0,2359296,0
300,blocks.6.mlp.fc.weight,106,0,2359296,0
300,blocks.6.mlp.fc.weight,107,0,2359296,0
300,blocks.6.mlp.fc.weight,108,0,2359296,0
300,blocks.6.mlp.fc.weight,109,0,2359296,0
300,blocks.6.mlp.fc.weight,110,0,2359296,0
300,blocks.6.mlp.fc.weight,111,0,2359296,0
300,blocks.6.mlp.fc.weight,112,0,2359296,0
300,blocks.6.mlp.fc.weight,113,0,2359296,0
300,blocks.6.mlp.fc.weight,114,0,2359296,0
300,blocks.6.mlp.fc.weight,115,0,2359296,0
300,blocks.6.mlp.fc.weight,116,0,2359296,0
300,blocks.6.mlp.fc.weight,117,0,2359296,0
300,blocks.6.mlp.fc.weight,118,0,2359296,0
300,blocks.6.mlp.fc.weight,119,0,2359296,0
300,blocks.6.mlp.fc.weight,120,0,2359296,0
300,blocks.6.mlp.fc.weight,121,0,2359296,0
300,blocks.6.mlp.fc.weight,122,0,2359296,0
300,blocks.6.mlp.fc.weight,123,0,2359296,0
300,blocks.6.mlp.fc.weight,124,0,2359296,0
300,blocks.6.mlp.fc.weight,125,0,2359296,0
300,blocks.6.mlp.fc.weight,126,0,2359296,0
300,blocks.6.mlp.fc.weight,127,0,2359296,0
300,blocks.6.mlp.fc.weight,128,0,2359296,0
300,blocks.6.mlp.proj.weight,-127,0,2359296,0
300,blocks.6.mlp.proj.weight,-126,0,2359296,0
300,blocks.6.mlp.proj.weight,-125,0,2359296,0
300,blocks.6.mlp.proj.weight,-124,0,2359296,0
300,blocks.6.mlp.proj.weight,-123,0,2359296,0
300,blocks.6.mlp.proj.weight,-122,0,2359296,0
300,blocks.6.mlp.proj.weight,-121,0,2359296,0
300,blocks.6.mlp.proj.weight,-120,0,2359296,0
300,blocks.6.mlp.proj.weight,-119,0,2359296,0
300,blocks.6.mlp.proj.weight,-118,0,2359296,0
300,blocks.6.mlp.proj.weight,-117,0,2359296,0
300,blocks.6.mlp.proj.weight,-116,0,2359296,0
300,blocks.6.mlp.proj.weight,-115,0,2359296,0
300,blocks.6.mlp.proj.weight,-114,0,2359296,0
300,blocks.6.mlp.proj.weight,-113,0,2359296,0
300,blocks.6.mlp.proj.weight,-112,0,2359296,0
300,blocks.6.mlp.proj.weight,-111,0,2359296,0
300,blocks.6.mlp.proj.weight,-110,0,2359296,0
300,blocks.6.mlp.proj.weight,-109,0,2359296,0
300,blocks.6.mlp.proj.weight,-108,0,2359296,0
300,blocks.6.mlp.proj.weight,-107,0,2359296,0
300,blocks.6.mlp.proj.weight,-106,0,2359296,0
300,blocks.6.mlp.proj.weight,-105,0,2359296,0
300,blocks.6.mlp.proj.weight,-104,0,2359296,0
300,blocks.6.mlp.proj.weight,-103,0,2359296,0
300,blocks.6.mlp.proj.weight,-102,0,2359296,0
300,blocks.6.mlp.proj.weight,-101,0,2359296,0
300,blocks.6.mlp.proj.weight,-100,0,2359296,0
300,blocks.6.mlp.proj.weight,-99,0,2359296,0
300,blocks.6.mlp.proj.weight,-98,0,2359296,0
300,blocks.6.mlp.proj.weight,-97,0,2359296,0
300,blocks.6.mlp.proj.weight,-96,0,2359296,0
300,blocks.6.mlp.proj.weight,-95,0,2359296,0
300,blocks.6.mlp.proj.weight,-94,0,2359296,0
300,blocks.6.mlp.proj.weight,-93,0,2359296,0
300,blocks.6.mlp.proj.weight,-92,0,2359296,0
300,blocks.6.mlp.proj.weight,-91,0,2359296,0
300,blocks.6.mlp.proj.weight,-90,0,2359296,0
300,blocks.6.mlp.proj.weight,-89,0,2359296,0
300,blocks.6.mlp.proj.weight,-88,0,2359296,0
300,blocks.6.mlp.proj.weight,-87,0,2359296,0
300,blocks.6.mlp.proj.weight,-86,0,2359296,0
300,blocks.6.mlp.proj.weight,-85,0,2359296,0
300,blocks.6.mlp.proj.weight,-84,0,2359296,0
300,blocks.6.mlp.proj.weight,-83,0,2359296,0
300,blocks.6.mlp.proj.weight,-82,0,2359296,0
300,blocks.6.mlp.proj.weight,-81,0,2359296,0
300,blocks.6.mlp.proj.weight,-80,0,2359296,0
300,blocks.6.mlp.proj.weight,-79,0,2359296,0
300,blocks.6.mlp.proj.weight,-78,0,2359296,0
300,blocks.6.mlp.proj.weight,-77,0,2359296,0
300,blocks.6.mlp.proj.weight,-76,0,2359296,0
300,blocks.6.mlp.proj.weight,-75,0,2359296,0
300,blocks.6.mlp.proj.weight,-74,0,2359296,0
300,blocks.6.mlp.proj.weight,-73,0,2359296,0
300,blocks.6.mlp.proj.weight,-72,0,2359296,0
300,blocks.6.mlp.proj.weight,-71,0,2359296,0
300,blocks.6.mlp.proj.weight,-70,0,2359296,0
300,blocks.6.mlp.proj.weight,-69,0,2359296,0
300,blocks.6.mlp.proj.weight,-68,0,2359296,0
300,blocks.6.mlp.proj.weight,-67,0,2359296,0
300,blocks.6.mlp.proj.weight,-66,0,2359296,0
300,blocks.6.mlp.proj.weight,-65,0,2359296,0
300,blocks.6.mlp.proj.weight,-64,0,2359296,0
300,blocks.6.mlp.proj.weight,-63,0,2359296,0
300,blocks.6.mlp.proj.weight,-62,0,2359296,0
300,blocks.6.mlp.proj.weight,-61,0,2359296,0
300,blocks.6.mlp.proj.weight,-60,0,2359296,0
300,blocks.6.mlp.proj.weight,-59,0,2359296,0
300,blocks.6.mlp.proj.weight,-58,0,2359296,0
300,blocks.6.mlp.proj.weight,-57,0,2359296,0
300,blocks.6.mlp.proj.weight,-56,0,2359296,0
300,blocks.6.mlp.proj.weight,-55,0,2359296,0
300,blocks.6.mlp.proj.weight,-54,0,2359296,0
300,blocks.6.mlp.proj.weight,-53,0,2359296,0
300,blocks.6.mlp.proj.weight,-52,0,2359296,0
300,blocks.6.mlp.proj.weight,-51,0,2359296,0
300,blocks.6.mlp.proj.weight,-50,0,2359296,0
300,blocks.6.mlp.proj.weight,-49,0,2359296,0
300,blocks.6.mlp.proj.weight,-48,0,2359296,0
300,blocks.6.mlp.proj.weight,-47,0,2359296,0
300,blocks.6.mlp.proj.weight,-46,0,2359296,0
300,blocks.6.mlp.proj.weight,-45,0,2359296,0
300,blocks.6.mlp.proj.weight,-44,0,2359296,0
300,blocks.6.mlp.proj.weight,-43,0,2359296,0
300,blocks.6.mlp.proj.weight,-42,0,2359296,0
300,blocks.6.mlp.proj.weight,-41,0,2359296,0
300,blocks.6.mlp.proj.weight,-40,0,2359296,0
300,blocks.6.mlp.proj.weight,-39,0,2359296,0
300,blocks.6.mlp.proj.weight,-38,0,2359296,0
300,blocks.6.mlp.proj.weight,-37,0,2359296,0
300,blocks.6.mlp.proj.weight,-36,0,2359296,0
300,blocks.6.mlp.proj.weight,-35,1,2359296,0
300,blocks.6.mlp.proj.weight,-34,1,2359296,0
300,blocks.6.mlp.proj.weight,-33,5,2359296,0
300,blocks.6.mlp.proj.weight,-32,9,2359296,0
300,blocks.6.mlp.proj.weight,-31,28,2359296,0
300,blocks.6.mlp.proj.weight,-30,47,2359296,0
300,blocks.6.mlp.proj.weight,-29,56,2359296,0
300,blocks.6.mlp.proj.weight,-28,22,2359296,0
300,blocks.6.mlp.proj.weight,-27,0,2359296,0
300,blocks.6.mlp.proj.weight,-26,0,2359296,0
300,blocks.6.mlp.proj.weight,-25,0,2359296,0
300,blocks.6.mlp.proj.weight,-24,0,2359296,0
300,blocks.6.mlp.proj.weight,-23,0,2359296,0
300,blocks.6.mlp.proj.weight,-22,1,2359296,0
300,blocks.6.mlp.proj.weight,-21,2,2359296,0
300,blocks.6.mlp.proj.weight,-20,5,2359296,0
300,blocks.6.mlp.proj.weight,-19,12,2359296,0
300,blocks.6.mlp.proj.weight,-18,41,2359296,0
300,blocks.6.mlp.proj.weight,-17,93,2359296,0
300,blocks.6.mlp.proj.weight,-16,256,2359296,0
300,blocks.6.mlp.proj.weight,-15,532,2359296,0
300,blocks.6.mlp.proj.weight,-14,1111,2359296,0
300,blocks.6.mlp.proj.weight,-13,2158,2359296,0
300,blocks.6.mlp.proj.weight,-12,4561,2359296,0
300,blocks.6.mlp.proj.weight,-11,8958,2359296,0
300,blocks.6.mlp.proj.weight,-10,18053,2359296,0
300,blocks.6.mlp.proj.weight,-9,35737,2359296,0
300,blocks.6.mlp.proj.weight,-8,69424,2359296,0
300,blocks.6.mlp.proj.weight,-7,130215,2359296,0
300,blocks.6.mlp.proj.weight,-6,231133,2359296,0
300,blocks.6.mlp.proj.weight,-5,376235,2359296,0
300,blocks.6.mlp.proj.weight,-4,536843,2359296,0
300,blocks.6.mlp.proj.weight,-3,583458,2359296,0
300,blocks.6.mlp.proj.weight,-2,318901,2359296,0
300,blocks.6.mlp.proj.weight,-1,40878,2359296,0
300,blocks.6.mlp.proj.weight,0,520,2359296,0
300,blocks.6.mlp.proj.weight,1,0,2359296,0
300,blocks.6.mlp.proj.weight,2,0,2359296,0
300,blocks.6.mlp.proj.weight,3,0,2359296,0
300,blocks.6.mlp.proj.weight,4,0,2359296,0
300,blocks.6.mlp.proj.weight,5,0,2359296,0
300,blocks.6.mlp.proj.weight,6,0,2359296,0
300,blocks.6.mlp.proj.weight,7,0,2359296,0
300,blocks.6.mlp.proj.weight,8,0,2359296,0
300,blocks.6.mlp.proj.weight,9,0,2359296,0
300,blocks.6.mlp.proj.weight,10,0,2359296,0
300,blocks.6.mlp.proj.weight,11,0,2359296,0
300,blocks.6.mlp.proj.weight,12,0,2359296,0
300,blocks.6.mlp.proj.weight,13,0,2359296,0
300,blocks.6.mlp.proj.weight,14,0,2359296,0
300,blocks.6.mlp.proj.weight,15,0,2359296,0
300,blocks.6.mlp.proj.weight,16,0,2359296,0
300,blocks.6.mlp.proj.weight,17,0,2359296,0
300,blocks.6.mlp.proj.weight,18,0,2359296,0
300,blocks.6.mlp.proj.weight,19,0,2359296,0
300,blocks.6.mlp.proj.weight,20,0,2359296,0
300,blocks.6.mlp.proj.weight,21,0,2359296,0
300,blocks.6.mlp.proj.weight,22,0,2359296,0
300,blocks.6.mlp.proj.weight,23,0,2359296,0
300,blocks.6.mlp.proj.weight,24,0,2359296,0
300,blocks.6.mlp.proj.weight,25,0,2359296,0
300,blocks.6.mlp.proj.weight,26,0,2359296,0
300,blocks.6.mlp.proj.weight,27,0,2359296,0
300,blocks.6.mlp.proj.weight,28,0,2359296,0
300,blocks.6.mlp.proj.weight,29,0,2359296,0
300,blocks.6.mlp.proj.weight,30,0,2359296,0
300,blocks.6.mlp.proj.weight,31,0,2359296,0
300,blocks.6.mlp.proj.weight,32,0,2359296,0
300,blocks.6.mlp.proj.weight,33,0,2359296,0
300,blocks.6.mlp.proj.weight,34,0,2359296,0
300,blocks.6.mlp.proj.weight,35,0,2359296,0
300,blocks.6.mlp.proj.weight,36,0,2359296,0
300,blocks.6.mlp.proj.weight,37,0,2359296,0
300,blocks.6.mlp.proj.weight,38,0,2359296,0
300,blocks.6.mlp.proj.weight,39,0,2359296,0
300,blocks.6.mlp.proj.weight,40,0,2359296,0
300,blocks.6.mlp.proj.weight,41,0,2359296,0
300,blocks.6.mlp.proj.weight,42,0,2359296,0
300,blocks.6.mlp.proj.weight,43,0,2359296,0
300,blocks.6.mlp.proj.weight,44,0,2359296,0
300,blocks.6.mlp.proj.weight,45,0,2359296,0
300,blocks.6.mlp.proj.weight,46,0,2359296,0
300,blocks.6.mlp.proj.weight,47,0,2359296,0
300,blocks.6.mlp.proj.weight,48,0,2359296,0
300,blocks.6.mlp.proj.weight,49,0,2359296,0
300,blocks.6.mlp.proj.weight,50,0,2359296,0
300,blocks.6.mlp.proj.weight,51,0,2359296,0
300,blocks.6.mlp.proj.weight,52,0,2359296,0
300,blocks.6.mlp.proj.weight,53,0,2359296,0
300,blocks.6.mlp.proj.weight,54,0,2359296,0
300,blocks.6.mlp.proj.weight,55,0,2359296,0
300,blocks.6.mlp.proj.weight,56,0,2359296,0
300,blocks.6.mlp.proj.weight,57,0,2359296,0
300,blocks.6.mlp.proj.weight,58,0,2359296,0
300,blocks.6.mlp.proj.weight,59,0,2359296,0
300,blocks.6.mlp.proj.weight,60,0,2359296,0
300,blocks.6.mlp.proj.weight,61,0,2359296,0
300,blocks.6.mlp.proj.weight,62,0,2359296,0
300,blocks.6.mlp.proj.weight,63,0,2359296,0
300,blocks.6.mlp.proj.weight,64,0,2359296,0
300,blocks.6.mlp.proj.weight,65,0,2359296,0
300,blocks.6.mlp.proj.weight,66,0,2359296,0
300,blocks.6.mlp.proj.weight,67,0,2359296,0
300,blocks.6.mlp.proj.weight,68,0,2359296,0
300,blocks.6.mlp.proj.weight,69,0,2359296,0
300,blocks.6.mlp.proj.weight,70,0,2359296,0
300,blocks.6.mlp.proj.weight,71,0,2359296,0
300,blocks.6.mlp.proj.weight,72,0,2359296,0
300,blocks.6.mlp.proj.weight,73,0,2359296,0
300,blocks.6.mlp.proj.weight,74,0,2359296,0
300,blocks.6.mlp.proj.weight,75,0,2359296,0
300,blocks.6.mlp.proj.weight,76,0,2359296,0
300,blocks.6.mlp.proj.weight,77,0,2359296,0
300,blocks.6.mlp.proj.weight,78,0,2359296,0
300,blocks.6.mlp.proj.weight,79,0,2359296,0
300,blocks.6.mlp.proj.weight,80,0,2359296,0
300,blocks.6.mlp.proj.weight,81,0,2359296,0
300,blocks.6.mlp.proj.weight,82,0,2359296,0
300,blocks.6.mlp.proj.weight,83,0,2359296,0
300,blocks.6.mlp.proj.weight,84,0,2359296,0
300,blocks.6.mlp.proj.weight,85,0,2359296,0
300,blocks.6.mlp.proj.weight,86,0,2359296,0
300,blocks.6.mlp.proj.weight,87,0,2359296,0
300,blocks.6.mlp.proj.weight,88,0,2359296,0
300,blocks.6.mlp.proj.weight,89,0,2359296,0
300,blocks.6.mlp.proj.weight,90,0,2359296,0
300,blocks.6.mlp.proj.weight,91,0,2359296,0
300,blocks.6.mlp.proj.weight,92,0,2359296,0
300,blocks.6.mlp.proj.weight,93,0,2359296,0
300,blocks.6.mlp.proj.weight,94,0,2359296,0
300,blocks.6.mlp.proj.weight,95,0,2359296,0
300,blocks.6.mlp.proj.weight,96,0,2359296,0
300,blocks.6.mlp.proj.weight,97,0,2359296,0
300,blocks.6.mlp.proj.weight,98,0,2359296,0
300,blocks.6.mlp.proj.weight,99,0,2359296,0
300,blocks.6.mlp.proj.weight,100,0,2359296,0
300,blocks.6.mlp.proj.weight,101,0,2359296,0
300,blocks.6.mlp.proj.weight,102,0,2359296,0
300,blocks.6.mlp.proj.weight,103,0,2359296,0
300,blocks.6.mlp.proj.weight,104,0,2359296,0
300,blocks.6.mlp.proj.weight,105,0,2359296,0
300,blocks.6.mlp.proj.weight,106,0,2359296,0
300,blocks.6.mlp.proj.weight,107,0,2359296,0
300,blocks.6.mlp.proj.weight,108,0,2359296,0
300,blocks.6.mlp.proj.weight,109,0,2359296,0
300,blocks.6.mlp.proj.weight,110,0,2359296,0
300,blocks.6.mlp.proj.weight,111,0,2359296,0
300,blocks.6.mlp.proj.weight,112,0,2359296,0
300,blocks.6.mlp.proj.weight,113,0,2359296,0
300,blocks.6.mlp.proj.weight,114,0,2359296,0
300,blocks.6.mlp.proj.weight,115,0,2359296,0
300,blocks.6.mlp.proj.weight,116,0,2359296,0
300,blocks.6.mlp.proj.weight,117,0,2359296,0
300,blocks.6.mlp.proj.weight,118,0,2359296,0
300,blocks.6.mlp.proj.weight,119,0,2359296,0
300,blocks.6.mlp.proj.weight,120,0,2359296,0
300,blocks.6.mlp.proj.weight,121,0,2359296,0
300,blocks.6.mlp.proj.weight,122,0,2359296,0
300,blocks.6.mlp.proj.weight,123,0,2359296,0
300,blocks.6.mlp.proj.weight,124,0,2359296,0
300,blocks.6.mlp.proj.weight,125,0,2359296,0
300,blocks.6.mlp.proj.weight,126,0,2359296,0
300,blocks.6.mlp.proj.weight,127,0,2359296,0
300,blocks.6.mlp.proj.weight,128,0,2359296,0
300,blocks.7.mlp.fc.weight,-127,0,2359296,0
300,blocks.7.mlp.fc.weight,-126,0,2359296,0
300,blocks.7.mlp.fc.weight,-125,0,2359296,0
300,blocks.7.mlp.fc.weight,-124,0,2359296,0
300,blocks.7.mlp.fc.weight,-123,0,2359296,0
300,blocks.7.mlp.fc.weight,-122,0,2359296,0
300,blocks.7.mlp.fc.weight,-121,0,2359296,0
300,blocks.7.mlp.fc.weight,-120,0,2359296,0
300,blocks.7.mlp.fc.weight,-119,0,2359296,0
300,blocks.7.mlp.fc.weight,-118,0,2359296,0
300,blocks.7.mlp.fc.weight,-117,0,2359296,0
300,blocks.7.mlp.fc.weight,-116,0,2359296,0
300,blocks.7.mlp.fc.weight,-115,0,2359296,0
300,blocks.7.mlp.fc.weight,-114,0,2359296,0
300,blocks.7.mlp.fc.weight,-113,0,2359296,0
300,blocks.7.mlp.fc.weight,-112,0,2359296,0
300,blocks.7.mlp.fc.weight,-111,0,2359296,0
300,blocks.7.mlp.fc.weight,-110,0,2359296,0
300,blocks.7.mlp.fc.weight,-109,0,2359296,0
300,blocks.7.mlp.fc.weight,-108,0,2359296,0
300,blocks.7.mlp.fc.weight,-107,0,2359296,0
300,blocks.7.mlp.fc.weight,-106,0,2359296,0
300,blocks.7.mlp.fc.weight,-105,0,2359296,0
300,blocks.7.mlp.fc.weight,-104,0,2359296,0
300,blocks.7.mlp.fc.weight,-103,0,2359296,0
300,blocks.7.mlp.fc.weight,-102,0,2359296,0
300,blocks.7.mlp.fc.weight,-101,0,2359296,0
300,blocks.7.mlp.fc.weight,-100,0,2359296,0
300,blocks.7.mlp.fc.weight,-99,0,2359296,0
300,blocks.7.mlp.fc.weight,-98,0,2359296,0
300,blocks.7.mlp.fc.weight,-97,0,2359296,0
300,blocks.7.mlp.fc.weight,-96,0,2359296,0
300,blocks.7.mlp.fc.weight,-95,0,2359296,0
300,blocks.7.mlp.fc.weight,-94,0,2359296,0
300,blocks.7.mlp.fc.weight,-93,0,2359296,0
300,blocks.7.mlp.fc.weight,-92,0,2359296,0
300,blocks.7.mlp.fc.weight,-91,0,2359296,0
300,blocks.7.mlp.fc.weight,-90,0,2359296,0
300,blocks.7.mlp.fc.weight,-89,0,2359296,0
300,blocks.7.mlp.fc.weight,-88,0,2359296,0
300,blocks.7.mlp.fc.weight,-87,0,2359296,0
300,blocks.7.mlp.fc.weight,-86,0,2359296,0
300,blocks.7.mlp.fc.weight,-85,0,2359296,0
300,blocks.7.mlp.fc.weight,-84,0,2359296,0
300,blocks.7.mlp.fc.weight,-83,0,2359296,0
300,blocks.7.mlp.fc.weight,-82,0,2359296,0
300,blocks.7.mlp.fc.weight,-81,0,2359296,0
300,blocks.7.mlp.fc.weight,-80,0,2359296,0
300,blocks.7.mlp.fc.weight,-79,0,2359296,0
300,blocks.7.mlp.fc.weight,-78,0,2359296,0
300,blocks.7.mlp.fc.weight,-77,0,2359296,0
300,blocks.7.mlp.fc.weight,-76,0,2359296,0
300,blocks.7.mlp.fc.weight,-75,0,2359296,0
300,blocks.7.mlp.fc.weight,-74,0,2359296,0
300,blocks.7.mlp.fc.weight,-73,0,2359296,0
300,blocks.7.mlp.fc.weight,-72,0,2359296,0
300,blocks.7.mlp.fc.weight,-71,0,2359296,0
300,blocks.7.mlp.fc.weight,-70,0,2359296,0
300,blocks.7.mlp.fc.weight,-69,0,2359296,0
300,blocks.7.mlp.fc.weight,-68,0,2359296,0
300,blocks.7.mlp.fc.weight,-67,0,2359296,0
300,blocks.7.mlp.fc.weight,-66,0,2359296,0
300,blocks.7.mlp.fc.weight,-65,0,2359296,0
300,blocks.7.mlp.fc.weight,-64,0,2359296,0
300,blocks.7.mlp.fc.weight,-63,0,2359296,0
300,blocks.7.mlp.fc.weight,-62,0,2359296,0
300,blocks.7.mlp.fc.weight,-61,0,2359296,0
300,blocks.7.mlp.fc.weight,-60,0,2359296,0
300,blocks.7.mlp.fc.weight,-59,0,2359296,0
300,blocks.7.mlp.fc.weight,-58,0,2359296,0
300,blocks.7.mlp.fc.weight,-57,0,2359296,0
300,blocks.7.mlp.fc.weight,-56,0,2359296,0
300,blocks.7.mlp.fc.weight,-55,0,2359296,0
300,blocks.7.mlp.fc.weight,-54,0,2359296,0
300,blocks.7.mlp.fc.weight,-53,0,2359296,0
300,blocks.7.mlp.fc.weight,-52,0,2359296,0
300,blocks.7.mlp.fc.weight,-51,0,2359296,0
300,blocks.7.mlp.fc.weight,-50,0,2359296,0
300,blocks.7.mlp.fc.weight,-49,0,2359296,0
300,blocks.7.mlp.fc.weight,-48,0,2359296,0
300,blocks.7.mlp.fc.weight,-47,0,2359296,0
300,blocks.7.mlp.fc.weight,-46,0,2359296,0
300,blocks.7.mlp.fc.weight,-45,0,2359296,0
300,blocks.7.mlp.fc.weight,-44,0,2359296,0
300,blocks.7.mlp.fc.weight,-43,0,2359296,0
300,blocks.7.mlp.fc.weight,-42,0,2359296,0
300,blocks.7.mlp.fc.weight,-41,0,2359296,0
300,blocks.7.mlp.fc.weight,-40,0,2359296,0
300,blocks.7.mlp.fc.weight,-39,0,2359296,0
300,blocks.7.mlp.fc.weight,-38,0,2359296,0
300,blocks.7.mlp.fc.weight,-37,0,2359296,0
300,blocks.7.mlp.fc.weight,-36,0,2359296,0
300,blocks.7.mlp.fc.weight,-35,2,2359296,0
300,blocks.7.mlp.fc.weight,-34,2,2359296,0
300,blocks.7.mlp.fc.weight,-33,2,2359296,0
300,blocks.7.mlp.fc.weight,-32,16,2359296,0
300,blocks.7.mlp.fc.weight,-31,23,2359296,0
300,blocks.7.mlp.fc.weight,-30,40,2359296,0
300,blocks.7.mlp.fc.weight,-29,27,2359296,0
300,blocks.7.mlp.fc.weight,-28,10,2359296,0
300,blocks.7.mlp.fc.weight,-27,4,2359296,0
300,blocks.7.mlp.fc.weight,-26,0,2359296,0
300,blocks.7.mlp.fc.weight,-25,0,2359296,0
300,blocks.7.mlp.fc.weight,-24,0,2359296,0
300,blocks.7.mlp.fc.weight,-23,0,2359296,0
300,blocks.7.mlp.fc.weight,-22,3,2359296,0
300,blocks.7.mlp.fc.weight,-21,4,2359296,0
300,blocks.7.mlp.fc.weight,-20,11,2359296,0
300,blocks.7.mlp.fc.weight,-19,27,2359296,0
300,blocks.7.mlp.fc.weight,-18,63,2359296,0
300,blocks.7.mlp.fc.weight,-17,161,2359296,0
300,blocks.7.mlp.fc.weight,-16,372,2359296,0
300,blocks.7.mlp.fc.weight,-15,698,2359296,0
300,blocks.7.mlp.fc.weight,-14,1418,2359296,0
300,blocks.7.mlp.fc.weight,-13,2902,2359296,0
300,blocks.7.mlp.fc.weight,-12,5806,2359296,0
300,blocks.7.mlp.fc.weight,-11,11601,2359296,0
300,blocks.7.mlp.fc.weight,-10,23195,2359296,0
300,blocks.7.mlp.fc.weight,-9,45946,2359296,0
300,blocks.7.mlp.fc.weight,-8,90254,2359296,0
300,blocks.7.mlp.fc.weight,-7,167042,2359296,0
300,blocks.7.mlp.fc.weight,-6,282780,2359296,0
300,blocks.7.mlp.fc.weight,-5,426153,2359296,0
300,blocks.7.mlp.fc.weight,-4,551456,2359296,0
300,blocks.7.mlp.fc.weight,-3,504140,2359296,0
300,blocks.7.mlp.fc.weight,-2,212744,2359296,0
300,blocks.7.mlp.fc.weight,-1,30706,2359296,0
300,blocks.7.mlp.fc.weight,0,1661,2359296,0
300,blocks.7.mlp.fc.weight,1,27,2359296,0
300,blocks.7.mlp.fc.weight,2,0,2359296,0
300,blocks.7.mlp.fc.weight,3,0,2359296,0
300,blocks.7.mlp.fc.weight,4,0,2359296,0
300,blocks.7.mlp.fc.weight,5,0,2359296,0
300,blocks.7.mlp.fc.weight,6,0,2359296,0
300,blocks.7.mlp.fc.weight,7,0,2359296,0
300,blocks.7.mlp.fc.weight,8,0,2359296,0
300,blocks.7.mlp.fc.weight,9,0,2359296,0
300,blocks.7.mlp.fc.weight,10,0,2359296,0
300,blocks.7.mlp.fc.weight,11,0,2359296,0
300,blocks.7.mlp.fc.weight,12,0,2359296,0
300,blocks.7.mlp.fc.weight,13,0,2359296,0
300,blocks.7.mlp.fc.weight,14,0,2359296,0
300,blocks.7.mlp.fc.weight,15,0,2359296,0
300,blocks.7.mlp.fc.weight,16,0,2359296,0
300,blocks.7.mlp.fc.weight,17,0,2359296,0
300,blocks.7.mlp.fc.weight,18,0,2359296,0
300,blocks.7.mlp.fc.weight,19,0,2359296,0
300,blocks.7.mlp.fc.weight,20,0,2359296,0
300,blocks.7.mlp.fc.weight,21,0,2359296,0
300,blocks.7.mlp.fc.weight,22,0,2359296,0
300,blocks.7.mlp.fc.weight,23,0,2359296,0
300,blocks.7.mlp.fc.weight,24,0,2359296,0
300,blocks.7.mlp.fc.weight,25,0,2359296,0
300,blocks.7.mlp.fc.weight,26,0,2359296,0
300,blocks.7.mlp.fc.weight,27,0,2359296,0
300,blocks.7.mlp.fc.weight,28,0,2359296,0
300,blocks.7.mlp.fc.weight,29,0,2359296,0
300,blocks.7.mlp.fc.weight,30,0,2359296,0
300,blocks.7.mlp.fc.weight,31,0,2359296,0
300,blocks.7.mlp.fc.weight,32,0,2359296,0
300,blocks.7.mlp.fc.weight,33,0,2359296,0
300,blocks.7.mlp.fc.weight,34,0,2359296,0
300,blocks.7.mlp.fc.weight,35,0,2359296,0
300,blocks.7.mlp.fc.weight,36,0,2359296,0
300,blocks.7.mlp.fc.weight,37,0,2359296,0
300,blocks.7.mlp.fc.weight,38,0,2359296,0
300,blocks.7.mlp.fc.weight,39,0,2359296,0
300,blocks.7.mlp.fc.weight,40,0,2359296,0
300,blocks.7.mlp.fc.weight,41,0,2359296,0
300,blocks.7.mlp.fc.weight,42,0,2359296,0
300,blocks.7.mlp.fc.weight,43,0,2359296,0
300,blocks.7.mlp.fc.weight,44,0,2359296,0
300,blocks.7.mlp.fc.weight,45,0,2359296,0
300,blocks.7.mlp.fc.weight,46,0,2359296,0
300,blocks.7.mlp.fc.weight,47,0,2359296,0
300,blocks.7.mlp.fc.weight,48,0,2359296,0
300,blocks.7.mlp.fc.weight,49,0,2359296,0
300,blocks.7.mlp.fc.weight,50,0,2359296,0
300,blocks.7.mlp.fc.weight,51,0,2359296,0
300,blocks.7.mlp.fc.weight,52,0,2359296,0
300,blocks.7.mlp.fc.weight,53,0,2359296,0
300,blocks.7.mlp.fc.weight,54,0,2359296,0
300,blocks.7.mlp.fc.weight,55,0,2359296,0
300,blocks.7.mlp.fc.weight,56,0,2359296,0
300,blocks.7.mlp.fc.weight,57,0,2359296,0
300,blocks.7.mlp.fc.weight,58,0,2359296,0
300,blocks.7.mlp.fc.weight,59,0,2359296,0
300,blocks.7.mlp.fc.weight,60,0,2359296,0
300,blocks.7.mlp.fc.weight,61,0,2359296,0
300,blocks.7.mlp.fc.weight,62,0,2359296,0
300,blocks.7.mlp.fc.weight,63,0,2359296,0
300,blocks.7.mlp.fc.weight,64,0,2359296,0
300,blocks.7.mlp.fc.weight,65,0,2359296,0
300,blocks.7.mlp.fc.weight,66,0,2359296,0
300,blocks.7.mlp.fc.weight,67,0,2359296,0
300,blocks.7.mlp.fc.weight,68,0,2359296,0
300,blocks.7.mlp.fc.weight,69,0,2359296,0
300,blocks.7.mlp.fc.weight,70,0,2359296,0
300,blocks.7.mlp.fc.weight,71,0,2359296,0
300,blocks.7.mlp.fc.weight,72,0,2359296,0
300,blocks.7.mlp.fc.weight,73,0,2359296,0
300,blocks.7.mlp.fc.weight,74,0,2359296,0
300,blocks.7.mlp.fc.weight,75,0,2359296,0
300,blocks.7.mlp.fc.weight,76,0,2359296,0
300,blocks.7.mlp.fc.weight,77,0,2359296,0
300,blocks.7.mlp.fc.weight,78,0,2359296,0
300,blocks.7.mlp.fc.weight,79,0,2359296,0
300,blocks.7.mlp.fc.weight,80,0,2359296,0
300,blocks.7.mlp.fc.weight,81,0,2359296,0
300,blocks.7.mlp.fc.weight,82,0,2359296,0
300,blocks.7.mlp.fc.weight,83,0,2359296,0
300,blocks.7.mlp.fc.weight,84,0,2359296,0
300,blocks.7.mlp.fc.weight,85,0,2359296,0
300,blocks.7.mlp.fc.weight,86,0,2359296,0
300,blocks.7.mlp.fc.weight,87,0,2359296,0
300,blocks.7.mlp.fc.weight,88,0,2359296,0
300,blocks.7.mlp.fc.weight,89,0,2359296,0
300,blocks.7.mlp.fc.weight,90,0,2359296,0
300,blocks.7.mlp.fc.weight,91,0,2359296,0
300,blocks.7.mlp.fc.weight,92,0,2359296,0
300,blocks.7.mlp.fc.weight,93,0,2359296,0
300,blocks.7.mlp.fc.weight,94,0,2359296,0
300,blocks.7.mlp.fc.weight,95,0,2359296,0
300,blocks.7.mlp.fc.weight,96,0,2359296,0
300,blocks.7.mlp.fc.weight,97,0,2359296,0
300,blocks.7.mlp.fc.weight,98,0,2359296,0
300,blocks.7.mlp.fc.weight,99,0,2359296,0
300,blocks.7.mlp.fc.weight,100,0,2359296,0
300,blocks.7.mlp.fc.weight,101,0,2359296,0
300,blocks.7.mlp.fc.weight,102,0,2359296,0
300,blocks.7.mlp.fc.weight,103,0,2359296,0
300,blocks.7.mlp.fc.weight,104,0,2359296,0
300,blocks.7.mlp.fc.weight,105,0,2359296,0
300,blocks.7.mlp.fc.weight,106,0,2359296,0
300,blocks.7.mlp.fc.weight,107,0,2359296,0
300,blocks.7.mlp.fc.weight,108,0,2359296,0
300,blocks.7.mlp.fc.weight,109,0,2359296,0
300,blocks.7.mlp.fc.weight,110,0,2359296,0
300,blocks.7.mlp.fc.weight,111,0,2359296,0
300,blocks.7.mlp.fc.weight,112,0,2359296,0
300,blocks.7.mlp.fc.weight,113,0,2359296,0
300,blocks.7.mlp.fc.weight,114,0,2359296,0
300,blocks.7.mlp.fc.weight,115,0,2359296,0
300,blocks.7.mlp.fc.weight,116,0,2359296,0
300,blocks.7.mlp.fc.weight,117,0,2359296,0
300,blocks.7.mlp.fc.weight,118,0,2359296,0
300,blocks.7.mlp.fc.weight,119,0,2359296,0
300,blocks.7.mlp.fc.weight,120,0,2359296,0
300,blocks.7.mlp.fc.weight,121,0,2359296,0
300,blocks.7.mlp.fc.weight,122,0,2359296,0
300,blocks.7.mlp.fc.weight,123,0,2359296,0
300,blocks.7.mlp.fc.weight,124,0,2359296,0
300,blocks.7.mlp.fc.weight,125,0,2359296,0
300,blocks.7.mlp.fc.weight,126,0,2359296,0
300,blocks.7.mlp.fc.weight,127,0,2359296,0
300,blocks.7.mlp.fc.weight,128,0,2359296,0
300,blocks.7.mlp.proj.weight,-127,0,2359296,0
300,blocks.7.mlp.proj.weight,-126,0,2359296,0
300,blocks.7.mlp.proj.weight,-125,0,2359296,0
300,blocks.7.mlp.proj.weight,-124,0,2359296,0
300,blocks.7.mlp.proj.weight,-123,0,2359296,0
300,blocks.7.mlp.proj.weight,-122,0,2359296,0
300,blocks.7.mlp.proj.weight,-121,0,2359296,0
300,blocks.7.mlp.proj.weight,-120,0,2359296,0
300,blocks.7.mlp.proj.weight,-119,0,2359296,0
300,blocks.7.mlp.proj.weight,-118,0,2359296,0
300,blocks.7.mlp.proj.weight,-117,0,2359296,0
300,blocks.7.mlp.proj.weight,-116,0,2359296,0
300,blocks.7.mlp.proj.weight,-115,0,2359296,0
300,blocks.7.mlp.proj.weight,-114,0,2359296,0
300,blocks.7.mlp.proj.weight,-113,0,2359296,0
300,blocks.7.mlp.proj.weight,-112,0,2359296,0
300,blocks.7.mlp.proj.weight,-111,0,2359296,0
300,blocks.7.mlp.proj.weight,-110,0,2359296,0
300,blocks.7.mlp.proj.weight,-109,0,2359296,0
300,blocks.7.mlp.proj.weight,-108,0,2359296,0
300,blocks.7.mlp.proj.weight,-107,0,2359296,0
300,blocks.7.mlp.proj.weight,-106,0,2359296,0
300,blocks.7.mlp.proj.weight,-105,0,2359296,0
300,blocks.7.mlp.proj.weight,-104,0,2359296,0
300,blocks.7.mlp.proj.weight,-103,0,2359296,0
300,blocks.7.mlp.proj.weight,-102,0,2359296,0
300,blocks.7.mlp.proj.weight,-101,0,2359296,0
300,blocks.7.mlp.proj.weight,-100,0,2359296,0
300,blocks.7.mlp.proj.weight,-99,0,2359296,0
300,blocks.7.mlp.proj.weight,-98,0,2359296,0
300,blocks.7.mlp.proj.weight,-97,0,2359296,0
300,blocks.7.mlp.proj.weight,-96,0,2359296,0
300,blocks.7.mlp.proj.weight,-95,0,2359296,0
300,blocks.7.mlp.proj.weight,-94,0,2359296,0
300,blocks.7.mlp.proj.weight,-93,0,2359296,0
300,blocks.7.mlp.proj.weight,-92,0,2359296,0
300,blocks.7.mlp.proj.weight,-91,0,2359296,0
300,blocks.7.mlp.proj.weight,-90,0,2359296,0
300,blocks.7.mlp.proj.weight,-89,0,2359296,0
300,blocks.7.mlp.proj.weight,-88,0,2359296,0
300,blocks.7.mlp.proj.weight,-87,0,2359296,0
300,blocks.7.mlp.proj.weight,-86,0,2359296,0
300,blocks.7.mlp.proj.weight,-85,0,2359296,0
300,blocks.7.mlp.proj.weight,-84,0,2359296,0
300,blocks.7.mlp.proj.weight,-83,0,2359296,0
300,blocks.7.mlp.proj.weight,-82,0,2359296,0
300,blocks.7.mlp.proj.weight,-81,0,2359296,0
300,blocks.7.mlp.proj.weight,-80,0,2359296,0
300,blocks.7.mlp.proj.weight,-79,0,2359296,0
300,blocks.7.mlp.proj.weight,-78,0,2359296,0
300,blocks.7.mlp.proj.weight,-77,0,2359296,0
300,blocks.7.mlp.proj.weight,-76,0,2359296,0
300,blocks.7.mlp.proj.weight,-75,0,2359296,0
300,blocks.7.mlp.proj.weight,-74,0,2359296,0
300,blocks.7.mlp.proj.weight,-73,0,2359296,0
300,blocks.7.mlp.proj.weight,-72,0,2359296,0
300,blocks.7.mlp.proj.weight,-71,0,2359296,0
300,blocks.7.mlp.proj.weight,-70,0,2359296,0
300,blocks.7.mlp.proj.weight,-69,0,2359296,0
300,blocks.7.mlp.proj.weight,-68,0,2359296,0
300,blocks.7.mlp.proj.weight,-67,0,2359296,0
300,blocks.7.mlp.proj.weight,-66,0,2359296,0
300,blocks.7.mlp.proj.weight,-65,0,2359296,0
300,blocks.7.mlp.proj.weight,-64,0,2359296,0
300,blocks.7.mlp.proj.weight,-63,0,2359296,0
300,blocks.7.mlp.proj.weight,-62,0,2359296,0
300,blocks.7.mlp.proj.weight,-61,0,2359296,0
300,blocks.7.mlp.proj.weight,-60,0,2359296,0
300,blocks.7.mlp.proj.weight,-59,0,2359296,0
300,blocks.7.mlp.proj.weight,-58,0,2359296,0
300,blocks.7.mlp.proj.weight,-57,0,2359296,0
300,blocks.7.mlp.proj.weight,-56,0,2359296,0
300,blocks.7.mlp.proj.weight,-55,0,2359296,0
300,blocks.7.mlp.proj.weight,-54,0,2359296,0
300,blocks.7.mlp.proj.weight,-53,0,2359296,0
300,blocks.7.mlp.proj.weight,-52,0,2359296,0
300,blocks.7.mlp.proj.weight,-51,0,2359296,0
300,blocks.7.mlp.proj.weight,-50,0,2359296,0
300,blocks.7.mlp.proj.weight,-49,0,2359296,0
300,blocks.7.mlp.proj.weight,-48,0,2359296,0
300,blocks.7.mlp.proj.weight,-47,0,2359296,0
300,blocks.7.mlp.proj.weight,-46,0,2359296,0
300,blocks.7.mlp.proj.weight,-45,0,2359296,0
300,blocks.7.mlp.proj.weight,-44,0,2359296,0
300,blocks.7.mlp.proj.weight,-43,0,2359296,0
300,blocks.7.mlp.proj.weight,-42,0,2359296,0
300,blocks.7.mlp.proj.weight,-41,0,2359296,0
300,blocks.7.mlp.proj.weight,-40,0,2359296,0
300,blocks.7.mlp.proj.weight,-39,0,2359296,0
300,blocks.7.mlp.proj.weight,-38,0,2359296,0
300,blocks.7.mlp.proj.weight,-37,0,2359296,0
300,blocks.7.mlp.proj.weight,-36,0,2359296,0
300,blocks.7.mlp.proj.weight,-35,0,2359296,0
300,blocks.7.mlp.proj.weight,-34,2,2359296,0
300,blocks.7.mlp.proj.weight,-33,5,2359296,0
300,blocks.7.mlp.proj.weight,-32,10,2359296,0
300,blocks.7.mlp.proj.weight,-31,23,2359296,0
300,blocks.7.mlp.proj.weight,-30,55,2359296,0
300,blocks.7.mlp.proj.weight,-29,49,2359296,0
300,blocks.7.mlp.proj.weight,-28,20,2359296,0
300,blocks.7.mlp.proj.weight,-27,1,2359296,0
300,blocks.7.mlp.proj.weight,-26,0,2359296,0
300,blocks.7.mlp.proj.weight,-25,0,2359296,0
300,blocks.7.mlp.proj.weight,-24,0,2359296,0
300,blocks.7.mlp.proj.weight,-23,1,2359296,0
300,blocks.7.mlp.proj.weight,-22,1,2359296,0
300,blocks.7.mlp.proj.weight,-21,0,2359296,0
300,blocks.7.mlp.proj.weight,-20,6,2359296,0
300,blocks.7.mlp.proj.weight,-19,11,2359296,0
300,blocks.7.mlp.proj.weight,-18,38,2359296,0
300,blocks.7.mlp.proj.weight,-17,107,2359296,0
300,blocks.7.mlp.proj.weight,-16,261,2359296,0
300,blocks.7.mlp.proj.weight,-15,506,2359296,0
300,blocks.7.mlp.proj.weight,-14,998,2359296,0
300,blocks.7.mlp.proj.weight,-13,2108,2359296,0
300,blocks.7.mlp.proj.weight,-12,4311,2359296,0
300,blocks.7.mlp.proj.weight,-11,8395,2359296,0
300,blocks.7.mlp.proj.weight,-10,16706,2359296,0
300,blocks.7.mlp.proj.weight,-9,33371,2359296,0
300,blocks.7.mlp.proj.weight,-8,64966,2359296,0
300,blocks.7.mlp.proj.weight,-7,123729,2359296,0
300,blocks.7.mlp.proj.weight,-6,220664,2359296,0
300,blocks.7.mlp.proj.weight,-5,362187,2359296,0
300,blocks.7.mlp.proj.weight,-4,526288,2359296,0
300,blocks.7.mlp.proj.weight,-3,592588,2359296,0
300,blocks.7.mlp.proj.weight,-2,349459,2359296,0
300,blocks.7.mlp.proj.weight,-1,51616,2359296,0
300,blocks.7.mlp.proj.weight,0,812,2359296,0
300,blocks.7.mlp.proj.weight,1,2,2359296,0
300,blocks.7.mlp.proj.weight,2,0,2359296,0
300,blocks.7.mlp.proj.weight,3,0,2359296,0
300,blocks.7.mlp.proj.weight,4,0,2359296,0
300,blocks.7.mlp.proj.weight,5,0,2359296,0
300,blocks.7.mlp.proj.weight,6,0,2359296,0
300,blocks.7.mlp.proj.weight,7,0,2359296,0
300,blocks.7.mlp.proj.weight,8,0,2359296,0
300,blocks.7.mlp.proj.weight,9,0,2359296,0
300,blocks.7.mlp.proj.weight,10,0,2359296,0
300,blocks.7.mlp.proj.weight,11,0,2359296,0
300,blocks.7.mlp.proj.weight,12,0,2359296,0
300,blocks.7.mlp.proj.weight,13,0,2359296,0
300,blocks.7.mlp.proj.weight,14,0,2359296,0
300,blocks.7.mlp.proj.weight,15,0,2359296,0
300,blocks.7.mlp.proj.weight,16,0,2359296,0
300,blocks.7.mlp.proj.weight,17,0,2359296,0
300,blocks.7.mlp.proj.weight,18,0,2359296,0
300,blocks.7.mlp.proj.weight,19,0,2359296,0
300,blocks.7.mlp.proj.weight,20,0,2359296,0
300,blocks.7.mlp.proj.weight,21,0,2359296,0
300,blocks.7.mlp.proj.weight,22,0,2359296,0
300,blocks.7.mlp.proj.weight,23,0,2359296,0
300,blocks.7.mlp.proj.weight,24,0,2359296,0
300,blocks.7.mlp.proj.weight,25,0,2359296,0
300,blocks.7.mlp.proj.weight,26,0,2359296,0
300,blocks.7.mlp.proj.weight,27,0,2359296,0
300,blocks.7.mlp.proj.weight,28,0,2359296,0
300,blocks.7.mlp.proj.weight,29,0,2359296,0
300,blocks.7.mlp.proj.weight,30,0,2359296,0
300,blocks.7.mlp.proj.weight,31,0,2359296,0
300,blocks.7.mlp.proj.weight,32,0,2359296,0
300,blocks.7.mlp.proj.weight,33,0,2359296,0
300,blocks.7.mlp.proj.weight,34,0,2359296,0
300,blocks.7.mlp.proj.weight,35,0,2359296,0
300,blocks.7.mlp.proj.weight,36,0,2359296,0
300,blocks.7.mlp.proj.weight,37,0,2359296,0
300,blocks.7.mlp.proj.weight,38,0,2359296,0
300,blocks.7.mlp.proj.weight,39,0,2359296,0
300,blocks.7.mlp.proj.weight,40,0,2359296,0
300,blocks.7.mlp.proj.weight,41,0,2359296,0
300,blocks.7.mlp.proj.weight,42,0,2359296,0
300,blocks.7.mlp.proj.weight,43,0,2359296,0
300,blocks.7.mlp.proj.weight,44,0,2359296,0
300,blocks.7.mlp.proj.weight,45,0,2359296,0
300,blocks.7.mlp.proj.weight,46,0,2359296,0
300,blocks.7.mlp.proj.weight,47,0,2359296,0
300,blocks.7.mlp.proj.weight,48,0,2359296,0
300,blocks.7.mlp.proj.weight,49,0,2359296,0
300,blocks.7.mlp.proj.weight,50,0,2359296,0
300,blocks.7.mlp.proj.weight,51,0,2359296,0
300,blocks.7.mlp.proj.weight,52,0,2359296,0
300,blocks.7.mlp.proj.weight,53,0,2359296,0
300,blocks.7.mlp.proj.weight,54,0,2359296,0
300,blocks.7.mlp.proj.weight,55,0,2359296,0
300,blocks.7.mlp.proj.weight,56,0,2359296,0
300,blocks.7.mlp.proj.weight,57,0,2359296,0
300,blocks.7.mlp.proj.weight,58,0,2359296,0
300,blocks.7.mlp.proj.weight,59,0,2359296,0
300,blocks.7.mlp.proj.weight,60,0,2359296,0
300,blocks.7.mlp.proj.weight,61,0,2359296,0
300,blocks.7.mlp.proj.weight,62,0,2359296,0
300,blocks.7.mlp.proj.weight,63,0,2359296,0
300,blocks.7.mlp.proj.weight,64,0,2359296,0
300,blocks.7.mlp.proj.weight,65,0,2359296,0
300,blocks.7.mlp.proj.weight,66,0,2359296,0
300,blocks.7.mlp.proj.weight,67,0,2359296,0
300,blocks.7.mlp.proj.weight,68,0,2359296,0
300,blocks.7.mlp.proj.weight,69,0,2359296,0
300,blocks.7.mlp.proj.weight,70,0,2359296,0
300,blocks.7.mlp.proj.weight,71,0,2359296,0
300,blocks.7.mlp.proj.weight,72,0,2359296,0
300,blocks.7.mlp.proj.weight,73,0,2359296,0
300,blocks.7.mlp.proj.weight,74,0,2359296,0
300,blocks.7.mlp.proj.weight,75,0,2359296,0
300,blocks.7.mlp.proj.weight,76,0,2359296,0
300,blocks.7.mlp.proj.weight,77,0,2359296,0
300,blocks.7.mlp.proj.weight,78,0,2359296,0
300,blocks.7.mlp.proj.weight,79,0,2359296,0
300,blocks.7.mlp.proj.weight,80,0,2359296,0
300,blocks.7.mlp.proj.weight,81,0,2359296,0
300,blocks.7.mlp.proj.weight,82,0,2359296,0
300,blocks.7.mlp.proj.weight,83,0,2359296,0
300,blocks.7.mlp.proj.weight,84,0,2359296,0
300,blocks.7.mlp.proj.weight,85,0,2359296,0
300,blocks.7.mlp.proj.weight,86,0,2359296,0
300,blocks.7.mlp.proj.weight,87,0,2359296,0
300,blocks.7.mlp.proj.weight,88,0,2359296,0
300,blocks.7.mlp.proj.weight,89,0,2359296,0
300,blocks.7.mlp.proj.weight,90,0,2359296,0
300,blocks.7.mlp.proj.weight,91,0,2359296,0
300,blocks.7.mlp.proj.weight,92,0,2359296,0
300,blocks.7.mlp.proj.weight,93,0,2359296,0
300,blocks.7.mlp.proj.weight,94,0,2359296,0
300,blocks.7.mlp.proj.weight,95,0,2359296,0
300,blocks.7.mlp.proj.weight,96,0,2359296,0
300,blocks.7.mlp.proj.weight,97,0,2359296,0
300,blocks.7.mlp.proj.weight,98,0,2359296,0
300,blocks.7.mlp.proj.weight,99,0,2359296,0
300,blocks.7.mlp.proj.weight,100,0,2359296,0
300,blocks.7.mlp.proj.weight,101,0,2359296,0
300,blocks.7.mlp.proj.weight,102,0,2359296,0
300,blocks.7.mlp.proj.weight,103,0,2359296,0
300,blocks.7.mlp.proj.weight,104,0,2359296,0
300,blocks.7.mlp.proj.weight,105,0,2359296,0
300,blocks.7.mlp.proj.weight,106,0,2359296,0
300,blocks.7.mlp.proj.weight,107,0,2359296,0
300,blocks.7.mlp.proj.weight,108,0,2359296,0
300,blocks.7.mlp.proj.weight,109,0,2359296,0
300,blocks.7.mlp.proj.weight,110,0,2359296,0
300,blocks.7.mlp.proj.weight,111,0,2359296,0
300,blocks.7.mlp.proj.weight,112,0,2359296,0
300,blocks.7.mlp.proj.weight,113,0,2359296,0
300,blocks.7.mlp.proj.weight,114,0,2359296,0
300,blocks.7.mlp.proj.weight,115,0,2359296,0
300,blocks.7.mlp.proj.weight,116,0,2359296,0
300,blocks.7.mlp.proj.weight,117,0,2359296,0
300,blocks.7.mlp.proj.weight,118,0,2359296,0
300,blocks.7.mlp.proj.weight,119,0,2359296,0
300,blocks.7.mlp.proj.weight,120,0,2359296,0
300,blocks.7.mlp.proj.weight,121,0,2359296,0
300,blocks.7.mlp.proj.weight,122,0,2359296,0
300,blocks.7.mlp.proj.weight,123,0,2359296,0
300,blocks.7.mlp.proj.weight,124,0,2359296,0
300,blocks.7.mlp.proj.weight,125,0,2359296,0
300,blocks.7.mlp.proj.weight,126,0,2359296,0
300,blocks.7.mlp.proj.weight,127,0,2359296,0
300,blocks.7.mlp.proj.weight,128,0,2359296,0
300,blocks.8.mlp.fc.weight,-127,0,2359296,0
300,blocks.8.mlp.fc.weight,-126,0,2359296,0
300,blocks.8.mlp.fc.weight,-125,0,2359296,0
300,blocks.8.mlp.fc.weight,-124,0,2359296,0
300,blocks.8.mlp.fc.weight,-123,0,2359296,0
300,blocks.8.mlp.fc.weight,-122,0,2359296,0
300,blocks.8.mlp.fc.weight,-121,0,2359296,0
300,blocks.8.mlp.fc.weight,-120,0,2359296,0
300,blocks.8.mlp.fc.weight,-119,0,2359296,0
300,blocks.8.mlp.fc.weight,-118,0,2359296,0
300,blocks.8.mlp.fc.weight,-117,0,2359296,0
300,blocks.8.mlp.fc.weight,-116,0,2359296,0
300,blocks.8.mlp.fc.weight,-115,0,2359296,0
300,blocks.8.mlp.fc.weight,-114,0,2359296,0
300,blocks.8.mlp.fc.weight,-113,0,2359296,0
300,blocks.8.mlp.fc.weight,-112,0,2359296,0
300,blocks.8.mlp.fc.weight,-111,0,2359296,0
300,blocks.8.mlp.fc.weight,-110,0,2359296,0
300,blocks.8.mlp.fc.weight,-109,0,2359296,0
300,blocks.8.mlp.fc.weight,-108,0,2359296,0
300,blocks.8.mlp.fc.weight,-107,0,2359296,0
300,blocks.8.mlp.fc.weight,-106,0,2359296,0
300,blocks.8.mlp.fc.weight,-105,0,2359296,0
300,blocks.8.mlp.fc.weight,-104,0,2359296,0
300,blocks.8.mlp.fc.weight,-103,0,2359296,0
300,blocks.8.mlp.fc.weight,-102,0,2359296,0
300,blocks.8.mlp.fc.weight,-101,0,2359296,0
300,blocks.8.mlp.fc.weight,-100,0,2359296,0
300,blocks.8.mlp.fc.weight,-99,0,2359296,0
300,blocks.8.mlp.fc.weight,-98,0,2359296,0
300,blocks.8.mlp.fc.weight,-97,0,2359296,0
300,blocks.8.mlp.fc.weight,-96,0,2359296,0
300,blocks.8.mlp.fc.weight,-95,0,2359296,0
300,blocks.8.mlp.fc.weight,-94,0,2359296,0
300,blocks.8.mlp.fc.weight,-93,0,2359296,0
300,blocks.8.mlp.fc.weight,-92,0,2359296,0
300,blocks.8.mlp.fc.weight,-91,0,2359296,0
300,blocks.8.mlp.fc.weight,-90,0,2359296,0
300,blocks.8.mlp.fc.weight,-89,0,2359296,0
300,blocks.8.mlp.fc.weight,-88,0,2359296,0
300,blocks.8.mlp.fc.weight,-87,0,2359296,0
300,blocks.8.mlp.fc.weight,-86,0,2359296,0
300,blocks.8.mlp.fc.weight,-85,0,2359296,0
300,blocks.8.mlp.fc.weight,-84,0,2359296,0
300,blocks.8.mlp.fc.weight,-83,0,2359296,0
300,blocks.8.mlp.fc.weight,-82,0,2359296,0
300,blocks.8.mlp.fc.weight,-81,0,2359296,0
300,blocks.8.mlp.fc.weight,-80,0,2359296,0
300,blocks.8.mlp.fc.weight,-79,0,2359296,0
300,blocks.8.mlp.fc.weight,-78,0,2359296,0
300,blocks.8.mlp.fc.weight,-77,0,2359296,0
300,blocks.8.mlp.fc.weight,-76,0,2359296,0
300,blocks.8.mlp.fc.weight,-75,0,2359296,0
300,blocks.8.mlp.fc.weight,-74,0,2359296,0
300,blocks.8.mlp.fc.weight,-73,0,2359296,0
300,blocks.8.mlp.fc.weight,-72,0,2359296,0
300,blocks.8.mlp.fc.weight,-71,0,2359296,0
300,blocks.8.mlp.fc.weight,-70,0,2359296,0
300,blocks.8.mlp.fc.weight,-69,0,2359296,0
300,blocks.8.mlp.fc.weight,-68,0,2359296,0
300,blocks.8.mlp.fc.weight,-67,0,2359296,0
300,blocks.8.mlp.fc.weight,-66,0,2359296,0
300,blocks.8.mlp.fc.weight,-65,0,2359296,0
300,blocks.8.mlp.fc.weight,-64,0,2359296,0
300,blocks.8.mlp.fc.weight,-63,0,2359296,0
300,blocks.8.mlp.fc.weight,-62,0,2359296,0
300,blocks.8.mlp.fc.weight,-61,0,2359296,0
300,blocks.8.mlp.fc.weight,-60,0,2359296,0
300,blocks.8.mlp.fc.weight,-59,0,2359296,0
300,blocks.8.mlp.fc.weight,-58,0,2359296,0
300,blocks.8.mlp.fc.weight,-57,0,2359296,0
300,blocks.8.mlp.fc.weight,-56,0,2359296,0
300,blocks.8.mlp.fc.weight,-55,0,2359296,0
300,blocks.8.mlp.fc.weight,-54,0,2359296,0
300,blocks.8.mlp.fc.weight,-53,0,2359296,0
300,blocks.8.mlp.fc.weight,-52,0,2359296,0
300,blocks.8.mlp.fc.weight,-51,0,2359296,0
300,blocks.8.mlp.fc.weight,-50,0,2359296,0
300,blocks.8.mlp.fc.weight,-49,0,2359296,0
300,blocks.8.mlp.fc.weight,-48,0,2359296,0
300,blocks.8.mlp.fc.weight,-47,0,2359296,0
300,blocks.8.mlp.fc.weight,-46,0,2359296,0
300,blocks.8.mlp.fc.weight,-45,0,2359296,0
300,blocks.8.mlp.fc.weight,-44,0,2359296,0
300,blocks.8.mlp.fc.weight,-43,0,2359296,0
300,blocks.8.mlp.fc.weight,-42,0,2359296,0
300,blocks.8.mlp.fc.weight,-41,0,2359296,0
300,blocks.8.mlp.fc.weight,-40,0,2359296,0
300,blocks.8.mlp.fc.weight,-39,0,2359296,0
300,blocks.8.mlp.fc.weight,-38,0,2359296,0
300,blocks.8.mlp.fc.weight,-37,0,2359296,0
300,blocks.8.mlp.fc.weight,-36,0,2359296,0
300,blocks.8.mlp.fc.weight,-35,2,2359296,0
300,blocks.8.mlp.fc.weight,-34,2,2359296,0
300,blocks.8.mlp.fc.weight,-33,7,2359296,0
300,blocks.8.mlp.fc.weight,-32,15,2359296,0
300,blocks.8.mlp.fc.weight,-31,29,2359296,0
300,blocks.8.mlp.fc.weight,-30,40,2359296,0
300,blocks.8.mlp.fc.weight,-29,31,2359296,0
300,blocks.8.mlp.fc.weight,-28,3,2359296,0
300,blocks.8.mlp.fc.weight,-27,6,2359296,0
300,blocks.8.mlp.fc.weight,-26,0,2359296,0
300,blocks.8.mlp.fc.weight,-25,0,2359296,0
300,blocks.8.mlp.fc.weight,-24,0,2359296,0
300,blocks.8.mlp.fc.weight,-23,0,2359296,0
300,blocks.8.mlp.fc.weight,-22,0,2359296,0
300,blocks.8.mlp.fc.weight,-21,3,2359296,0
300,blocks.8.mlp.fc.weight,-20,3,2359296,0
300,blocks.8.mlp.fc.weight,-19,27,2359296,0
300,blocks.8.mlp.fc.weight,-18,76,2359296,0
300,blocks.8.mlp.fc.weight,-17,162,2359296,0
300,blocks.8.mlp.fc.weight,-16,365,2359296,0
300,blocks.8.mlp.fc.weight,-15,663,2359296,0
300,blocks.8.mlp.fc.weight,-14,1498,2359296,0
300,blocks.8.mlp.fc.weight,-13,2884,2359296,0
300,blocks.8.mlp.fc.weight,-12,5812,2359296,0
300,blocks.8.mlp.fc.weight,-11,11681,2359296,0
300,blocks.8.mlp.fc.weight,-10,23186,2359296,0
300,blocks.8.mlp.fc.weight,-9,46017,2359296,0
300,blocks.8.mlp.fc.weight,-8,90140,2359296,0
300,blocks.8.mlp.fc.weight,-7,167029,2359296,0
300,blocks.8.mlp.fc.weight,-6,286098,2359296,0
300,blocks.8.mlp.fc.weight,-5,435304,2359296,0
300,blocks.8.mlp.fc.weight,-4,558775,2359296,0
300,blocks.8.mlp.fc.weight,-3,502093,2359296,0
300,blocks.8.mlp.fc.weight,-2,200151,2359296,0
300,blocks.8.mlp.fc.weight,-1,25695,2359296,0
300,blocks.8.mlp.fc.weight,0,1434,2359296,0
300,blocks.8.mlp.fc.weight,1,61,2359296,0
300,blocks.8.mlp.fc.weight,2,4,2359296,0
300,blocks.8.mlp.fc.weight,3,0,2359296,0
300,blocks.8.mlp.fc.weight,4,0,2359296,0
300,blocks.8.mlp.fc.weight,5,0,2359296,0
300,blocks.8.mlp.fc.weight,6,0,2359296,0
300,blocks.8.mlp.fc.weight,7,0,2359296,0
300,blocks.8.mlp.fc.weight,8,0,2359296,0
300,blocks.8.mlp.fc.weight,9,0,2359296,0
300,blocks.8.mlp.fc.weight,10,0,2359296,0
300,blocks.8.mlp.fc.weight,11,0,2359296,0
300,blocks.8.mlp.fc.weight,12,0,2359296,0
300,blocks.8.mlp.fc.weight,13,0,2359296,0
300,blocks.8.mlp.fc.weight,14,0,2359296,0
300,blocks.8.mlp.fc.weight,15,0,2359296,0
300,blocks.8.mlp.fc.weight,16,0,2359296,0
300,blocks.8.mlp.fc.weight,17,0,2359296,0
300,blocks.8.mlp.fc.weight,18,0,2359296,0
300,blocks.8.mlp.fc.weight,19,0,2359296,0
300,blocks.8.mlp.fc.weight,20,0,2359296,0
300,blocks.8.mlp.fc.weight,21,0,2359296,0
300,blocks.8.mlp.fc.weight,22,0,2359296,0
300,blocks.8.mlp.fc.weight,23,0,2359296,0
300,blocks.8.mlp.fc.weight,24,0,2359296,0
300,blocks.8.mlp.fc.weight,25,0,2359296,0
300,blocks.8.mlp.fc.weight,26,0,2359296,0
300,blocks.8.mlp.fc.weight,27,0,2359296,0
300,blocks.8.mlp.fc.weight,28,0,2359296,0
300,blocks.8.mlp.fc.weight,29,0,2359296,0
300,blocks.8.mlp.fc.weight,30,0,2359296,0
300,blocks.8.mlp.fc.weight,31,0,2359296,0
300,blocks.8.mlp.fc.weight,32,0,2359296,0
300,blocks.8.mlp.fc.weight,33,0,2359296,0
300,blocks.8.mlp.fc.weight,34,0,2359296,0
300,blocks.8.mlp.fc.weight,35,0,2359296,0
300,blocks.8.mlp.fc.weight,36,0,2359296,0
300,blocks.8.mlp.fc.weight,37,0,2359296,0
300,blocks.8.mlp.fc.weight,38,0,2359296,0
300,blocks.8.mlp.fc.weight,39,0,2359296,0
300,blocks.8.mlp.fc.weight,40,0,2359296,0
300,blocks.8.mlp.fc.weight,41,0,2359296,0
300,blocks.8.mlp.fc.weight,42,0,2359296,0
300,blocks.8.mlp.fc.weight,43,0,2359296,0
300,blocks.8.mlp.fc.weight,44,0,2359296,0
300,blocks.8.mlp.fc.weight,45,0,2359296,0
300,blocks.8.mlp.fc.weight,46,0,2359296,0
300,blocks.8.mlp.fc.weight,47,0,2359296,0
300,blocks.8.mlp.fc.weight,48,0,2359296,0
300,blocks.8.mlp.fc.weight,49,0,2359296,0
300,blocks.8.mlp.fc.weight,50,0,2359296,0
300,blocks.8.mlp.fc.weight,51,0,2359296,0
300,blocks.8.mlp.fc.weight,52,0,2359296,0
300,blocks.8.mlp.fc.weight,53,0,2359296,0
300,blocks.8.mlp.fc.weight,54,0,2359296,0
300,blocks.8.mlp.fc.weight,55,0,2359296,0
300,blocks.8.mlp.fc.weight,56,0,2359296,0
300,blocks.8.mlp.fc.weight,57,0,2359296,0
300,blocks.8.mlp.fc.weight,58,0,2359296,0
300,blocks.8.mlp.fc.weight,59,0,2359296,0
300,blocks.8.mlp.fc.weight,60,0,2359296,0
300,blocks.8.mlp.fc.weight,61,0,2359296,0
300,blocks.8.mlp.fc.weight,62,0,2359296,0
300,blocks.8.mlp.fc.weight,63,0,2359296,0
300,blocks.8.mlp.fc.weight,64,0,2359296,0
300,blocks.8.mlp.fc.weight,65,0,2359296,0
300,blocks.8.mlp.fc.weight,66,0,2359296,0
300,blocks.8.mlp.fc.weight,67,0,2359296,0
300,blocks.8.mlp.fc.weight,68,0,2359296,0
300,blocks.8.mlp.fc.weight,69,0,2359296,0
300,blocks.8.mlp.fc.weight,70,0,2359296,0
300,blocks.8.mlp.fc.weight,71,0,2359296,0
300,blocks.8.mlp.fc.weight,72,0,2359296,0
300,blocks.8.mlp.fc.weight,73,0,2359296,0
300,blocks.8.mlp.fc.weight,74,0,2359296,0
300,blocks.8.mlp.fc.weight,75,0,2359296,0
300,blocks.8.mlp.fc.weight,76,0,2359296,0
300,blocks.8.mlp.fc.weight,77,0,2359296,0
300,blocks.8.mlp.fc.weight,78,0,2359296,0
300,blocks.8.mlp.fc.weight,79,0,2359296,0
300,blocks.8.mlp.fc.weight,80,0,2359296,0
300,blocks.8.mlp.fc.weight,81,0,2359296,0
300,blocks.8.mlp.fc.weight,82,0,2359296,0
300,blocks.8.mlp.fc.weight,83,0,2359296,0
300,blocks.8.mlp.fc.weight,84,0,2359296,0
300,blocks.8.mlp.fc.weight,85,0,2359296,0
300,blocks.8.mlp.fc.weight,86,0,2359296,0
300,blocks.8.mlp.fc.weight,87,0,2359296,0
300,blocks.8.mlp.fc.weight,88,0,2359296,0
300,blocks.8.mlp.fc.weight,89,0,2359296,0
300,blocks.8.mlp.fc.weight,90,0,2359296,0
300,blocks.8.mlp.fc.weight,91,0,2359296,0
300,blocks.8.mlp.fc.weight,92,0,2359296,0
300,blocks.8.mlp.fc.weight,93,0,2359296,0
300,blocks.8.mlp.fc.weight,94,0,2359296,0
300,blocks.8.mlp.fc.weight,95,0,2359296,0
300,blocks.8.mlp.fc.weight,96,0,2359296,0
300,blocks.8.mlp.fc.weight,97,0,2359296,0
300,blocks.8.mlp.fc.weight,98,0,2359296,0
300,blocks.8.mlp.fc.weight,99,0,2359296,0
300,blocks.8.mlp.fc.weight,100,0,2359296,0
300,blocks.8.mlp.fc.weight,101,0,2359296,0
300,blocks.8.mlp.fc.weight,102,0,2359296,0
300,blocks.8.mlp.fc.weight,103,0,2359296,0
300,blocks.8.mlp.fc.weight,104,0,2359296,0
300,blocks.8.mlp.fc.weight,105,0,2359296,0
300,blocks.8.mlp.fc.weight,106,0,2359296,0
300,blocks.8.mlp.fc.weight,107,0,2359296,0
300,blocks.8.mlp.fc.weight,108,0,2359296,0
300,blocks.8.mlp.fc.weight,109,0,2359296,0
300,blocks.8.mlp.fc.weight,110,0,2359296,0
300,blocks.8.mlp.fc.weight,111,0,2359296,0
300,blocks.8.mlp.fc.weight,112,0,2359296,0
300,blocks.8.mlp.fc.weight,113,0,2359296,0
300,blocks.8.mlp.fc.weight,114,0,2359296,0
300,blocks.8.mlp.fc.weight,115,0,2359296,0
300,blocks.8.mlp.fc.weight,116,0,2359296,0
300,blocks.8.mlp.fc.weight,117,0,2359296,0
300,blocks.8.mlp.fc.weight,118,0,2359296,0
300,blocks.8.mlp.fc.weight,119,0,2359296,0
300,blocks.8.mlp.fc.weight,120,0,2359296,0
300,blocks.8.mlp.fc.weight,121,0,2359296,0
300,blocks.8.mlp.fc.weight,122,0,2359296,0
300,blocks.8.mlp.fc.weight,123,0,2359296,0
300,blocks.8.mlp.fc.weight,124,0,2359296,0
300,blocks.8.mlp.fc.weight,125,0,2359296,0
300,blocks.8.mlp.fc.weight,126,0,2359296,0
300,blocks.8.mlp.fc.weight,127,0,2359296,0
300,blocks.8.mlp.fc.weight,128,0,2359296,0
300,blocks.8.mlp.proj.weight,-127,0,2359296,0
300,blocks.8.mlp.proj.weight,-126,0,2359296,0
300,blocks.8.mlp.proj.weight,-125,0,2359296,0
300,blocks.8.mlp.proj.weight,-124,0,2359296,0
300,blocks.8.mlp.proj.weight,-123,0,2359296,0
300,blocks.8.mlp.proj.weight,-122,0,2359296,0
300,blocks.8.mlp.proj.weight,-121,0,2359296,0
300,blocks.8.mlp.proj.weight,-120,0,2359296,0
300,blocks.8.mlp.proj.weight,-119,0,2359296,0
300,blocks.8.mlp.proj.weight,-118,0,2359296,0
300,blocks.8.mlp.proj.weight,-117,0,2359296,0
300,blocks.8.mlp.proj.weight,-116,0,2359296,0
300,blocks.8.mlp.proj.weight,-115,0,2359296,0
300,blocks.8.mlp.proj.weight,-114,0,2359296,0
300,blocks.8.mlp.proj.weight,-113,0,2359296,0
300,blocks.8.mlp.proj.weight,-112,0,2359296,0
300,blocks.8.mlp.proj.weight,-111,0,2359296,0
300,blocks.8.mlp.proj.weight,-110,0,2359296,0
300,blocks.8.mlp.proj.weight,-109,0,2359296,0
300,blocks.8.mlp.proj.weight,-108,0,2359296,0
300,blocks.8.mlp.proj.weight,-107,0,2359296,0
300,blocks.8.mlp.proj.weight,-106,0,2359296,0
300,blocks.8.mlp.proj.weight,-105,0,2359296,0
300,blocks.8.mlp.proj.weight,-104,0,2359296,0
300,blocks.8.mlp.proj.weight,-103,0,2359296,0
300,blocks.8.mlp.proj.weight,-102,0,2359296,0
300,blocks.8.mlp.proj.weight,-101,0,2359296,0
300,blocks.8.mlp.proj.weight,-100,0,2359296,0
300,blocks.8.mlp.proj.weight,-99,0,2359296,0
300,blocks.8.mlp.proj.weight,-98,0,2359296,0
300,blocks.8.mlp.proj.weight,-97,0,2359296,0
300,blocks.8.mlp.proj.weight,-96,0,2359296,0
300,blocks.8.mlp.proj.weight,-95,0,2359296,0
300,blocks.8.mlp.proj.weight,-94,0,2359296,0
300,blocks.8.mlp.proj.weight,-93,0,2359296,0
300,blocks.8.mlp.proj.weight,-92,0,2359296,0
300,blocks.8.mlp.proj.weight,-91,0,2359296,0
300,blocks.8.mlp.proj.weight,-90,0,2359296,0
300,blocks.8.mlp.proj.weight,-89,0,2359296,0
300,blocks.8.mlp.proj.weight,-88,0,2359296,0
300,blocks.8.mlp.proj.weight,-87,0,2359296,0
300,blocks.8.mlp.proj.weight,-86,0,2359296,0
300,blocks.8.mlp.proj.weight,-85,0,2359296,0
300,blocks.8.mlp.proj.weight,-84,0,2359296,0
300,blocks.8.mlp.proj.weight,-83,0,2359296,0
300,blocks.8.mlp.proj.weight,-82,0,2359296,0
300,blocks.8.mlp.proj.weight,-81,0,2359296,0
300,blocks.8.mlp.proj.weight,-80,0,2359296,0
300,blocks.8.mlp.proj.weight,-79,0,2359296,0
300,blocks.8.mlp.proj.weight,-78,0,2359296,0
300,blocks.8.mlp.proj.weight,-77,0,2359296,0
300,blocks.8.mlp.proj.weight,-76,0,2359296,0
300,blocks.8.mlp.proj.weight,-75,0,2359296,0
300,blocks.8.mlp.proj.weight,-74,0,2359296,0
300,blocks.8.mlp.proj.weight,-73,0,2359296,0
300,blocks.8.mlp.proj.weight,-72,0,2359296,0
300,blocks.8.mlp.proj.weight,-71,0,2359296,0
300,blocks.8.mlp.proj.weight,-70,0,2359296,0
300,blocks.8.mlp.proj.weight,-69,0,2359296,0
300,blocks.8.mlp.proj.weight,-68,0,2359296,0
300,blocks.8.mlp.proj.weight,-67,0,2359296,0
300,blocks.8.mlp.proj.weight,-66,0,2359296,0
300,blocks.8.mlp.proj.weight,-65,0,2359296,0
300,blocks.8.mlp.proj.weight,-64,0,2359296,0
300,blocks.8.mlp.proj.weight,-63,0,2359296,0
300,blocks.8.mlp.proj.weight,-62,0,2359296,0
300,blocks.8.mlp.proj.weight,-61,0,2359296,0
300,blocks.8.mlp.proj.weight,-60,0,2359296,0
300,blocks.8.mlp.proj.weight,-59,0,2359296,0
300,blocks.8.mlp.proj.weight,-58,0,2359296,0
300,blocks.8.mlp.proj.weight,-57,0,2359296,0
300,blocks.8.mlp.proj.weight,-56,0,2359296,0
300,blocks.8.mlp.proj.weight,-55,0,2359296,0
300,blocks.8.mlp.proj.weight,-54,0,2359296,0
300,blocks.8.mlp.proj.weight,-53,0,2359296,0
300,blocks.8.mlp.proj.weight,-52,0,2359296,0
300,blocks.8.mlp.proj.weight,-51,0,2359296,0
300,blocks.8.mlp.proj.weight,-50,0,2359296,0
300,blocks.8.mlp.proj.weight,-49,0,2359296,0
300,blocks.8.mlp.proj.weight,-48,0,2359296,0
300,blocks.8.mlp.proj.weight,-47,0,2359296,0
300,blocks.8.mlp.proj.weight,-46,0,2359296,0
300,blocks.8.mlp.proj.weight,-45,0,2359296,0
300,blocks.8.mlp.proj.weight,-44,0,2359296,0
300,blocks.8.mlp.proj.weight,-43,0,2359296,0
300,blocks.8.mlp.proj.weight,-42,0,2359296,0
300,blocks.8.mlp.proj.weight,-41,0,2359296,0
300,blocks.8.mlp.proj.weight,-40,0,2359296,0
300,blocks.8.mlp.proj.weight,-39,0,2359296,0
300,blocks.8.mlp.proj.weight,-38,0,2359296,0
300,blocks.8.mlp.proj.weight,-37,0,2359296,0
300,blocks.8.mlp.proj.weight,-36,0,2359296,0
300,blocks.8.mlp.proj.weight,-35,0,2359296,0
300,blocks.8.mlp.proj.weight,-34,3,2359296,0
300,blocks.8.mlp.proj.weight,-33,3,2359296,0
300,blocks.8.mlp.proj.weight,-32,3,2359296,0
300,blocks.8.mlp.proj.weight,-31,26,2359296,0
300,blocks.8.mlp.proj.weight,-30,33,2359296,0
300,blocks.8.mlp.proj.weight,-29,48,2359296,0
300,blocks.8.mlp.proj.weight,-28,23,2359296,0
300,blocks.8.mlp.proj.weight,-27,3,2359296,0
300,blocks.8.mlp.proj.weight,-26,0,2359296,0
300,blocks.8.mlp.proj.weight,-25,0,2359296,0
300,blocks.8.mlp.proj.weight,-24,0,2359296,0
300,blocks.8.mlp.proj.weight,-23,0,2359296,0
300,blocks.8.mlp.proj.weight,-22,0,2359296,0
300,blocks.8.mlp.proj.weight,-21,0,2359296,0
300,blocks.8.mlp.proj.weight,-20,2,2359296,0
300,blocks.8.mlp.proj.weight,-19,9,2359296,0
300,blocks.8.mlp.proj.weight,-18,37,2359296,0
300,blocks.8.mlp.proj.weight,-17,118,2359296,0
300,blocks.8.mlp.proj.weight,-16,237,2359296,0
300,blocks.8.mlp.proj.weight,-15,535,2359296,0
300,blocks.8.mlp.proj.weight,-14,1034,2359296,0
300,blocks.8.mlp.proj.weight,-13,2045,2359296,0
300,blocks.8.mlp.proj.weight,-12,4201,2359296,0
300,blocks.8.mlp.proj.weight,-11,8281,2359296,0
300,blocks.8.mlp.proj.weight,-10,16847,2359296,0
300,blocks.8.mlp.proj.weight,-9,33553,2359296,0
300,blocks.8.mlp.proj.weight,-8,64835,2359296,0
300,blocks.8.mlp.proj.weight,-7,123069,2359296,0
300,blocks.8.mlp.proj.weight,-6,221319,2359296,0
300,blocks.8.mlp.proj.weight,-5,362343,2359296,0
300,blocks.8.mlp.proj.weight,-4,526098,2359296,0
300,blocks.8.mlp.proj.weight,-3,590744,2359296,0
300,blocks.8.mlp.proj.weight,-2,349892,2359296,0
300,blocks.8.mlp.proj.weight,-1,52770,2359296,0
300,blocks.8.mlp.proj.weight,0,1180,2359296,0
300,blocks.8.mlp.proj.weight,1,5,2359296,0
300,blocks.8.mlp.proj.weight,2,0,2359296,0
300,blocks.8.mlp.proj.weight,3,0,2359296,0
300,blocks.8.mlp.proj.weight,4,0,2359296,0
300,blocks.8.mlp.proj.weight,5,0,2359296,0
300,blocks.8.mlp.proj.weight,6,0,2359296,0
300,blocks.8.mlp.proj.weight,7,0,2359296,0
300,blocks.8.mlp.proj.weight,8,0,2359296,0
300,blocks.8.mlp.proj.weight,9,0,2359296,0
300,blocks.8.mlp.proj.weight,10,0,2359296,0
300,blocks.8.mlp.proj.weight,11,0,2359296,0
300,blocks.8.mlp.proj.weight,12,0,2359296,0
300,blocks.8.mlp.proj.weight,13,0,2359296,0
300,blocks.8.mlp.proj.weight,14,0,2359296,0
300,blocks.8.mlp.proj.weight,15,0,2359296,0
300,blocks.8.mlp.proj.weight,16,0,2359296,0
300,blocks.8.mlp.proj.weight,17,0,2359296,0
300,blocks.8.mlp.proj.weight,18,0,2359296,0
300,blocks.8.mlp.proj.weight,19,0,2359296,0
300,blocks.8.mlp.proj.weight,20,0,2359296,0
300,blocks.8.mlp.proj.weight,21,0,2359296,0
300,blocks.8.mlp.proj.weight,22,0,2359296,0
300,blocks.8.mlp.proj.weight,23,0,2359296,0
300,blocks.8.mlp.proj.weight,24,0,2359296,0
300,blocks.8.mlp.proj.weight,25,0,2359296,0
300,blocks.8.mlp.proj.weight,26,0,2359296,0
300,blocks.8.mlp.proj.weight,27,0,2359296,0
300,blocks.8.mlp.proj.weight,28,0,2359296,0
300,blocks.8.mlp.proj.weight,29,0,2359296,0
300,blocks.8.mlp.proj.weight,30,0,2359296,0
300,blocks.8.mlp.proj.weight,31,0,2359296,0
300,blocks.8.mlp.proj.weight,32,0,2359296,0
300,blocks.8.mlp.proj.weight,33,0,2359296,0
300,blocks.8.mlp.proj.weight,34,0,2359296,0
300,blocks.8.mlp.proj.weight,35,0,2359296,0
300,blocks.8.mlp.proj.weight,36,0,2359296,0
300,blocks.8.mlp.proj.weight,37,0,2359296,0
300,blocks.8.mlp.proj.weight,38,0,2359296,0
300,blocks.8.mlp.proj.weight,39,0,2359296,0
300,blocks.8.mlp.proj.weight,40,0,2359296,0
300,blocks.8.mlp.proj.weight,41,0,2359296,0
300,blocks.8.mlp.proj.weight,42,0,2359296,0
300,blocks.8.mlp.proj.weight,43,0,2359296,0
300,blocks.8.mlp.proj.weight,44,0,2359296,0
300,blocks.8.mlp.proj.weight,45,0,2359296,0
300,blocks.8.mlp.proj.weight,46,0,2359296,0
300,blocks.8.mlp.proj.weight,47,0,2359296,0
300,blocks.8.mlp.proj.weight,48,0,2359296,0
300,blocks.8.mlp.proj.weight,49,0,2359296,0
300,blocks.8.mlp.proj.weight,50,0,2359296,0
300,blocks.8.mlp.proj.weight,51,0,2359296,0
300,blocks.8.mlp.proj.weight,52,0,2359296,0
300,blocks.8.mlp.proj.weight,53,0,2359296,0
300,blocks.8.mlp.proj.weight,54,0,2359296,0
300,blocks.8.mlp.proj.weight,55,0,2359296,0
300,blocks.8.mlp.proj.weight,56,0,2359296,0
300,blocks.8.mlp.proj.weight,57,0,2359296,0
300,blocks.8.mlp.proj.weight,58,0,2359296,0
300,blocks.8.mlp.proj.weight,59,0,2359296,0
300,blocks.8.mlp.proj.weight,60,0,2359296,0
300,blocks.8.mlp.proj.weight,61,0,2359296,0
300,blocks.8.mlp.proj.weight,62,0,2359296,0
300,blocks.8.mlp.proj.weight,63,0,2359296,0
300,blocks.8.mlp.proj.weight,64,0,2359296,0
300,blocks.8.mlp.proj.weight,65,0,2359296,0
300,blocks.8.mlp.proj.weight,66,0,2359296,0
300,blocks.8.mlp.proj.weight,67,0,2359296,0
300,blocks.8.mlp.proj.weight,68,0,2359296,0
300,blocks.8.mlp.proj.weight,69,0,2359296,0
300,blocks.8.mlp.proj.weight,70,0,2359296,0
300,blocks.8.mlp.proj.weight,71,0,2359296,0
300,blocks.8.mlp.proj.weight,72,0,2359296,0
300,blocks.8.mlp.proj.weight,73,0,2359296,0
300,blocks.8.mlp.proj.weight,74,0,2359296,0
300,blocks.8.mlp.proj.weight,75,0,2359296,0
300,blocks.8.mlp.proj.weight,76,0,2359296,0
300,blocks.8.mlp.proj.weight,77,0,2359296,0
300,blocks.8.mlp.proj.weight,78,0,2359296,0
300,blocks.8.mlp.proj.weight,79,0,2359296,0
300,blocks.8.mlp.proj.weight,80,0,2359296,0
300,blocks.8.mlp.proj.weight,81,0,2359296,0
300,blocks.8.mlp.proj.weight,82,0,2359296,0
300,blocks.8.mlp.proj.weight,83,0,2359296,0
300,blocks.8.mlp.proj.weight,84,0,2359296,0
300,blocks.8.mlp.proj.weight,85,0,2359296,0
300,blocks.8.mlp.proj.weight,86,0,2359296,0
300,blocks.8.mlp.proj.weight,87,0,2359296,0
300,blocks.8.mlp.proj.weight,88,0,2359296,0
300,blocks.8.mlp.proj.weight,89,0,2359296,0
300,blocks.8.mlp.proj.weight,90,0,2359296,0
300,blocks.8.mlp.proj.weight,91,0,2359296,0
300,blocks.8.mlp.proj.weight,92,0,2359296,0
300,blocks.8.mlp.proj.weight,93,0,2359296,0
300,blocks.8.mlp.proj.weight,94,0,2359296,0
300,blocks.8.mlp.proj.weight,95,0,2359296,0
300,blocks.8.mlp.proj.weight,96,0,2359296,0
300,blocks.8.mlp.proj.weight,97,0,2359296,0
300,blocks.8.mlp.proj.weight,98,0,2359296,0
300,blocks.8.mlp.proj.weight,99,0,2359296,0
300,blocks.8.mlp.proj.weight,100,0,2359296,0
300,blocks.8.mlp.proj.weight,101,0,2359296,0
300,blocks.8.mlp.proj.weight,102,0,2359296,0
300,blocks.8.mlp.proj.weight,103,0,2359296,0
300,blocks.8.mlp.proj.weight,104,0,2359296,0
300,blocks.8.mlp.proj.weight,105,0,2359296,0
300,blocks.8.mlp.proj.weight,106,0,2359296,0
300,blocks.8.mlp.proj.weight,107,0,2359296,0
300,blocks.8.mlp.proj.weight,108,0,2359296,0
300,blocks.8.mlp.proj.weight,109,0,2359296,0
300,blocks.8.mlp.proj.weight,110,0,2359296,0
300,blocks.8.mlp.proj.weight,111,0,2359296,0
300,blocks.8.mlp.proj.weight,112,0,2359296,0
300,blocks.8.mlp.proj.weight,113,0,2359296,0
300,blocks.8.mlp.proj.weight,114,0,2359296,0
300,blocks.8.mlp.proj.weight,115,0,2359296,0
300,blocks.8.mlp.proj.weight,116,0,2359296,0
300,blocks.8.mlp.proj.weight,117,0,2359296,0
300,blocks.8.mlp.proj.weight,118,0,2359296,0
300,blocks.8.mlp.proj.weight,119,0,2359296,0
300,blocks.8.mlp.proj.weight,120,0,2359296,0
300,blocks.8.mlp.proj.weight,121,0,2359296,0
300,blocks.8.mlp.proj.weight,122,0,2359296,0
300,blocks.8.mlp.proj.weight,123,0,2359296,0
300,blocks.8.mlp.proj.weight,124,0,2359296,0
300,blocks.8.mlp.proj.weight,125,0,2359296,0
300,blocks.8.mlp.proj.weight,126,0,2359296,0
300,blocks.8.mlp.proj.weight,127,0,2359296,0
300,blocks.8.mlp.proj.weight,128,0,2359296,0
300,blocks.9.mlp.fc.weight,-127,0,2359296,0
300,blocks.9.mlp.fc.weight,-126,0,2359296,0
300,blocks.9.mlp.fc.weight,-125,0,2359296,0
300,blocks.9.mlp.fc.weight,-124,0,2359296,0
300,blocks.9.mlp.fc.weight,-123,0,2359296,0
300,blocks.9.mlp.fc.weight,-122,0,2359296,0
300,blocks.9.mlp.fc.weight,-121,0,2359296,0
300,blocks.9.mlp.fc.weight,-120,0,2359296,0
300,blocks.9.mlp.fc.weight,-119,0,2359296,0
300,blocks.9.mlp.fc.weight,-118,0,2359296,0
300,blocks.9.mlp.fc.weight,-117,0,2359296,0
300,blocks.9.mlp.fc.weight,-116,0,2359296,0
300,blocks.9.mlp.fc.weight,-115,0,2359296,0
300,blocks.9.mlp.fc.weight,-114,0,2359296,0
300,blocks.9.mlp.fc.weight,-113,0,2359296,0
300,blocks.9.mlp.fc.weight,-112,0,2359296,0
300,blocks.9.mlp.fc.weight,-111,0,2359296,0
300,blocks.9.mlp.fc.weight,-110,0,2359296,0
300,blocks.9.mlp.fc.weight,-109,0,2359296,0
300,blocks.9.mlp.fc.weight,-108,0,2359296,0
300,blocks.9.mlp.fc.weight,-107,0,2359296,0
300,blocks.9.mlp.fc.weight,-106,0,2359296,0
300,blocks.9.mlp.fc.weight,-105,0,2359296,0
300,blocks.9.mlp.fc.weight,-104,0,2359296,0
300,blocks.9.mlp.fc.weight,-103,0,2359296,0
300,blocks.9.mlp.fc.weight,-102,0,2359296,0
300,blocks.9.mlp.fc.weight,-101,0,2359296,0
300,blocks.9.mlp.fc.weight,-100,0,2359296,0
300,blocks.9.mlp.fc.weight,-99,0,2359296,0
300,blocks.9.mlp.fc.weight,-98,0,2359296,0
300,blocks.9.mlp.fc.weight,-97,0,2359296,0
300,blocks.9.mlp.fc.weight,-96,0,2359296,0
300,blocks.9.mlp.fc.weight,-95,0,2359296,0
300,blocks.9.mlp.fc.weight,-94,0,2359296,0
300,blocks.9.mlp.fc.weight,-93,0,2359296,0
300,blocks.9.mlp.fc.weight,-92,0,2359296,0
300,blocks.9.mlp.fc.weight,-91,0,2359296,0
300,blocks.9.mlp.fc.weight,-90,0,2359296,0
300,blocks.9.mlp.fc.weight,-89,0,2359296,0
300,blocks.9.mlp.fc.weight,-88,0,2359296,0
300,blocks.9.mlp.fc.weight,-87,0,2359296,0
300,blocks.9.mlp.fc.weight,-86,0,2359296,0
300,blocks.9.mlp.fc.weight,-85,0,2359296,0
300,blocks.9.mlp.fc.weight,-84,0,2359296,0
300,blocks.9.mlp.fc.weight,-83,0,2359296,0
300,blocks.9.mlp.fc.weight,-82,0,2359296,0
300,blocks.9.mlp.fc.weight,-81,0,2359296,0
300,blocks.9.mlp.fc.weight,-80,0,2359296,0
300,blocks.9.mlp.fc.weight,-79,0,2359296,0
300,blocks.9.mlp.fc.weight,-78,0,2359296,0
300,blocks.9.mlp.fc.weight,-77,0,2359296,0
300,blocks.9.mlp.fc.weight,-76,0,2359296,0
300,blocks.9.mlp.fc.weight,-75,0,2359296,0
300,blocks.9.mlp.fc.weight,-74,0,2359296,0
300,blocks.9.mlp.fc.weight,-73,0,2359296,0
300,blocks.9.mlp.fc.weight,-72,0,2359296,0
300,blocks.9.mlp.fc.weight,-71,0,2359296,0
300,blocks.9.mlp.fc.weight,-70,0,2359296,0
300,blocks.9.mlp.fc.weight,-69,0,2359296,0
300,blocks.9.mlp.fc.weight,-68,0,2359296,0
300,blocks.9.mlp.fc.weight,-67,0,2359296,0
300,blocks.9.mlp.fc.weight,-66,0,2359296,0
300,blocks.9.mlp.fc.weight,-65,0,2359296,0
300,blocks.9.mlp.fc.weight,-64,0,2359296,0
300,blocks.9.mlp.fc.weight,-63,0,2359296,0
300,blocks.9.mlp.fc.weight,-62,0,2359296,0
300,blocks.9.mlp.fc.weight,-61,0,2359296,0
300,blocks.9.mlp.fc.weight,-60,0,2359296,0
300,blocks.9.mlp.fc.weight,-59,0,2359296,0
300,blocks.9.mlp.fc.weight,-58,0,2359296,0
300,blocks.9.mlp.fc.weight,-57,0,2359296,0
300,blocks.9.mlp.fc.weight,-56,0,2359296,0
300,blocks.9.mlp.fc.weight,-55,0,2359296,0
300,blocks.9.mlp.fc.weight,-54,0,2359296,0
300,blocks.9.mlp.fc.weight,-53,0,2359296,0
300,blocks.9.mlp.fc.weight,-52,0,2359296,0
300,blocks.9.mlp.fc.weight,-51,0,2359296,0
300,blocks.9.mlp.fc.weight,-50,0,2359296,0
300,blocks.9.mlp.fc.weight,-49,0,2359296,0
300,blocks.9.mlp.fc.weight,-48,0,2359296,0
300,blocks.9.mlp.fc.weight,-47,0,2359296,0
300,blocks.9.mlp.fc.weight,-46,0,2359296,0
300,blocks.9.mlp.fc.weight,-45,0,2359296,0
300,blocks.9.mlp.fc.weight,-44,0,2359296,0
300,blocks.9.mlp.fc.weight,-43,0,2359296,0
300,blocks.9.mlp.fc.weight,-42,0,2359296,0
300,blocks.9.mlp.fc.weight,-41,0,2359296,0
300,blocks.9.mlp.fc.weight,-40,0,2359296,0
300,blocks.9.mlp.fc.weight,-39,0,2359296,0
300,blocks.9.mlp.fc.weight,-38,0,2359296,0
300,blocks.9.mlp.fc.weight,-37,0,2359296,0
300,blocks.9.mlp.fc.weight,-36,0,2359296,0
300,blocks.9.mlp.fc.weight,-35,0,2359296,0
300,blocks.9.mlp.fc.weight,-34,2,2359296,0
300,blocks.9.mlp.fc.weight,-33,7,2359296,0
300,blocks.9.mlp.fc.weight,-32,16,2359296,0
300,blocks.9.mlp.fc.weight,-31,21,2359296,0
300,blocks.9.mlp.fc.weight,-30,30,2359296,0
300,blocks.9.mlp.fc.weight,-29,18,2359296,0
300,blocks.9.mlp.fc.weight,-28,8,2359296,0
300,blocks.9.mlp.fc.weight,-27,2,2359296,0
300,blocks.9.mlp.fc.weight,-26,0,2359296,0
300,blocks.9.mlp.fc.weight,-25,0,2359296,0
300,blocks.9.mlp.fc.weight,-24,0,2359296,0
300,blocks.9.mlp.fc.weight,-23,0,2359296,0
300,blocks.9.mlp.fc.weight,-22,0,2359296,0
300,blocks.9.mlp.fc.weight,-21,2,2359296,0
300,blocks.9.mlp.fc.weight,-20,9,2359296,0
300,blocks.9.mlp.fc.weight,-19,22,2359296,0
300,blocks.9.mlp.fc.weight,-18,61,2359296,0
300,blocks.9.mlp.fc.weight,-17,137,2359296,0
300,blocks.9.mlp.fc.weight,-16,308,2359296,0
300,blocks.9.mlp.fc.weight,-15,611,2359296,0
300,blocks.9.mlp.fc.weight,-14,1283,2359296,0
300,blocks.9.mlp.fc.weight,-13,2729,2359296,0
300,blocks.9.mlp.fc.weight,-12,5456,2359296,0
300,blocks.9.mlp.fc.weight,-11,10767,2359296,0
300,blocks.9.mlp.fc.weight,-10,21314,2359296,0
300,blocks.9.mlp.fc.weight,-9,42159,2359296,0
300,blocks.9.mlp.fc.weight,-8,83485,2359296,0
300,blocks.9.mlp.fc.weight,-7,156308,2359296,0
300,blocks.9.mlp.fc.weight,-6,273524,2359296,0
300,blocks.9.mlp.fc.weight,-5,426896,2359296,0
300,blocks.9.mlp.fc.weight,-4,564786,2359296,0
300,blocks.9.mlp.fc.weight,-3,523261,2359296,0
300,blocks.9.mlp.fc.weight,-2,217718,2359296,0
300,blocks.9.mlp.fc.weight,-1,26881,2359296,0
300,blocks.9.mlp.fc.weight,0,1420,2359296,0
300,blocks.9.mlp.fc.weight,1,54,2359296,0
300,blocks.9.mlp.fc.weight,2,1,2359296,0
300,blocks.9.mlp.fc.weight,3,0,2359296,0
300,blocks.9.mlp.fc.weight,4,0,2359296,0
300,blocks.9.mlp.fc.weight,5,0,2359296,0
300,blocks.9.mlp.fc.weight,6,0,2359296,0
300,blocks.9.mlp.fc.weight,7,0,2359296,0
300,blocks.9.mlp.fc.weight,8,0,2359296,0
300,blocks.9.mlp.fc.weight,9,0,2359296,0
300,blocks.9.mlp.fc.weight,10,0,2359296,0
300,blocks.9.mlp.fc.weight,11,0,2359296,0
300,blocks.9.mlp.fc.weight,12,0,2359296,0
300,blocks.9.mlp.fc.weight,13,0,2359296,0
300,blocks.9.mlp.fc.weight,14,0,2359296,0
300,blocks.9.mlp.fc.weight,15,0,2359296,0
300,blocks.9.mlp.fc.weight,16,0,2359296,0
300,blocks.9.mlp.fc.weight,17,0,2359296,0
300,blocks.9.mlp.fc.weight,18,0,2359296,0
300,blocks.9.mlp.fc.weight,19,0,2359296,0
300,blocks.9.mlp.fc.weight,20,0,2359296,0
300,blocks.9.mlp.fc.weight,21,0,2359296,0
300,blocks.9.mlp.fc.weight,22,0,2359296,0
300,blocks.9.mlp.fc.weight,23,0,2359296,0
300,blocks.9.mlp.fc.weight,24,0,2359296,0
300,blocks.9.mlp.fc.weight,25,0,2359296,0
300,blocks.9.mlp.fc.weight,26,0,2359296,0
300,blocks.9.mlp.fc.weight,27,0,2359296,0
300,blocks.9.mlp.fc.weight,28,0,2359296,0
300,blocks.9.mlp.fc.weight,29,0,2359296,0
300,blocks.9.mlp.fc.weight,30,0,2359296,0
300,blocks.9.mlp.fc.weight,31,0,2359296,0
300,blocks.9.mlp.fc.weight,32,0,2359296,0
300,blocks.9.mlp.fc.weight,33,0,2359296,0
300,blocks.9.mlp.fc.weight,34,0,2359296,0
300,blocks.9.mlp.fc.weight,35,0,2359296,0
300,blocks.9.mlp.fc.weight,36,0,2359296,0
300,blocks.9.mlp.fc.weight,37,0,2359296,0
300,blocks.9.mlp.fc.weight,38,0,2359296,0
300,blocks.9.mlp.fc.weight,39,0,2359296,0
300,blocks.9.mlp.fc.weight,40,0,2359296,0
300,blocks.9.mlp.fc.weight,41,0,2359296,0
300,blocks.9.mlp.fc.weight,42,0,2359296,0
300,blocks.9.mlp.fc.weight,43,0,2359296,0
300,blocks.9.mlp.fc.weight,44,0,2359296,0
300,blocks.9.mlp.fc.weight,45,0,2359296,0
300,blocks.9.mlp.fc.weight,46,0,2359296,0
300,blocks.9.mlp.fc.weight,47,0,2359296,0
300,blocks.9.mlp.fc.weight,48,0,2359296,0
300,blocks.9.mlp.fc.weight,49,0,2359296,0
300,blocks.9.mlp.fc.weight,50,0,2359296,0
300,blocks.9.mlp.fc.weight,51,0,2359296,0
300,blocks.9.mlp.fc.weight,52,0,2359296,0
300,blocks.9.mlp.fc.weight,53,0,2359296,0
300,blocks.9.mlp.fc.weight,54,0,2359296,0
300,blocks.9.mlp.fc.weight,55,0,2359296,0
300,blocks.9.mlp.fc.weight,56,0,2359296,0
300,blocks.9.mlp.fc.weight,57,0,2359296,0
300,blocks.9.mlp.fc.weight,58,0,2359296,0
300,blocks.9.mlp.fc.weight,59,0,2359296,0
300,blocks.9.mlp.fc.weight,60,0,2359296,0
300,blocks.9.mlp.fc.weight,61,0,2359296,0
300,blocks.9.mlp.fc.weight,62,0,2359296,0
300,blocks.9.mlp.fc.weight,63,0,2359296,0
300,blocks.9.mlp.fc.weight,64,0,2359296,0
300,blocks.9.mlp.fc.weight,65,0,2359296,0
300,blocks.9.mlp.fc.weight,66,0,2359296,0
300,blocks.9.mlp.fc.weight,67,0,2359296,0
300,blocks.9.mlp.fc.weight,68,0,2359296,0
300,blocks.9.mlp.fc.weight,69,0,2359296,0
300,blocks.9.mlp.fc.weight,70,0,2359296,0
300,blocks.9.mlp.fc.weight,71,0,2359296,0
300,blocks.9.mlp.fc.weight,72,0,2359296,0
300,blocks.9.mlp.fc.weight,73,0,2359296,0
300,blocks.9.mlp.fc.weight,74,0,2359296,0
300,blocks.9.mlp.fc.weight,75,0,2359296,0
300,blocks.9.mlp.fc.weight,76,0,2359296,0
300,blocks.9.mlp.fc.weight,77,0,2359296,0
300,blocks.9.mlp.fc.weight,78,0,2359296,0
300,blocks.9.mlp.fc.weight,79,0,2359296,0
300,blocks.9.mlp.fc.weight,80,0,2359296,0
300,blocks.9.mlp.fc.weight,81,0,2359296,0
300,blocks.9.mlp.fc.weight,82,0,2359296,0
300,blocks.9.mlp.fc.weight,83,0,2359296,0
300,blocks.9.mlp.fc.weight,84,0,2359296,0
300,blocks.9.mlp.fc.weight,85,0,2359296,0
300,blocks.9.mlp.fc.weight,86,0,2359296,0
300,blocks.9.mlp.fc.weight,87,0,2359296,0
300,blocks.9.mlp.fc.weight,88,0,2359296,0
300,blocks.9.mlp.fc.weight,89,0,2359296,0
300,blocks.9.mlp.fc.weight,90,0,2359296,0
300,blocks.9.mlp.fc.weight,91,0,2359296,0
300,blocks.9.mlp.fc.weight,92,0,2359296,0
300,blocks.9.mlp.fc.weight,93,0,2359296,0
300,blocks.9.mlp.fc.weight,94,0,2359296,0
300,blocks.9.mlp.fc.weight,95,0,2359296,0
300,blocks.9.mlp.fc.weight,96,0,2359296,0
300,blocks.9.mlp.fc.weight,97,0,2359296,0
300,blocks.9.mlp.fc.weight,98,0,2359296,0
300,blocks.9.mlp.fc.weight,99,0,2359296,0
300,blocks.9.mlp.fc.weight,100,0,2359296,0
300,blocks.9.mlp.fc.weight,101,0,2359296,0
300,blocks.9.mlp.fc.weight,102,0,2359296,0
300,blocks.9.mlp.fc.weight,103,0,2359296,0
300,blocks.9.mlp.fc.weight,104,0,2359296,0
300,blocks.9.mlp.fc.weight,105,0,2359296,0
300,blocks.9.mlp.fc.weight,106,0,2359296,0
300,blocks.9.mlp.fc.weight,107,0,2359296,0
300,blocks.9.mlp.fc.weight,108,0,2359296,0
300,blocks.9.mlp.fc.weight,109,0,2359296,0
300,blocks.9.mlp.fc.weight,110,0,2359296,0
300,blocks.9.mlp.fc.weight,111,0,2359296,0
300,blocks.9.mlp.fc.weight,112,0,2359296,0
300,blocks.9.mlp.fc.weight,113,0,2359296,0
300,blocks.9.mlp.fc.weight,114,0,2359296,0
300,blocks.9.mlp.fc.weight,115,0,2359296,0
300,blocks.9.mlp.fc.weight,116,0,2359296,0
300,blocks.9.mlp.fc.weight,117,0,2359296,0
300,blocks.9.mlp.fc.weight,118,0,2359296,0
300,blocks.9.mlp.fc.weight,119,0,2359296,0
300,blocks.9.mlp.fc.weight,120,0,2359296,0
300,blocks.9.mlp.fc.weight,121,0,2359296,0
300,blocks.9.mlp.fc.weight,122,0,2359296,0
300,blocks.9.mlp.fc.weight,123,0,2359296,0
300,blocks.9.mlp.fc.weight,124,0,2359296,0
300,blocks.9.mlp.fc.weight,125,0,2359296,0
300,blocks.9.mlp.fc.weight,126,0,2359296,0
300,blocks.9.mlp.fc.weight,127,0,2359296,0
300,blocks.9.mlp.fc.weight,128,0,2359296,0
300,blocks.9.mlp.proj.weight,-127,0,2359296,0
300,blocks.9.mlp.proj.weight,-126,0,2359296,0
300,blocks.9.mlp.proj.weight,-125,0,2359296,0
300,blocks.9.mlp.proj.weight,-124,0,2359296,0
300,blocks.9.mlp.proj.weight,-123,0,2359296,0
300,blocks.9.mlp.proj.weight,-122,0,2359296,0
300,blocks.9.mlp.proj.weight,-121,0,2359296,0
300,blocks.9.mlp.proj.weight,-120,0,2359296,0
300,blocks.9.mlp.proj.weight,-119,0,2359296,0
300,blocks.9.mlp.proj.weight,-118,0,2359296,0
300,blocks.9.mlp.proj.weight,-117,0,2359296,0
300,blocks.9.mlp.proj.weight,-116,0,2359296,0
300,blocks.9.mlp.proj.weight,-115,0,2359296,0
300,blocks.9.mlp.proj.weight,-114,0,2359296,0
300,blocks.9.mlp.proj.weight,-113,0,2359296,0
300,blocks.9.mlp.proj.weight,-112,0,2359296,0
300,blocks.9.mlp.proj.weight,-111,0,2359296,0
300,blocks.9.mlp.proj.weight,-110,0,2359296,0
300,blocks.9.mlp.proj.weight,-109,0,2359296,0
300,blocks.9.mlp.proj.weight,-108,0,2359296,0
300,blocks.9.mlp.proj.weight,-107,0,2359296,0
300,blocks.9.mlp.proj.weight,-106,0,2359296,0
300,blocks.9.mlp.proj.weight,-105,0,2359296,0
300,blocks.9.mlp.proj.weight,-104,0,2359296,0
300,blocks.9.mlp.proj.weight,-103,0,2359296,0
300,blocks.9.mlp.proj.weight,-102,0,2359296,0
300,blocks.9.mlp.proj.weight,-101,0,2359296,0
300,blocks.9.mlp.proj.weight,-100,0,2359296,0
300,blocks.9.mlp.proj.weight,-99,0,2359296,0
300,blocks.9.mlp.proj.weight,-98,0,2359296,0
300,blocks.9.mlp.proj.weight,-97,0,2359296,0
300,blocks.9.mlp.proj.weight,-96,0,2359296,0
300,blocks.9.mlp.proj.weight,-95,0,2359296,0
300,blocks.9.mlp.proj.weight,-94,0,2359296,0
300,blocks.9.mlp.proj.weight,-93,0,2359296,0
300,blocks.9.mlp.proj.weight,-92,0,2359296,0
300,blocks.9.mlp.proj.weight,-91,0,2359296,0
300,blocks.9.mlp.proj.weight,-90,0,2359296,0
300,blocks.9.mlp.proj.weight,-89,0,2359296,0
300,blocks.9.mlp.proj.weight,-88,0,2359296,0
300,blocks.9.mlp.proj.weight,-87,0,2359296,0
300,blocks.9.mlp.proj.weight,-86,0,2359296,0
300,blocks.9.mlp.proj.weight,-85,0,2359296,0
300,blocks.9.mlp.proj.weight,-84,0,2359296,0
300,blocks.9.mlp.proj.weight,-83,0,2359296,0
300,blocks.9.mlp.proj.weight,-82,0,2359296,0
300,blocks.9.mlp.proj.weight,-81,0,2359296,0
300,blocks.9.mlp.proj.weight,-80,0,2359296,0
300,blocks.9.mlp.proj.weight,-79,0,2359296,0
300,blocks.9.mlp.proj.weight,-78,0,2359296,0
300,blocks.9.mlp.proj.weight,-77,0,2359296,0
300,blocks.9.mlp.proj.weight,-76,0,2359296,0
300,blocks.9.mlp.proj.weight,-75,0,2359296,0
300,blocks.9.mlp.proj.weight,-74,0,2359296,0
300,blocks.9.mlp.proj.weight,-73,0,2359296,0
300,blocks.9.mlp.proj.weight,-72,0,2359296,0
300,blocks.9.mlp.proj.weight,-71,0,2359296,0
300,blocks.9.mlp.proj.weight,-70,0,2359296,0
300,blocks.9.mlp.proj.weight,-69,0,2359296,0
300,blocks.9.mlp.proj.weight,-68,0,2359296,0
300,blocks.9.mlp.proj.weight,-67,0,2359296,0
300,blocks.9.mlp.proj.weight,-66,0,2359296,0
300,blocks.9.mlp.proj.weight,-65,0,2359296,0
300,blocks.9.mlp.proj.weight,-64,0,2359296,0
300,blocks.9.mlp.proj.weight,-63,0,2359296,0
300,blocks.9.mlp.proj.weight,-62,0,2359296,0
300,blocks.9.mlp.proj.weight,-61,0,2359296,0
300,blocks.9.mlp.proj.weight,-60,0,2359296,0
300,blocks.9.mlp.proj.weight,-59,0,2359296,0
300,blocks.9.mlp.proj.weight,-58,0,2359296,0
300,blocks.9.mlp.proj.weight,-57,0,2359296,0
300,blocks.9.mlp.proj.weight,-56,0,2359296,0
300,blocks.9.mlp.proj.weight,-55,0,2359296,0
300,blocks.9.mlp.proj.weight,-54,0,2359296,0
300,blocks.9.mlp.proj.weight,-53,0,2359296,0
300,blocks.9.mlp.proj.weight,-52,0,2359296,0
300,blocks.9.mlp.proj.weight,-51,0,2359296,0
300,blocks.9.mlp.proj.weight,-50,0,2359296,0
300,blocks.9.mlp.proj.weight,-49,0,2359296,0
300,blocks.9.mlp.proj.weight,-48,0,2359296,0
300,blocks.9.mlp.proj.weight,-47,0,2359296,0
300,blocks.9.mlp.proj.weight,-46,0,2359296,0
300,blocks.9.mlp.proj.weight,-45,0,2359296,0
300,blocks.9.mlp.proj.weight,-44,0,2359296,0
300,blocks.9.mlp.proj.weight,-43,0,2359296,0
300,blocks.9.mlp.proj.weight,-42,0,2359296,0
300,blocks.9.mlp.proj.weight,-41,0,2359296,0
300,blocks.9.mlp.proj.weight,-40,0,2359296,0
300,blocks.9.mlp.proj.weight,-39,0,2359296,0
300,blocks.9.mlp.proj.weight,-38,0,2359296,0
300,blocks.9.mlp.proj.weight,-37,0,2359296,0
300,blocks.9.mlp.proj.weight,-36,0,2359296,0
300,blocks.9.mlp.proj.weight,-35,0,2359296,0
300,blocks.9.mlp.proj.weight,-34,1,2359296,0
300,blocks.9.mlp.proj.weight,-33,2,2359296,0
300,blocks.9.mlp.proj.weight,-32,8,2359296,0
300,blocks.9.mlp.proj.weight,-31,21,2359296,0
300,blocks.9.mlp.proj.weight,-30,37,2359296,0
300,blocks.9.mlp.proj.weight,-29,66,2359296,0
300,blocks.9.mlp.proj.weight,-28,24,2359296,0
300,blocks.9.mlp.proj.weight,-27,6,2359296,0
300,blocks.9.mlp.proj.weight,-26,0,2359296,0
300,blocks.9.mlp.proj.weight,-25,0,2359296,0
300,blocks.9.mlp.proj.weight,-24,0,2359296,0
300,blocks.9.mlp.proj.weight,-23,0,2359296,0
300,blocks.9.mlp.proj.weight,-22,0,2359296,0
300,blocks.9.mlp.proj.weight,-21,1,2359296,0
300,blocks.9.mlp.proj.weight,-20,5,2359296,0
300,blocks.9.mlp.proj.weight,-19,5,2359296,0
300,blocks.9.mlp.proj.weight,-18,28,2359296,0
300,blocks.9.mlp.proj.weight,-17,93,2359296,0
300,blocks.9.mlp.proj.weight,-16,231,2359296,0
300,blocks.9.mlp.proj.weight,-15,461,2359296,0
300,blocks.9.mlp.proj.weight,-14,849,2359296,0
300,blocks.9.mlp.proj.weight,-13,1857,2359296,0
300,blocks.9.mlp.proj.weight,-12,3771,2359296,0
300,blocks.9.mlp.proj.weight,-11,7608,2359296,0
300,blocks.9.mlp.proj.weight,-10,15397,2359296,0
300,blocks.9.mlp.proj.weight,-9,30430,2359296,0
300,blocks.9.mlp.proj.weight,-8,59958,2359296,0
300,blocks.9.mlp.proj.weight,-7,113544,2359296,0
300,blocks.9.mlp.proj.weight,-6,204181,2359296,0
300,blocks.9.mlp.proj.weight,-5,339889,2359296,0
300,blocks.9.mlp.proj.weight,-4,506468,2359296,0
300,blocks.9.mlp.proj.weight,-3,599377,2359296,0
300,blocks.9.mlp.proj.weight,-2,397250,2359296,0
300,blocks.9.mlp.proj.weight,-1,75556,2359296,0
300,blocks.9.mlp.proj.weight,0,2155,2359296,0
300,blocks.9.mlp.proj.weight,1,17,2359296,0
300,blocks.9.mlp.proj.weight,2,0,2359296,0
300,blocks.9.mlp.proj.weight,3,0,2359296,0
300,blocks.9.mlp.proj.weight,4,0,2359296,0
300,blocks.9.mlp.proj.weight,5,0,2359296,0
300,blocks.9.mlp.proj.weight,6,0,2359296,0
300,blocks.9.mlp.proj.weight,7,0,2359296,0
300,blocks.9.mlp.proj.weight,8,0,2359296,0
300,blocks.9.mlp.proj.weight,9,0,2359296,0
300,blocks.9.mlp.proj.weight,10,0,2359296,0
300,blocks.9.mlp.proj.weight,11,0,2359296,0
300,blocks.9.mlp.proj.weight,12,0,2359296,0
300,blocks.9.mlp.proj.weight,13,0,2359296,0
300,blocks.9.mlp.proj.weight,14,0,2359296,0
300,blocks.9.mlp.proj.weight,15,0,2359296,0
300,blocks.9.mlp.proj.weight,16,0,2359296,0
300,blocks.9.mlp.proj.weight,17,0,2359296,0
300,blocks.9.mlp.proj.weight,18,0,2359296,0
300,blocks.9.mlp.proj.weight,19,0,2359296,0
300,blocks.9.mlp.proj.weight,20,0,2359296,0
300,blocks.9.mlp.proj.weight,21,0,2359296,0
300,blocks.9.mlp.proj.weight,22,0,2359296,0
300,blocks.9.mlp.proj.weight,23,0,2359296,0
300,blocks.9.mlp.proj.weight,24,0,2359296,0
300,blocks.9.mlp.proj.weight,25,0,2359296,0
300,blocks.9.mlp.proj.weight,26,0,2359296,0
300,blocks.9.mlp.proj.weight,27,0,2359296,0
300,blocks.9.mlp.proj.weight,28,0,2359296,0
300,blocks.9.mlp.proj.weight,29,0,2359296,0
300,blocks.9.mlp.proj.weight,30,0,2359296,0
300,blocks.9.mlp.proj.weight,31,0,2359296,0
300,blocks.9.mlp.proj.weight,32,0,2359296,0
300,blocks.9.mlp.proj.weight,33,0,2359296,0
300,blocks.9.mlp.proj.weight,34,0,2359296,0
300,blocks.9.mlp.proj.weight,35,0,2359296,0
300,blocks.9.mlp.proj.weight,36,0,2359296,0
300,blocks.9.mlp.proj.weight,37,0,2359296,0
300,blocks.9.mlp.proj.weight,38,0,2359296,0
300,blocks.9.mlp.proj.weight,39,0,2359296,0
300,blocks.9.mlp.proj.weight,40,0,2359296,0
300,blocks.9.mlp.proj.weight,41,0,2359296,0
300,blocks.9.mlp.proj.weight,42,0,2359296,0
300,blocks.9.mlp.proj.weight,43,0,2359296,0
300,blocks.9.mlp.proj.weight,44,0,2359296,0
300,blocks.9.mlp.proj.weight,45,0,2359296,0
300,blocks.9.mlp.proj.weight,46,0,2359296,0
300,blocks.9.mlp.proj.weight,47,0,2359296,0
300,blocks.9.mlp.proj.weight,48,0,2359296,0
300,blocks.9.mlp.proj.weight,49,0,2359296,0
300,blocks.9.mlp.proj.weight,50,0,2359296,0
300,blocks.9.mlp.proj.weight,51,0,2359296,0
300,blocks.9.mlp.proj.weight,52,0,2359296,0
300,blocks.9.mlp.proj.weight,53,0,2359296,0
300,blocks.9.mlp.proj.weight,54,0,2359296,0
300,blocks.9.mlp.proj.weight,55,0,2359296,0
300,blocks.9.mlp.proj.weight,56,0,2359296,0
300,blocks.9.mlp.proj.weight,57,0,2359296,0
300,blocks.9.mlp.proj.weight,58,0,2359296,0
300,blocks.9.mlp.proj.weight,59,0,2359296,0
300,blocks.9.mlp.proj.weight,60,0,2359296,0
300,blocks.9.mlp.proj.weight,61,0,2359296,0
300,blocks.9.mlp.proj.weight,62,0,2359296,0
300,blocks.9.mlp.proj.weight,63,0,2359296,0
300,blocks.9.mlp.proj.weight,64,0,2359296,0
300,blocks.9.mlp.proj.weight,65,0,2359296,0
300,blocks.9.mlp.proj.weight,66,0,2359296,0
300,blocks.9.mlp.proj.weight,67,0,2359296,0
300,blocks.9.mlp.proj.weight,68,0,2359296,0
300,blocks.9.mlp.proj.weight,69,0,2359296,0
300,blocks.9.mlp.proj.weight,70,0,2359296,0
300,blocks.9.mlp.proj.weight,71,0,2359296,0
300,blocks.9.mlp.proj.weight,72,0,2359296,0
300,blocks.9.mlp.proj.weight,73,0,2359296,0
300,blocks.9.mlp.proj.weight,74,0,2359296,0
300,blocks.9.mlp.proj.weight,75,0,2359296,0
300,blocks.9.mlp.proj.weight,76,0,2359296,0
300,blocks.9.mlp.proj.weight,77,0,2359296,0
300,blocks.9.mlp.proj.weight,78,0,2359296,0
300,blocks.9.mlp.proj.weight,79,0,2359296,0
300,blocks.9.mlp.proj.weight,80,0,2359296,0
300,blocks.9.mlp.proj.weight,81,0,2359296,0
300,blocks.9.mlp.proj.weight,82,0,2359296,0
300,blocks.9.mlp.proj.weight,83,0,2359296,0
300,blocks.9.mlp.proj.weight,84,0,2359296,0
300,blocks.9.mlp.proj.weight,85,0,2359296,0
300,blocks.9.mlp.proj.weight,86,0,2359296,0
300,blocks.9.mlp.proj.weight,87,0,2359296,0
300,blocks.9.mlp.proj.weight,88,0,2359296,0
300,blocks.9.mlp.proj.weight,89,0,2359296,0
300,blocks.9.mlp.proj.weight,90,0,2359296,0
300,blocks.9.mlp.proj.weight,91,0,2359296,0
300,blocks.9.mlp.proj.weight,92,0,2359296,0
300,blocks.9.mlp.proj.weight,93,0,2359296,0
300,blocks.9.mlp.proj.weight,94,0,2359296,0
300,blocks.9.mlp.proj.weight,95,0,2359296,0
300,blocks.9.mlp.proj.weight,96,0,2359296,0
300,blocks.9.mlp.proj.weight,97,0,2359296,0
300,blocks.9.mlp.proj.weight,98,0,2359296,0
300,blocks.9.mlp.proj.weight,99,0,2359296,0
300,blocks.9.mlp.proj.weight,100,0,2359296,0
300,blocks.9.mlp.proj.weight,101,0,2359296,0
300,blocks.9.mlp.proj.weight,102,0,2359296,0
300,blocks.9.mlp.proj.weight,103,0,2359296,0
300,blocks.9.mlp.proj.weight,104,0,2359296,0
300,blocks.9.mlp.proj.weight,105,0,2359296,0
300,blocks.9.mlp.proj.weight,106,0,2359296,0
300,blocks.9.mlp.proj.weight,107,0,2359296,0
300,blocks.9.mlp.proj.weight,108,0,2359296,0
300,blocks.9.mlp.proj.weight,109,0,2359296,0
300,blocks.9.mlp.proj.weight,110,0,2359296,0
300,blocks.9.mlp.proj.weight,111,0,2359296,0
300,blocks.9.mlp.proj.weight,112,0,2359296,0
300,blocks.9.mlp.proj.weight,113,0,2359296,0
300,blocks.9.mlp.proj.weight,114,0,2359296,0
300,blocks.9.mlp.proj.weight,115,0,2359296,0
300,blocks.9.mlp.proj.weight,116,0,2359296,0
300,blocks.9.mlp.proj.weight,117,0,2359296,0
300,blocks.9.mlp.proj.weight,118,0,2359296,0
300,blocks.9.mlp.proj.weight,119,0,2359296,0
300,blocks.9.mlp.proj.weight,120,0,2359296,0
300,blocks.9.mlp.proj.weight,121,0,2359296,0
300,blocks.9.mlp.proj.weight,122,0,2359296,0
300,blocks.9.mlp.proj.weight,123,0,2359296,0
300,blocks.9.mlp.proj.weight,124,0,2359296,0
300,blocks.9.mlp.proj.weight,125,0,2359296,0
300,blocks.9.mlp.proj.weight,126,0,2359296,0
300,blocks.9.mlp.proj.weight,127,0,2359296,0
300,blocks.9.mlp.proj.weight,128,0,2359296,0
300,blocks.10.mlp.fc.weight,-127,0,2359296,0
300,blocks.10.mlp.fc.weight,-126,0,2359296,0
300,blocks.10.mlp.fc.weight,-125,0,2359296,0
300,blocks.10.mlp.fc.weight,-124,0,2359296,0
300,blocks.10.mlp.fc.weight,-123,0,2359296,0
300,blocks.10.mlp.fc.weight,-122,0,2359296,0
300,blocks.10.mlp.fc.weight,-121,0,2359296,0
300,blocks.10.mlp.fc.weight,-120,0,2359296,0
300,blocks.10.mlp.fc.weight,-119,0,2359296,0
300,blocks.10.mlp.fc.weight,-118,0,2359296,0
300,blocks.10.mlp.fc.weight,-117,0,2359296,0
300,blocks.10.mlp.fc.weight,-116,0,2359296,0
300,blocks.10.mlp.fc.weight,-115,0,2359296,0
300,blocks.10.mlp.fc.weight,-114,0,2359296,0
300,blocks.10.mlp.fc.weight,-113,0,2359296,0
300,blocks.10.mlp.fc.weight,-112,0,2359296,0
300,blocks.10.mlp.fc.weight,-111,0,2359296,0
300,blocks.10.mlp.fc.weight,-110,0,2359296,0
300,blocks.10.mlp.fc.weight,-109,0,2359296,0
300,blocks.10.mlp.fc.weight,-108,0,2359296,0
300,blocks.10.mlp.fc.weight,-107,0,2359296,0
300,blocks.10.mlp.fc.weight,-106,0,2359296,0
300,blocks.10.mlp.fc.weight,-105,0,2359296,0
300,blocks.10.mlp.fc.weight,-104,0,2359296,0
300,blocks.10.mlp.fc.weight,-103,0,2359296,0
300,blocks.10.mlp.fc.weight,-102,0,2359296,0
300,blocks.10.mlp.fc.weight,-101,0,2359296,0
300,blocks.10.mlp.fc.weight,-100,0,2359296,0
300,blocks.10.mlp.fc.weight,-99,0,2359296,0
300,blocks.10.mlp.fc.weight,-98,0,2359296,0
300,blocks.10.mlp.fc.weight,-97,0,2359296,0
300,blocks.10.mlp.fc.weight,-96,0,2359296,0
300,blocks.10.mlp.fc.weight,-95,0,2359296,0
300,blocks.10.mlp.fc.weight,-94,0,2359296,0
300,blocks.10.mlp.fc.weight,-93,0,2359296,0
300,blocks.10.mlp.fc.weight,-92,0,2359296,0
300,blocks.10.mlp.fc.weight,-91,0,2359296,0
300,blocks.10.mlp.fc.weight,-90,0,2359296,0
300,blocks.10.mlp.fc.weight,-89,0,2359296,0
300,blocks.10.mlp.fc.weight,-88,0,2359296,0
300,blocks.10.mlp.fc.weight,-87,0,2359296,0
300,blocks.10.mlp.fc.weight,-86,0,2359296,0
300,blocks.10.mlp.fc.weight,-85,0,2359296,0
300,blocks.10.mlp.fc.weight,-84,0,2359296,0
300,blocks.10.mlp.fc.weight,-83,0,2359296,0
300,blocks.10.mlp.fc.weight,-82,0,2359296,0
300,blocks.10.mlp.fc.weight,-81,0,2359296,0
300,blocks.10.mlp.fc.weight,-80,0,2359296,0
300,blocks.10.mlp.fc.weight,-79,0,2359296,0
300,blocks.10.mlp.fc.weight,-78,0,2359296,0
300,blocks.10.mlp.fc.weight,-77,0,2359296,0
300,blocks.10.mlp.fc.weight,-76,0,2359296,0
300,blocks.10.mlp.fc.weight,-75,0,2359296,0
300,blocks.10.mlp.fc.weight,-74,0,2359296,0
300,blocks.10.mlp.fc.weight,-73,0,2359296,0
300,blocks.10.mlp.fc.weight,-72,0,2359296,0
300,blocks.10.mlp.fc.weight,-71,0,2359296,0
300,blocks.10.mlp.fc.weight,-70,0,2359296,0
300,blocks.10.mlp.fc.weight,-69,0,2359296,0
300,blocks.10.mlp.fc.weight,-68,0,2359296,0
300,blocks.10.mlp.fc.weight,-67,0,2359296,0
300,blocks.10.mlp.fc.weight,-66,0,2359296,0
300,blocks.10.mlp.fc.weight,-65,0,2359296,0
300,blocks.10.mlp.fc.weight,-64,0,2359296,0
300,blocks.10.mlp.fc.weight,-63,0,2359296,0
300,blocks.10.mlp.fc.weight,-62,0,2359296,0
300,blocks.10.mlp.fc.weight,-61,0,2359296,0
300,blocks.10.mlp.fc.weight,-60,0,2359296,0
300,blocks.10.mlp.fc.weight,-59,0,2359296,0
300,blocks.10.mlp.fc.weight,-58,0,2359296,0
300,blocks.10.mlp.fc.weight,-57,0,2359296,0
300,blocks.10.mlp.fc.weight,-56,0,2359296,0
300,blocks.10.mlp.fc.weight,-55,0,2359296,0
300,blocks.10.mlp.fc.weight,-54,0,2359296,0
300,blocks.10.mlp.fc.weight,-53,0,2359296,0
300,blocks.10.mlp.fc.weight,-52,0,2359296,0
300,blocks.10.mlp.fc.weight,-51,0,2359296,0
300,blocks.10.mlp.fc.weight,-50,0,2359296,0
300,blocks.10.mlp.fc.weight,-49,0,2359296,0
300,blocks.10.mlp.fc.weight,-48,0,2359296,0
300,blocks.10.mlp.fc.weight,-47,0,2359296,0
300,blocks.10.mlp.fc.weight,-46,0,2359296,0
300,blocks.10.mlp.fc.weight,-45,0,2359296,0
300,blocks.10.mlp.fc.weight,-44,0,2359296,0
300,blocks.10.mlp.fc.weight,-43,0,2359296,0
300,blocks.10.mlp.fc.weight,-42,0,2359296,0
300,blocks.10.mlp.fc.weight,-41,0,2359296,0
300,blocks.10.mlp.fc.weight,-40,0,2359296,0
300,blocks.10.mlp.fc.weight,-39,0,2359296,0
300,blocks.10.mlp.fc.weight,-38,0,2359296,0
300,blocks.10.mlp.fc.weight,-37,0,2359296,0
300,blocks.10.mlp.fc.weight,-36,0,2359296,0
300,blocks.10.mlp.fc.weight,-35,2,2359296,0
300,blocks.10.mlp.fc.weight,-34,2,2359296,0
300,blocks.10.mlp.fc.weight,-33,9,2359296,0
300,blocks.10.mlp.fc.weight,-32,15,2359296,0
300,blocks.10.mlp.fc.weight,-31,19,2359296,0
300,blocks.10.mlp.fc.weight,-30,39,2359296,0
300,blocks.10.mlp.fc.weight,-29,19,2359296,0
300,blocks.10.mlp.fc.weight,-28,3,2359296,0
300,blocks.10.mlp.fc.weight,-27,0,2359296,0
300,blocks.10.mlp.fc.weight,-26,0,2359296,0
300,blocks.10.mlp.fc.weight,-25,0,2359296,0
300,blocks.10.mlp.fc.weight,-24,0,2359296,0
300,blocks.10.mlp.fc.weight,-23,0,2359296,0
300,blocks.10.mlp.fc.weight,-22,1,2359296,0
300,blocks.10.mlp.fc.weight,-21,3,2359296,0
300,blocks.10.mlp.fc.weight,-20,8,2359296,0
300,blocks.10.mlp.fc.weight,-19,25,2359296,0
300,blocks.10.mlp.fc.weight,-18,72,2359296,0
300,blocks.10.mlp.fc.weight,-17,173,2359296,0
300,blocks.10.mlp.fc.weight,-16,330,2359296,0
300,blocks.10.mlp.fc.weight,-15,698,2359296,0
300,blocks.10.mlp.fc.weight,-14,1395,2359296,0
300,blocks.10.mlp.fc.weight,-13,2830,2359296,0
300,blocks.10.mlp.fc.weight,-12,5886,2359296,0
300,blocks.10.mlp.fc.weight,-11,11578,2359296,0
300,blocks.10.mlp.fc.weight,-10,22933,2359296,0
300,blocks.10.mlp.fc.weight,-9,45711,2359296,0
300,blocks.10.mlp.fc.weight,-8,90038,2359296,0
300,blocks.10.mlp.fc.weight,-7,167779,2359296,0
300,blocks.10.mlp.fc.weight,-6,285748,2359296,0
300,blocks.10.mlp.fc.weight,-5,427907,2359296,0
300,blocks.10.mlp.fc.weight,-4,550106,2359296,0
300,blocks.10.mlp.fc.weight,-3,509076,2359296,0
300,blocks.10.mlp.fc.weight,-2,209395,2359296,0
300,blocks.10.mlp.fc.weight,-1,25427,2359296,0
300,blocks.10.mlp.fc.weight,0,1949,2359296,0
300,blocks.10.mlp.fc.weight,1,118,2359296,0
300,blocks.10.mlp.fc.weight,2,2,2359296,0
300,blocks.10.mlp.fc.weight,3,0,2359296,0
300,blocks.10.mlp.fc.weight,4,0,2359296,0
300,blocks.10.mlp.fc.weight,5,0,2359296,0
300,blocks.10.mlp.fc.weight,6,0,2359296,0
300,blocks.10.mlp.fc.weight,7,0,2359296,0
300,blocks.10.mlp.fc.weight,8,0,2359296,0
300,blocks.10.mlp.fc.weight,9,0,2359296,0
300,blocks.10.mlp.fc.weight,10,0,2359296,0
300,blocks.10.mlp.fc.weight,11,0,2359296,0
300,blocks.10.mlp.fc.weight,12,0,2359296,0
300,blocks.10.mlp.fc.weight,13,0,2359296,0
300,blocks.10.mlp.fc.weight,14,0,2359296,0
300,blocks.10.mlp.fc.weight,15,0,2359296,0
300,blocks.10.mlp.fc.weight,16,0,2359296,0
300,blocks.10.mlp.fc.weight,17,0,2359296,0
300,blocks.10.mlp.fc.weight,18,0,2359296,0
300,blocks.10.mlp.fc.weight,19,0,2359296,0
300,blocks.10.mlp.fc.weight,20,0,2359296,0
300,blocks.10.mlp.fc.weight,21,0,2359296,0
300,blocks.10.mlp.fc.weight,22,0,2359296,0
300,blocks.10.mlp.fc.weight,23,0,2359296,0
300,blocks.10.mlp.fc.weight,24,0,2359296,0
300,blocks.10.mlp.fc.weight,25,0,2359296,0
300,blocks.10.mlp.fc.weight,26,0,2359296,0
300,blocks.10.mlp.fc.weight,27,0,2359296,0
300,blocks.10.mlp.fc.weight,28,0,2359296,0
300,blocks.10.mlp.fc.weight,29,0,2359296,0
300,blocks.10.mlp.fc.weight,30,0,2359296,0
300,blocks.10.mlp.fc.weight,31,0,2359296,0
300,blocks.10.mlp.fc.weight,32,0,2359296,0
300,blocks.10.mlp.fc.weight,33,0,2359296,0
300,blocks.10.mlp.fc.weight,34,0,2359296,0
300,blocks.10.mlp.fc.weight,35,0,2359296,0
300,blocks.10.mlp.fc.weight,36,0,2359296,0
300,blocks.10.mlp.fc.weight,37,0,2359296,0
300,blocks.10.mlp.fc.weight,38,0,2359296,0
300,blocks.10.mlp.fc.weight,39,0,2359296,0
300,blocks.10.mlp.fc.weight,40,0,2359296,0
300,blocks.10.mlp.fc.weight,41,0,2359296,0
300,blocks.10.mlp.fc.weight,42,0,2359296,0
300,blocks.10.mlp.fc.weight,43,0,2359296,0
300,blocks.10.mlp.fc.weight,44,0,2359296,0
300,blocks.10.mlp.fc.weight,45,0,2359296,0
300,blocks.10.mlp.fc.weight,46,0,2359296,0
300,blocks.10.mlp.fc.weight,47,0,2359296,0
300,blocks.10.mlp.fc.weight,48,0,2359296,0
300,blocks.10.mlp.fc.weight,49,0,2359296,0
300,blocks.10.mlp.fc.weight,50,0,2359296,0
300,blocks.10.mlp.fc.weight,51,0,2359296,0
300,blocks.10.mlp.fc.weight,52,0,2359296,0
300,blocks.10.mlp.fc.weight,53,0,2359296,0
300,blocks.10.mlp.fc.weight,54,0,2359296,0
300,blocks.10.mlp.fc.weight,55,0,2359296,0
300,blocks.10.mlp.fc.weight,56,0,2359296,0
300,blocks.10.mlp.fc.weight,57,0,2359296,0
300,blocks.10.mlp.fc.weight,58,0,2359296,0
300,blocks.10.mlp.fc.weight,59,0,2359296,0
300,blocks.10.mlp.fc.weight,60,0,2359296,0
300,blocks.10.mlp.fc.weight,61,0,2359296,0
300,blocks.10.mlp.fc.weight,62,0,2359296,0
300,blocks.10.mlp.fc.weight,63,0,2359296,0
300,blocks.10.mlp.fc.weight,64,0,2359296,0
300,blocks.10.mlp.fc.weight,65,0,2359296,0
300,blocks.10.mlp.fc.weight,66,0,2359296,0
300,blocks.10.mlp.fc.weight,67,0,2359296,0
300,blocks.10.mlp.fc.weight,68,0,2359296,0
300,blocks.10.mlp.fc.weight,69,0,2359296,0
300,blocks.10.mlp.fc.weight,70,0,2359296,0
300,blocks.10.mlp.fc.weight,71,0,2359296,0
300,blocks.10.mlp.fc.weight,72,0,2359296,0
300,blocks.10.mlp.fc.weight,73,0,2359296,0
300,blocks.10.mlp.fc.weight,74,0,2359296,0
300,blocks.10.mlp.fc.weight,75,0,2359296,0
300,blocks.10.mlp.fc.weight,76,0,2359296,0
300,blocks.10.mlp.fc.weight,77,0,2359296,0
300,blocks.10.mlp.fc.weight,78,0,2359296,0
300,blocks.10.mlp.fc.weight,79,0,2359296,0
300,blocks.10.mlp.fc.weight,80,0,2359296,0
300,blocks.10.mlp.fc.weight,81,0,2359296,0
300,blocks.10.mlp.fc.weight,82,0,2359296,0
300,blocks.10.mlp.fc.weight,83,0,2359296,0
300,blocks.10.mlp.fc.weight,84,0,2359296,0
300,blocks.10.mlp.fc.weight,85,0,2359296,0
300,blocks.10.mlp.fc.weight,86,0,2359296,0
300,blocks.10.mlp.fc.weight,87,0,2359296,0
300,blocks.10.mlp.fc.weight,88,0,2359296,0
300,blocks.10.mlp.fc.weight,89,0,2359296,0
300,blocks.10.mlp.fc.weight,90,0,2359296,0
300,blocks.10.mlp.fc.weight,91,0,2359296,0
300,blocks.10.mlp.fc.weight,92,0,2359296,0
300,blocks.10.mlp.fc.weight,93,0,2359296,0
300,blocks.10.mlp.fc.weight,94,0,2359296,0
300,blocks.10.mlp.fc.weight,95,0,2359296,0
300,blocks.10.mlp.fc.weight,96,0,2359296,0
300,blocks.10.mlp.fc.weight,97,0,2359296,0
300,blocks.10.mlp.fc.weight,98,0,2359296,0
300,blocks.10.mlp.fc.weight,99,0,2359296,0
300,blocks.10.mlp.fc.weight,100,0,2359296,0
300,blocks.10.mlp.fc.weight,101,0,2359296,0
300,blocks.10.mlp.fc.weight,102,0,2359296,0
300,blocks.10.mlp.fc.weight,103,0,2359296,0
300,blocks.10.mlp.fc.weight,104,0,2359296,0
300,blocks.10.mlp.fc.weight,105,0,2359296,0
300,blocks.10.mlp.fc.weight,106,0,2359296,0
300,blocks.10.mlp.fc.weight,107,0,2359296,0
300,blocks.10.mlp.fc.weight,108,0,2359296,0
300,blocks.10.mlp.fc.weight,109,0,2359296,0
300,blocks.10.mlp.fc.weight,110,0,2359296,0
300,blocks.10.mlp.fc.weight,111,0,2359296,0
300,blocks.10.mlp.fc.weight,112,0,2359296,0
300,blocks.10.mlp.fc.weight,113,0,2359296,0
300,blocks.10.mlp.fc.weight,114,0,2359296,0
300,blocks.10.mlp.fc.weight,115,0,2359296,0
300,blocks.10.mlp.fc.weight,116,0,2359296,0
300,blocks.10.mlp.fc.weight,117,0,2359296,0
300,blocks.10.mlp.fc.weight,118,0,2359296,0
300,blocks.10.mlp.fc.weight,119,0,2359296,0
300,blocks.10.mlp.fc.weight,120,0,2359296,0
300,blocks.10.mlp.fc.weight,121,0,2359296,0
300,blocks.10.mlp.fc.weight,122,0,2359296,0
300,blocks.10.mlp.fc.weight,123,0,2359296,0
300,blocks.10.mlp.fc.weight,124,0,2359296,0
300,blocks.10.mlp.fc.weight,125,0,2359296,0
300,blocks.10.mlp.fc.weight,126,0,2359296,0
300,blocks.10.mlp.fc.weight,127,0,2359296,0
300,blocks.10.mlp.fc.weight,128,0,2359296,0
300,blocks.10.mlp.proj.weight,-127,0,2359296,0
300,blocks.10.mlp.proj.weight,-126,0,2359296,0
300,blocks.10.mlp.proj.weight,-125,0,2359296,0
300,blocks.10.mlp.proj.weight,-124,0,2359296,0
300,blocks.10.mlp.proj.weight,-123,0,2359296,0
300,blocks.10.mlp.proj.weight,-122,0,2359296,0
300,blocks.10.mlp.proj.weight,-121,0,2359296,0
300,blocks.10.mlp.proj.weight,-120,0,2359296,0
300,blocks.10.mlp.proj.weight,-119,0,2359296,0
300,blocks.10.mlp.proj.weight,-118,0,2359296,0
300,blocks.10.mlp.proj.weight,-117,0,2359296,0
300,blocks.10.mlp.proj.weight,-116,0,2359296,0
300,blocks.10.mlp.proj.weight,-115,0,2359296,0
300,blocks.10.mlp.proj.weight,-114,0,2359296,0
300,blocks.10.mlp.proj.weight,-113,0,2359296,0
300,blocks.10.mlp.proj.weight,-112,0,2359296,0
300,blocks.10.mlp.proj.weight,-111,0,2359296,0
300,blocks.10.mlp.proj.weight,-110,0,2359296,0
300,blocks.10.mlp.proj.weight,-109,0,2359296,0
300,blocks.10.mlp.proj.weight,-108,0,2359296,0
300,blocks.10.mlp.proj.weight,-107,0,2359296,0
300,blocks.10.mlp.proj.weight,-106,0,2359296,0
300,blocks.10.mlp.proj.weight,-105,0,2359296,0
300,blocks.10.mlp.proj.weight,-104,0,2359296,0
300,blocks.10.mlp.proj.weight,-103,0,2359296,0
300,blocks.10.mlp.proj.weight,-102,0,2359296,0
300,blocks.10.mlp.proj.weight,-101,0,2359296,0
300,blocks.10.mlp.proj.weight,-100,0,2359296,0
300,blocks.10.mlp.proj.weight,-99,0,2359296,0
300,blocks.10.mlp.proj.weight,-98,0,2359296,0
300,blocks.10.mlp.proj.weight,-97,0,2359296,0
300,blocks.10.mlp.proj.weight,-96,0,2359296,0
300,blocks.10.mlp.proj.weight,-95,0,2359296,0
300,blocks.10.mlp.proj.weight,-94,0,2359296,0
300,blocks.10.mlp.proj.weight,-93,0,2359296,0
300,blocks.10.mlp.proj.weight,-92,0,2359296,0
300,blocks.10.mlp.proj.weight,-91,0,2359296,0
300,blocks.10.mlp.proj.weight,-90,0,2359296,0
300,blocks.10.mlp.proj.weight,-89,0,2359296,0
300,blocks.10.mlp.proj.weight,-88,0,2359296,0
300,blocks.10.mlp.proj.weight,-87,0,2359296,0
300,blocks.10.mlp.proj.weight,-86,0,2359296,0
300,blocks.10.mlp.proj.weight,-85,0,2359296,0
300,blocks.10.mlp.proj.weight,-84,0,2359296,0
300,blocks.10.mlp.proj.weight,-83,0,2359296,0
300,blocks.10.mlp.proj.weight,-82,0,2359296,0
300,blocks.10.mlp.proj.weight,-81,0,2359296,0
300,blocks.10.mlp.proj.weight,-80,0,2359296,0
300,blocks.10.mlp.proj.weight,-79,0,2359296,0
300,blocks.10.mlp.proj.weight,-78,0,2359296,0
300,blocks.10.mlp.proj.weight,-77,0,2359296,0
300,blocks.10.mlp.proj.weight,-76,0,2359296,0
300,blocks.10.mlp.proj.weight,-75,0,2359296,0
300,blocks.10.mlp.proj.weight,-74,0,2359296,0
300,blocks.10.mlp.proj.weight,-73,0,2359296,0
300,blocks.10.mlp.proj.weight,-72,0,2359296,0
300,blocks.10.mlp.proj.weight,-71,0,2359296,0
300,blocks.10.mlp.proj.weight,-70,0,2359296,0
300,blocks.10.mlp.proj.weight,-69,0,2359296,0
300,blocks.10.mlp.proj.weight,-68,0,2359296,0
300,blocks.10.mlp.proj.weight,-67,0,2359296,0
300,blocks.10.mlp.proj.weight,-66,0,2359296,0
300,blocks.10.mlp.proj.weight,-65,0,2359296,0
300,blocks.10.mlp.proj.weight,-64,0,2359296,0
300,blocks.10.mlp.proj.weight,-63,0,2359296,0
300,blocks.10.mlp.proj.weight,-62,0,2359296,0
300,blocks.10.mlp.proj.weight,-61,0,2359296,0
300,blocks.10.mlp.proj.weight,-60,0,2359296,0
300,blocks.10.mlp.proj.weight,-59,0,2359296,0
300,blocks.10.mlp.proj.weight,-58,0,2359296,0
300,blocks.10.mlp.proj.weight,-57,0,2359296,0
300,blocks.10.mlp.proj.weight,-56,0,2359296,0
300,blocks.10.mlp.proj.weight,-55,0,2359296,0
300,blocks.10.mlp.proj.weight,-54,0,2359296,0
300,blocks.10.mlp.proj.weight,-53,0,2359296,0
300,blocks.10.mlp.proj.weight,-52,0,2359296,0
300,blocks.10.mlp.proj.weight,-51,0,2359296,0
300,blocks.10.mlp.proj.weight,-50,0,2359296,0
300,blocks.10.mlp.proj.weight,-49,0,2359296,0
300,blocks.10.mlp.proj.weight,-48,0,2359296,0
300,blocks.10.mlp.proj.weight,-47,0,2359296,0
300,blocks.10.mlp.proj.weight,-46,0,2359296,0
300,blocks.10.mlp.proj.weight,-45,0,2359296,0
300,blocks.10.mlp.proj.weight,-44,0,2359296,0
300,blocks.10.mlp.proj.weight,-43,0,2359296,0
300,blocks.10.mlp.proj.weight,-42,0,2359296,0
300,blocks.10.mlp.proj.weight,-41,0,2359296,0
300,blocks.10.mlp.proj.weight,-40,0,2359296,0
300,blocks.10.mlp.proj.weight,-39,0,2359296,0
300,blocks.10.mlp.proj.weight,-38,0,2359296,0
300,blocks.10.mlp.proj.weight,-37,0,2359296,0
300,blocks.10.mlp.proj.weight,-36,0,2359296,0
300,blocks.10.mlp.proj.weight,-35,0,2359296,0
300,blocks.10.mlp.proj.weight,-34,1,2359296,0
300,blocks.10.mlp.proj.weight,-33,9,2359296,0
300,blocks.10.mlp.proj.weight,-32,6,2359296,0
300,blocks.10.mlp.proj.weight,-31,12,2359296,0
300,blocks.10.mlp.proj.weight,-30,32,2359296,0
300,blocks.10.mlp.proj.weight,-29,53,2359296,0
300,blocks.10.mlp.proj.weight,-28,33,2359296,0
300,blocks.10.mlp.proj.weight,-27,6,2359296,0
300,blocks.10.mlp.proj.weight,-26,0,2359296,0
300,blocks.10.mlp.proj.weight,-25,0,2359296,0
300,blocks.10.mlp.proj.weight,-24,0,2359296,0
300,blocks.10.mlp.proj.weight,-23,0,2359296,0
300,blocks.10.mlp.proj.weight,-22,0,2359296,0
300,blocks.10.mlp.proj.weight,-21,0,2359296,0
300,blocks.10.mlp.proj.weight,-20,2,2359296,0
300,blocks.10.mlp.proj.weight,-19,10,2359296,0
300,blocks.10.mlp.proj.weight,-18,35,2359296,0
300,blocks.10.mlp.proj.weight,-17,92,2359296,0
300,blocks.10.mlp.proj.weight,-16,237,2359296,0
300,blocks.10.mlp.proj.weight,-15,513,2359296,0
300,blocks.10.mlp.proj.weight,-14,955,2359296,0
300,blocks.10.mlp.proj.weight,-13,1952,2359296,0
300,blocks.10.mlp.proj.weight,-12,4045,2359296,0
300,blocks.10.mlp.proj.weight,-11,8063,2359296,0
300,blocks.10.mlp.proj.weight,-10,16113,2359296,0
300,blocks.10.mlp.proj.weight,-9,31745,2359296,0
300,blocks.10.mlp.proj.weight,-8,62287,2359296,0
300,blocks.10.mlp.proj.weight,-7,117720,2359296,0
300,blocks.10.mlp.proj.weight,-6,205688,2359296,0
300,blocks.10.mlp.proj.weight,-5,327913,2359296,0
300,blocks.10.mlp.proj.weight,-4,476015,2359296,0
300,blocks.10.mlp.proj.weight,-3,578269,2359296,0
300,blocks.10.mlp.proj.weight,-2,422653,2359296,0
300,blocks.10.mlp.proj.weight,-1,99903,2359296,0
300,blocks.10.mlp.proj.weight,0,4764,2359296,0
300,blocks.10.mlp.proj.weight,1,166,2359296,0
300,blocks.10.mlp.proj.weight,2,3,2359296,0
300,blocks.10.mlp.proj.weight,3,1,2359296,0
300,blocks.10.mlp.proj.weight,4,0,2359296,0
300,blocks.10.mlp.proj.weight,5,0,2359296,0
300,blocks.10.mlp.proj.weight,6,0,2359296,0
300,blocks.10.mlp.proj.weight,7,0,2359296,0
300,blocks.10.mlp.proj.weight,8,0,2359296,0
300,blocks.10.mlp.proj.weight,9,0,2359296,0
300,blocks.10.mlp.proj.weight,10,0,2359296,0
300,blocks.10.mlp.proj.weight,11,0,2359296,0
300,blocks.10.mlp.proj.weight,12,0,2359296,0
300,blocks.10.mlp.proj.weight,13,0,2359296,0
300,blocks.10.mlp.proj.weight,14,0,2359296,0
300,blocks.10.mlp.proj.weight,15,0,2359296,0
300,blocks.10.mlp.proj.weight,16,0,2359296,0
300,blocks.10.mlp.proj.weight,17,0,2359296,0
300,blocks.10.mlp.proj.weight,18,0,2359296,0
300,blocks.10.mlp.proj.weight,19,0,2359296,0
300,blocks.10.mlp.proj.weight,20,0,2359296,0
300,blocks.10.mlp.proj.weight,21,0,2359296,0
300,blocks.10.mlp.proj.weight,22,0,2359296,0
300,blocks.10.mlp.proj.weight,23,0,2359296,0
300,blocks.10.mlp.proj.weight,24,0,2359296,0
300,blocks.10.mlp.proj.weight,25,0,2359296,0
300,blocks.10.mlp.proj.weight,26,0,2359296,0
300,blocks.10.mlp.proj.weight,27,0,2359296,0
300,blocks.10.mlp.proj.weight,28,0,2359296,0
300,blocks.10.mlp.proj.weight,29,0,2359296,0
300,blocks.10.mlp.proj.weight,30,0,2359296,0
300,blocks.10.mlp.proj.weight,31,0,2359296,0
300,blocks.10.mlp.proj.weight,32,0,2359296,0
300,blocks.10.mlp.proj.weight,33,0,2359296,0
300,blocks.10.mlp.proj.weight,34,0,2359296,0
300,blocks.10.mlp.proj.weight,35,0,2359296,0
300,blocks.10.mlp.proj.weight,36,0,2359296,0
300,blocks.10.mlp.proj.weight,37,0,2359296,0
300,blocks.10.mlp.proj.weight,38,0,2359296,0
300,blocks.10.mlp.proj.weight,39,0,2359296,0
300,blocks.10.mlp.proj.weight,40,0,2359296,0
300,blocks.10.mlp.proj.weight,41,0,2359296,0
300,blocks.10.mlp.proj.weight,42,0,2359296,0
300,blocks.10.mlp.proj.weight,43,0,2359296,0
300,blocks.10.mlp.proj.weight,44,0,2359296,0
300,blocks.10.mlp.proj.weight,45,0,2359296,0
300,blocks.10.mlp.proj.weight,46,0,2359296,0
300,blocks.10.mlp.proj.weight,47,0,2359296,0
300,blocks.10.mlp.proj.weight,48,0,2359296,0
300,blocks.10.mlp.proj.weight,49,0,2359296,0
300,blocks.10.mlp.proj.weight,50,0,2359296,0
300,blocks.10.mlp.proj.weight,51,0,2359296,0
300,blocks.10.mlp.proj.weight,52,0,2359296,0
300,blocks.10.mlp.proj.weight,53,0,2359296,0
300,blocks.10.mlp.proj.weight,54,0,2359296,0
300,blocks.10.mlp.proj.weight,55,0,2359296,0
300,blocks.10.mlp.proj.weight,56,0,2359296,0
300,blocks.10.mlp.proj.weight,57,0,2359296,0
300,blocks.10.mlp.proj.weight,58,0,2359296,0
300,blocks.10.mlp.proj.weight,59,0,2359296,0
300,blocks.10.mlp.proj.weight,60,0,2359296,0
300,blocks.10.mlp.proj.weight,61,0,2359296,0
300,blocks.10.mlp.proj.weight,62,0,2359296,0
300,blocks.10.mlp.proj.weight,63,0,2359296,0
300,blocks.10.mlp.proj.weight,64,0,2359296,0
300,blocks.10.mlp.proj.weight,65,0,2359296,0
300,blocks.10.mlp.proj.weight,66,0,2359296,0
300,blocks.10.mlp.proj.weight,67,0,2359296,0
300,blocks.10.mlp.proj.weight,68,0,2359296,0
300,blocks.10.mlp.proj.weight,69,0,2359296,0
300,blocks.10.mlp.proj.weight,70,0,2359296,0
300,blocks.10.mlp.proj.weight,71,0,2359296,0
300,blocks.10.mlp.proj.weight,72,0,2359296,0
300,blocks.10.mlp.proj.weight,73,0,2359296,0
300,blocks.10.mlp.proj.weight,74,0,2359296,0
300,blocks.10.mlp.proj.weight,75,0,2359296,0
300,blocks.10.mlp.proj.weight,76,0,2359296,0
300,blocks.10.mlp.proj.weight,77,0,2359296,0
300,blocks.10.mlp.proj.weight,78,0,2359296,0
300,blocks.10.mlp.proj.weight,79,0,2359296,0
300,blocks.10.mlp.proj.weight,80,0,2359296,0
300,blocks.10.mlp.proj.weight,81,0,2359296,0
300,blocks.10.mlp.proj.weight,82,0,2359296,0
300,blocks.10.mlp.proj.weight,83,0,2359296,0
300,blocks.10.mlp.proj.weight,84,0,2359296,0
300,blocks.10.mlp.proj.weight,85,0,2359296,0
300,blocks.10.mlp.proj.weight,86,0,2359296,0
300,blocks.10.mlp.proj.weight,87,0,2359296,0
300,blocks.10.mlp.proj.weight,88,0,2359296,0
300,blocks.10.mlp.proj.weight,89,0,2359296,0
300,blocks.10.mlp.proj.weight,90,0,2359296,0
300,blocks.10.mlp.proj.weight,91,0,2359296,0
300,blocks.10.mlp.proj.weight,92,0,2359296,0
300,blocks.10.mlp.proj.weight,93,0,2359296,0
300,blocks.10.mlp.proj.weight,94,0,2359296,0
300,blocks.10.mlp.proj.weight,95,0,2359296,0
300,blocks.10.mlp.proj.weight,96,0,2359296,0
300,blocks.10.mlp.proj.weight,97,0,2359296,0
300,blocks.10.mlp.proj.weight,98,0,2359296,0
300,blocks.10.mlp.proj.weight,99,0,2359296,0
300,blocks.10.mlp.proj.weight,100,0,2359296,0
300,blocks.10.mlp.proj.weight,101,0,2359296,0
300,blocks.10.mlp.proj.weight,102,0,2359296,0
300,blocks.10.mlp.proj.weight,103,0,2359296,0
300,blocks.10.mlp.proj.weight,104,0,2359296,0
300,blocks.10.mlp.proj.weight,105,0,2359296,0
300,blocks.10.mlp.proj.weight,106,0,2359296,0
300,blocks.10.mlp.proj.weight,107,0,2359296,0
300,blocks.10.mlp.proj.weight,108,0,2359296,0
300,blocks.10.mlp.proj.weight,109,0,2359296,0
300,blocks.10.mlp.proj.weight,110,0,2359296,0
300,blocks.10.mlp.proj.weight,111,0,2359296,0
300,blocks.10.mlp.proj.weight,112,0,2359296,0
300,blocks.10.mlp.proj.weight,113,0,2359296,0
300,blocks.10.mlp.proj.weight,114,0,2359296,0
300,blocks.10.mlp.proj.weight,115,0,2359296,0
300,blocks.10.mlp.proj.weight,116,0,2359296,0
300,blocks.10.mlp.proj.weight,117,0,2359296,0
300,blocks.10.mlp.proj.weight,118,0,2359296,0
300,blocks.10.mlp.proj.weight,119,0,2359296,0
300,blocks.10.mlp.proj.weight,120,0,2359296,0
300,blocks.10.mlp.proj.weight,121,0,2359296,0
300,blocks.10.mlp.proj.weight,122,0,2359296,0
300,blocks.10.mlp.proj.weight,123,0,2359296,0
300,blocks.10.mlp.proj.weight,124,0,2359296,0
300,blocks.10.mlp.proj.weight,125,0,2359296,0
300,blocks.10.mlp.proj.weight,126,0,2359296,0
300,blocks.10.mlp.proj.weight,127,0,2359296,0
300,blocks.10.mlp.proj.weight,128,0,2359296,0
300,blocks.11.mlp.fc.weight,-127,0,2359296,0
300,blocks.11.mlp.fc.weight,-126,0,2359296,0
300,blocks.11.mlp.fc.weight,-125,0,2359296,0
300,blocks.11.mlp.fc.weight,-124,0,2359296,0
300,blocks.11.mlp.fc.weight,-123,0,2359296,0
300,blocks.11.mlp.fc.weight,-122,0,2359296,0
300,blocks.11.mlp.fc.weight,-121,0,2359296,0
300,blocks.11.mlp.fc.weight,-120,0,2359296,0
300,blocks.11.mlp.fc.weight,-119,0,2359296,0
300,blocks.11.mlp.fc.weight,-118,0,2359296,0
300,blocks.11.mlp.fc.weight,-117,0,2359296,0
300,blocks.11.mlp.fc.weight,-116,0,2359296,0
300,blocks.11.mlp.fc.weight,-115,0,2359296,0
300,blocks.11.mlp.fc.weight,-114,0,2359296,0
300,blocks.11.mlp.fc.weight,-113,0,2359296,0
300,blocks.11.mlp.fc.weight,-112,0,2359296,0
300,blocks.11.mlp.fc.weight,-111,0,2359296,0
300,blocks.11.mlp.fc.weight,-110,0,2359296,0
300,blocks.11.mlp.fc.weight,-109,0,2359296,0
300,blocks.11.mlp.fc.weight,-108,0,2359296,0
300,blocks.11.mlp.fc.weight,-107,0,2359296,0
300,blocks.11.mlp.fc.weight,-106,0,2359296,0
300,blocks.11.mlp.fc.weight,-105,0,2359296,0
300,blocks.11.mlp.fc.weight,-104,0,2359296,0
300,blocks.11.mlp.fc.weight,-103,0,2359296,0
300,blocks.11.mlp.fc.weight,-102,0,2359296,0
300,blocks.11.mlp.fc.weight,-101,0,2359296,0
300,blocks.11.mlp.fc.weight,-100,0,2359296,0
300,blocks.11.mlp.fc.weight,-99,0,2359296,0
300,blocks.11.mlp.fc.weight,-98,0,2359296,0
300,blocks.11.mlp.fc.weight,-97,0,2359296,0
300,blocks.11.mlp.fc.weight,-96,0,2359296,0
300,blocks.11.mlp.fc.weight,-95,0,2359296,0
300,blocks.11.mlp.fc.weight,-94,0,2359296,0
300,blocks.11.mlp.fc.weight,-93,0,2359296,0
300,blocks.11.mlp.fc.weight,-92,0,2359296,0
300,blocks.11.mlp.fc.weight,-91,0,2359296,0
300,blocks.11.mlp.fc.weight,-90,0,2359296,0
300,blocks.11.mlp.fc.weight,-89,0,2359296,0
300,blocks.11.mlp.fc.weight,-88,0,2359296,0
300,blocks.11.mlp.fc.weight,-87,0,2359296,0
300,blocks.11.mlp.fc.weight,-86,0,2359296,0
300,blocks.11.mlp.fc.weight,-85,0,2359296,0
300,blocks.11.mlp.fc.weight,-84,0,2359296,0
300,blocks.11.mlp.fc.weight,-83,0,2359296,0
300,blocks.11.mlp.fc.weight,-82,0,2359296,0
300,blocks.11.mlp.fc.weight,-81,0,2359296,0
300,blocks.11.mlp.fc.weight,-80,0,2359296,0
300,blocks.11.mlp.fc.weight,-79,0,2359296,0
300,blocks.11.mlp.fc.weight,-78,0,2359296,0
300,blocks.11.mlp.fc.weight,-77,0,2359296,0
300,blocks.11.mlp.fc.weight,-76,0,2359296,0
300,blocks.11.mlp.fc.weight,-75,0,2359296,0
300,blocks.11.mlp.fc.weight,-74,0,2359296,0
300,blocks.11.mlp.fc.weight,-73,0,2359296,0
300,blocks.11.mlp.fc.weight,-72,0,2359296,0
300,blocks.11.mlp.fc.weight,-71,0,2359296,0
300,blocks.11.mlp.fc.weight,-70,0,2359296,0
300,blocks.11.mlp.fc.weight,-69,0,2359296,0
300,blocks.11.mlp.fc.weight,-68,0,2359296,0
300,blocks.11.mlp.fc.weight,-67,0,2359296,0
300,blocks.11.mlp.fc.weight,-66,0,2359296,0
300,blocks.11.mlp.fc.weight,-65,0,2359296,0
300,blocks.11.mlp.fc.weight,-64,0,2359296,0
300,blocks.11.mlp.fc.weight,-63,0,2359296,0
300,blocks.11.mlp.fc.weight,-62,0,2359296,0
300,blocks.11.mlp.fc.weight,-61,0,2359296,0
300,blocks.11.mlp.fc.weight,-60,0,2359296,0
300,blocks.11.mlp.fc.weight,-59,0,2359296,0
300,blocks.11.mlp.fc.weight,-58,0,2359296,0
300,blocks.11.mlp.fc.weight,-57,0,2359296,0
300,blocks.11.mlp.fc.weight,-56,0,2359296,0
300,blocks.11.mlp.fc.weight,-55,0,2359296,0
300,blocks.11.mlp.fc.weight,-54,0,2359296,0
300,blocks.11.mlp.fc.weight,-53,0,2359296,0
300,blocks.11.mlp.fc.weight,-52,0,2359296,0
300,blocks.11.mlp.fc.weight,-51,0,2359296,0
300,blocks.11.mlp.fc.weight,-50,0,2359296,0
300,blocks.11.mlp.fc.weight,-49,0,2359296,0
300,blocks.11.mlp.fc.weight,-48,0,2359296,0
300,blocks.11.mlp.fc.weight,-47,0,2359296,0
300,blocks.11.mlp.fc.weight,-46,0,2359296,0
300,blocks.11.mlp.fc.weight,-45,0,2359296,0
300,blocks.11.mlp.fc.weight,-44,0,2359296,0
300,blocks.11.mlp.fc.weight,-43,0,2359296,0
300,blocks.11.mlp.fc.weight,-42,0,2359296,0
300,blocks.11.mlp.fc.weight,-41,0,2359296,0
300,blocks.11.mlp.fc.weight,-40,0,2359296,0
300,blocks.11.mlp.fc.weight,-39,0,2359296,0
300,blocks.11.mlp.fc.weight,-38,0,2359296,0
300,blocks.11.mlp.fc.weight,-37,0,2359296,0
300,blocks.11.mlp.fc.weight,-36,0,2359296,0
300,blocks.11.mlp.fc.weight,-35,0,2359296,0
300,blocks.11.mlp.fc.weight,-34,3,2359296,0
300,blocks.11.mlp.fc.weight,-33,6,2359296,0
300,blocks.11.mlp.fc.weight,-32,16,2359296,0
300,blocks.11.mlp.fc.weight,-31,30,2359296,0
300,blocks.11.mlp.fc.weight,-30,31,2359296,0
300,blocks.11.mlp.fc.weight,-29,16,2359296,0
300,blocks.11.mlp.fc.weight,-28,6,2359296,0
300,blocks.11.mlp.fc.weight,-27,1,2359296,0
300,blocks.11.mlp.fc.weight,-26,0,2359296,0
300,blocks.11.mlp.fc.weight,-25,0,2359296,0
300,blocks.11.mlp.fc.weight,-24,0,2359296,0
300,blocks.11.mlp.fc.weight,-23,0,2359296,0
300,blocks.11.mlp.fc.weight,-22,1,2359296,0
300,blocks.11.mlp.fc.weight,-21,2,2359296,0
300,blocks.11.mlp.fc.weight,-20,3,2359296,0
300,blocks.11.mlp.fc.weight,-19,26,2359296,0
300,blocks.11.mlp.fc.weight,-18,66,2359296,0
300,blocks.11.mlp.fc.weight,-17,163,2359296,0
300,blocks.11.mlp.fc.weight,-16,360,2359296,0
300,blocks.11.mlp.fc.weight,-15,774,2359296,0
300,blocks.11.mlp.fc.weight,-14,1537,2359296,0
300,blocks.11.mlp.fc.weight,-13,3100,2359296,0
300,blocks.11.mlp.fc.weight,-12,6346,2359296,0
300,blocks.11.mlp.fc.weight,-11,12276,2359296,0
300,blocks.11.mlp.fc.weight,-10,24701,2359296,0
300,blocks.11.mlp.fc.weight,-9,49133,2359296,0
300,blocks.11.mlp.fc.weight,-8,94896,2359296,0
300,blocks.11.mlp.fc.weight,-7,173117,2359296,0
300,blocks.11.mlp.fc.weight,-6,285688,2359296,0
300,blocks.11.mlp.fc.weight,-5,415379,2359296,0
300,blocks.11.mlp.fc.weight,-4,525076,2359296,0
300,blocks.11.mlp.fc.weight,-3,502110,2359296,0
300,blocks.11.mlp.fc.weight,-2,229716,2359296,0
300,blocks.11.mlp.fc.weight,-1,30541,2359296,0
300,blocks.11.mlp.fc.weight,0,3370,2359296,0
300,blocks.11.mlp.fc.weight,1,644,2359296,0
300,blocks.11.mlp.fc.weight,2,152,2359296,0
300,blocks.11.mlp.fc.weight,3,10,2359296,0
300,blocks.11.mlp.fc.weight,4,0,2359296,0
300,blocks.11.mlp.fc.weight,5,0,2359296,0
300,blocks.11.mlp.fc.weight,6,0,2359296,0
300,blocks.11.mlp.fc.weight,7,0,2359296,0
300,blocks.11.mlp.fc.weight,8,0,2359296,0
300,blocks.11.mlp.fc.weight,9,0,2359296,0
300,blocks.11.mlp.fc.weight,10,0,2359296,0
300,blocks.11.mlp.fc.weight,11,0,2359296,0
300,blocks.11.mlp.fc.weight,12,0,2359296,0
300,blocks.11.mlp.fc.weight,13,0,2359296,0
300,blocks.11.mlp.fc.weight,14,0,2359296,0
300,blocks.11.mlp.fc.weight,15,0,2359296,0
300,blocks.11.mlp.fc.weight,16,0,2359296,0
300,blocks.11.mlp.fc.weight,17,0,2359296,0
300,blocks.11.mlp.fc.weight,18,0,2359296,0
300,blocks.11.mlp.fc.weight,19,0,2359296,0
300,blocks.11.mlp.fc.weight,20,0,2359296,0
300,blocks.11.mlp.fc.weight,21,0,2359296,0
300,blocks.11.mlp.fc.weight,22,0,2359296,0
300,blocks.11.mlp.fc.weight,23,0,2359296,0
300,blocks.11.mlp.fc.weight,24,0,2359296,0
300,blocks.11.mlp.fc.weight,25,0,2359296,0
300,blocks.11.mlp.fc.weight,26,0,2359296,0
300,blocks.11.mlp.fc.weight,27,0,2359296,0
300,blocks.11.mlp.fc.weight,28,0,2359296,0
300,blocks.11.mlp.fc.weight,29,0,2359296,0
300,blocks.11.mlp.fc.weight,30,0,2359296,0
300,blocks.11.mlp.fc.weight,31,0,2359296,0
300,blocks.11.mlp.fc.weight,32,0,2359296,0
300,blocks.11.mlp.fc.weight,33,0,2359296,0
300,blocks.11.mlp.fc.weight,34,0,2359296,0
300,blocks.11.mlp.fc.weight,35,0,2359296,0
300,blocks.11.mlp.fc.weight,36,0,2359296,0
300,blocks.11.mlp.fc.weight,37,0,2359296,0
300,blocks.11.mlp.fc.weight,38,0,2359296,0
300,blocks.11.mlp.fc.weight,39,0,2359296,0
300,blocks.11.mlp.fc.weight,40,0,2359296,0
300,blocks.11.mlp.fc.weight,41,0,2359296,0
300,blocks.11.mlp.fc.weight,42,0,2359296,0
300,blocks.11.mlp.fc.weight,43,0,2359296,0
300,blocks.11.mlp.fc.weight,44,0,2359296,0
300,blocks.11.mlp.fc.weight,45,0,2359296,0
300,blocks.11.mlp.fc.weight,46,0,2359296,0
300,blocks.11.mlp.fc.weight,47,0,2359296,0
300,blocks.11.mlp.fc.weight,48,0,2359296,0
300,blocks.11.mlp.fc.weight,49,0,2359296,0
300,blocks.11.mlp.fc.weight,50,0,2359296,0
300,blocks.11.mlp.fc.weight,51,0,2359296,0
300,blocks.11.mlp.fc.weight,52,0,2359296,0
300,blocks.11.mlp.fc.weight,53,0,2359296,0
300,blocks.11.mlp.fc.weight,54,0,2359296,0
300,blocks.11.mlp.fc.weight,55,0,2359296,0
300,blocks.11.mlp.fc.weight,56,0,2359296,0
300,blocks.11.mlp.fc.weight,57,0,2359296,0
300,blocks.11.mlp.fc.weight,58,0,2359296,0
300,blocks.11.mlp.fc.weight,59,0,2359296,0
300,blocks.11.mlp.fc.weight,60,0,2359296,0
300,blocks.11.mlp.fc.weight,61,0,2359296,0
300,blocks.11.mlp.fc.weight,62,0,2359296,0
300,blocks.11.mlp.fc.weight,63,0,2359296,0
300,blocks.11.mlp.fc.weight,64,0,2359296,0
300,blocks.11.mlp.fc.weight,65,0,2359296,0
300,blocks.11.mlp.fc.weight,66,0,2359296,0
300,blocks.11.mlp.fc.weight,67,0,2359296,0
300,blocks.11.mlp.fc.weight,68,0,2359296,0
300,blocks.11.mlp.fc.weight,69,0,2359296,0
300,blocks.11.mlp.fc.weight,70,0,2359296,0
300,blocks.11.mlp.fc.weight,71,0,2359296,0
300,blocks.11.mlp.fc.weight,72,0,2359296,0
300,blocks.11.mlp.fc.weight,73,0,2359296,0
300,blocks.11.mlp.fc.weight,74,0,2359296,0
300,blocks.11.mlp.fc.weight,75,0,2359296,0
300,blocks.11.mlp.fc.weight,76,0,2359296,0
300,blocks.11.mlp.fc.weight,77,0,2359296,0
300,blocks.11.mlp.fc.weight,78,0,2359296,0
300,blocks.11.mlp.fc.weight,79,0,2359296,0
300,blocks.11.mlp.fc.weight,80,0,2359296,0
300,blocks.11.mlp.fc.weight,81,0,2359296,0
300,blocks.11.mlp.fc.weight,82,0,2359296,0
300,blocks.11.mlp.fc.weight,83,0,2359296,0
300,blocks.11.mlp.fc.weight,84,0,2359296,0
300,blocks.11.mlp.fc.weight,85,0,2359296,0
300,blocks.11.mlp.fc.weight,86,0,2359296,0
300,blocks.11.mlp.fc.weight,87,0,2359296,0
300,blocks.11.mlp.fc.weight,88,0,2359296,0
300,blocks.11.mlp.fc.weight,89,0,2359296,0
300,blocks.11.mlp.fc.weight,90,0,2359296,0
300,blocks.11.mlp.fc.weight,91,0,2359296,0
300,blocks.11.mlp.fc.weight,92,0,2359296,0
300,blocks.11.mlp.fc.weight,93,0,2359296,0
300,blocks.11.mlp.fc.weight,94,0,2359296,0
300,blocks.11.mlp.fc.weight,95,0,2359296,0
300,blocks.11.mlp.fc.weight,96,0,2359296,0
300,blocks.11.mlp.fc.weight,97,0,2359296,0
300,blocks.11.mlp.fc.weight,98,0,2359296,0
300,blocks.11.mlp.fc.weight,99,0,2359296,0
300,blocks.11.mlp.fc.weight,100,0,2359296,0
300,blocks.11.mlp.fc.weight,101,0,2359296,0
300,blocks.11.mlp.fc.weight,102,0,2359296,0
300,blocks.11.mlp.fc.weight,103,0,2359296,0
300,blocks.11.mlp.fc.weight,104,0,2359296,0
300,blocks.11.mlp.fc.weight,105,0,2359296,0
300,blocks.11.mlp.fc.weight,106,0,2359296,0
300,blocks.11.mlp.fc.weight,107,0,2359296,0
300,blocks.11.mlp.fc.weight,108,0,2359296,0
300,blocks.11.mlp.fc.weight,109,0,2359296,0
300,blocks.11.mlp.fc.weight,110,0,2359296,0
300,blocks.11.mlp.fc.weight,111,0,2359296,0
300,blocks.11.mlp.fc.weight,112,0,2359296,0
300,blocks.11.mlp.fc.weight,113,0,2359296,0
300,blocks.11.mlp.fc.weight,114,0,2359296,0
300,blocks.11.mlp.fc.weight,115,0,2359296,0
300,blocks.11.mlp.fc.weight,116,0,2359296,0
300,blocks.11.mlp.fc.weight,117,0,2359296,0
300,blocks.11.mlp.fc.weight,118,0,2359296,0
300,blocks.11.mlp.fc.weight,119,0,2359296,0
300,blocks.11.mlp.fc.weight,120,0,2359296,0
300,blocks.11.mlp.fc.weight,121,0,2359296,0
300,blocks.11.mlp.fc.weight,122,0,2359296,0
300,blocks.11.mlp.fc.weight,123,0,2359296,0
300,blocks.11.mlp.fc.weight,124,0,2359296,0
300,blocks.11.mlp.fc.weight,125,0,2359296,0
300,blocks.11.mlp.fc.weight,126,0,2359296,0
300,blocks.11.mlp.fc.weight,127,0,2359296,0
300,blocks.11.mlp.fc.weight,128,0,2359296,0
300,blocks.11.mlp.proj.weight,-127,0,2359296,0
300,blocks.11.mlp.proj.weight,-126,0,2359296,0
300,blocks.11.mlp.proj.weight,-125,0,2359296,0
300,blocks.11.mlp.proj.weight,-124,0,2359296,0
300,blocks.11.mlp.proj.weight,-123,0,2359296,0
300,blocks.11.mlp.proj.weight,-122,0,2359296,0
300,blocks.11.mlp.proj.weight,-121,0,2359296,0
300,blocks.11.mlp.proj.weight,-120,0,2359296,0
300,blocks.11.mlp.proj.weight,-119,0,2359296,0
300,blocks.11.mlp.proj.weight,-118,0,2359296,0
300,blocks.11.mlp.proj.weight,-117,0,2359296,0
300,blocks.11.mlp.proj.weight,-116,0,2359296,0
300,blocks.11.mlp.proj.weight,-115,0,2359296,0
300,blocks.11.mlp.proj.weight,-114,0,2359296,0
300,blocks.11.mlp.proj.weight,-113,0,2359296,0
300,blocks.11.mlp.proj.weight,-112,0,2359296,0
300,blocks.11.mlp.proj.weight,-111,0,2359296,0
300,blocks.11.mlp.proj.weight,-110,0,2359296,0
300,blocks.11.mlp.proj.weight,-109,0,2359296,0
300,blocks.11.mlp.proj.weight,-108,0,2359296,0
300,blocks.11.mlp.proj.weight,-107,0,2359296,0
300,blocks.11.mlp.proj.weight,-106,0,2359296,0
300,blocks.11.mlp.proj.weight,-105,0,2359296,0
300,blocks.11.mlp.proj.weight,-104,0,2359296,0
300,blocks.11.mlp.proj.weight,-103,0,2359296,0
300,blocks.11.mlp.proj.weight,-102,0,2359296,0
300,blocks.11.mlp.proj.weight,-101,0,2359296,0
300,blocks.11.mlp.proj.weight,-100,0,2359296,0
300,blocks.11.mlp.proj.weight,-99,0,2359296,0
300,blocks.11.mlp.proj.weight,-98,0,2359296,0
300,blocks.11.mlp.proj.weight,-97,0,2359296,0
300,blocks.11.mlp.proj.weight,-96,0,2359296,0
300,blocks.11.mlp.proj.weight,-95,0,2359296,0
300,blocks.11.mlp.proj.weight,-94,0,2359296,0
300,blocks.11.mlp.proj.weight,-93,0,2359296,0
300,blocks.11.mlp.proj.weight,-92,0,2359296,0
300,blocks.11.mlp.proj.weight,-91,0,2359296,0
300,blocks.11.mlp.proj.weight,-90,0,2359296,0
300,blocks.11.mlp.proj.weight,-89,0,2359296,0
300,blocks.11.mlp.proj.weight,-88,0,2359296,0
300,blocks.11.mlp.proj.weight,-87,0,2359296,0
300,blocks.11.mlp.proj.weight,-86,0,2359296,0
300,blocks.11.mlp.proj.weight,-85,0,2359296,0
300,blocks.11.mlp.proj.weight,-84,0,2359296,0
300,blocks.11.mlp.proj.weight,-83,0,2359296,0
300,blocks.11.mlp.proj.weight,-82,0,2359296,0
300,blocks.11.mlp.proj.weight,-81,0,2359296,0
300,blocks.11.mlp.proj.weight,-80,0,2359296,0
300,blocks.11.mlp.proj.weight,-79,0,2359296,0
300,blocks.11.mlp.proj.weight,-78,0,2359296,0
300,blocks.11.mlp.proj.weight,-77,0,2359296,0
300,blocks.11.mlp.proj.weight,-76,0,2359296,0
300,blocks.11.mlp.proj.weight,-75,0,2359296,0
300,blocks.11.mlp.proj.weight,-74,0,2359296,0
300,blocks.11.mlp.proj.weight,-73,0,2359296,0
300,blocks.11.mlp.proj.weight,-72,0,2359296,0
300,blocks.11.mlp.proj.weight,-71,0,2359296,0
300,blocks.11.mlp.proj.weight,-70,0,2359296,0
300,blocks.11.mlp.proj.weight,-69,0,2359296,0
300,blocks.11.mlp.proj.weight,-68,0,2359296,0
300,blocks.11.mlp.proj.weight,-67,0,2359296,0
300,blocks.11.mlp.proj.weight,-66,0,2359296,0
300,blocks.11.mlp.proj.weight,-65,0,2359296,0
300,blocks.11.mlp.proj.weight,-64,0,2359296,0
300,blocks.11.mlp.proj.weight,-63,0,2359296,0
300,blocks.11.mlp.proj.weight,-62,0,2359296,0
300,blocks.11.mlp.proj.weight,-61,0,2359296,0
300,blocks.11.mlp.proj.weight,-60,0,2359296,0
300,blocks.11.mlp.proj.weight,-59,0,2359296,0
300,blocks.11.mlp.proj.weight,-58,0,2359296,0
300,blocks.11.mlp.proj.weight,-57,0,2359296,0
300,blocks.11.mlp.proj.weight,-56,0,2359296,0
300,blocks.11.mlp.proj.weight,-55,0,2359296,0
300,blocks.11.mlp.proj.weight,-54,0,2359296,0
300,blocks.11.mlp.proj.weight,-53,0,2359296,0
300,blocks.11.mlp.proj.weight,-52,0,2359296,0
300,blocks.11.mlp.proj.weight,-51,0,2359296,0
300,blocks.11.mlp.proj.weight,-50,0,2359296,0
300,blocks.11.mlp.proj.weight,-49,0,2359296,0
300,blocks.11.mlp.proj.weight,-48,0,2359296,0
300,blocks.11.mlp.proj.weight,-47,0,2359296,0
300,blocks.11.mlp.proj.weight,-46,0,2359296,0
300,blocks.11.mlp.proj.weight,-45,0,2359296,0
300,blocks.11.mlp.proj.weight,-44,0,2359296,0
300,blocks.11.mlp.proj.weight,-43,0,2359296,0
300,blocks.11.mlp.proj.weight,-42,0,2359296,0
300,blocks.11.mlp.proj.weight,-41,0,2359296,0
300,blocks.11.mlp.proj.weight,-40,0,2359296,0
300,blocks.11.mlp.proj.weight,-39,0,2359296,0
300,blocks.11.mlp.proj.weight,-38,0,2359296,0
300,blocks.11.mlp.proj.weight,-37,0,2359296,0
300,blocks.11.mlp.proj.weight,-36,0,2359296,0
300,blocks.11.mlp.proj.weight,-35,0,2359296,0
300,blocks.11.mlp.proj.weight,-34,2,2359296,0
300,blocks.11.mlp.proj.weight,-33,4,2359296,0
300,blocks.11.mlp.proj.weight,-32,9,2359296,0
300,blocks.11.mlp.proj.weight,-31,17,2359296,0
300,blocks.11.mlp.proj.weight,-30,33,2359296,0
300,blocks.11.mlp.proj.weight,-29,46,2359296,0
300,blocks.11.mlp.proj.weight,-28,70,2359296,0
300,blocks.11.mlp.proj.weight,-27,24,2359296,0
300,blocks.11.mlp.proj.weight,-26,4,2359296,0
300,blocks.11.mlp.proj.weight,-25,0,2359296,0
300,blocks.11.mlp.proj.weight,-24,0,2359296,0
300,blocks.11.mlp.proj.weight,-23,0,2359296,0
300,blocks.11.mlp.proj.weight,-22,0,2359296,0
300,blocks.11.mlp.proj.weight,-21,1,2359296,0
300,blocks.11.mlp.proj.weight,-20,10,2359296,0
300,blocks.11.mlp.proj.weight,-19,13,2359296,0
300,blocks.11.mlp.proj.weight,-18,33,2359296,0
300,blocks.11.mlp.proj.weight,-17,95,2359296,0
300,blocks.11.mlp.proj.weight,-16,210,2359296,0
300,blocks.11.mlp.proj.weight,-15,441,2359296,0
300,blocks.11.mlp.proj.weight,-14,980,2359296,0
300,blocks.11.mlp.proj.weight,-13,1978,2359296,0
300,blocks.11.mlp.proj.weight,-12,4124,2359296,0
300,blocks.11.mlp.proj.weight,-11,8087,2359296,0
300,blocks.11.mlp.proj.weight,-10,16407,2359296,0
300,blocks.11.mlp.proj.weight,-9,32167,2359296,0
300,blocks.11.mlp.proj.weight,-8,62142,2359296,0
300,blocks.11.mlp.proj.weight,-7,112320,2359296,0
300,blocks.11.mlp.proj.weight,-6,185723,2359296,0
300,blocks.11.mlp.proj.weight,-5,286698,2359296,0
300,blocks.11.mlp.proj.weight,-4,411886,2359296,0
300,blocks.11.mlp.proj.weight,-3,528783,2359296,0
300,blocks.11.mlp.proj.weight,-2,489613,2359296,0
300,blocks.11.mlp.proj.weight,-1,193863,2359296,0
300,blocks.11.mlp.proj.weight,0,20846,2359296,0
300,blocks.11.mlp.proj.weight,1,1608,2359296,0
300,blocks.11.mlp.proj.weight,2,537,2359296,0
300,blocks.11.mlp.proj.weight,3,361,2359296,0
300,blocks.11.mlp.proj.weight,4,154,2359296,0
300,blocks.11.mlp.proj.weight,5,6,2359296,0
300,blocks.11.mlp.proj.weight,6,1,2359296,0
300,blocks.11.mlp.proj.weight,7,0,2359296,0
300,blocks.11.mlp.proj.weight,8,0,2359296,0
300,blocks.11.mlp.proj.weight,9,0,2359296,0
300,blocks.11.mlp.proj.weight,10,0,2359296,0
300,blocks.11.mlp.proj.weight,11,0,2359296,0
300,blocks.11.mlp.proj.weight,12,0,2359296,0
300,blocks.11.mlp.proj.weight,13,0,2359296,0
300,blocks.11.mlp.proj.weight,14,0,2359296,0
300,blocks.11.mlp.proj.weight,15,0,2359296,0
300,blocks.11.mlp.proj.weight,16,0,2359296,0
300,blocks.11.mlp.proj.weight,17,0,2359296,0
300,blocks.11.mlp.proj.weight,18,0,2359296,0
300,blocks.11.mlp.proj.weight,19,0,2359296,0
300,blocks.11.mlp.proj.weight,20,0,2359296,0
300,blocks.11.mlp.proj.weight,21,0,2359296,0
300,blocks.11.mlp.proj.weight,22,0,2359296,0
300,blocks.11.mlp.proj.weight,23,0,2359296,0
300,blocks.11.mlp.proj.weight,24,0,2359296,0
300,blocks.11.mlp.proj.weight,25,0,2359296,0
300,blocks.11.mlp.proj.weight,26,0,2359296,0
300,blocks.11.mlp.proj.weight,27,0,2359296,0
300,blocks.11.mlp.proj.weight,28,0,2359296,0
300,blocks.11.mlp.proj.weight,29,0,2359296,0
300,blocks.11.mlp.proj.weight,30,0,2359296,0
300,blocks.11.mlp.proj.weight,31,0,2359296,0
300,blocks.11.mlp.proj.weight,32,0,2359296,0
300,blocks.11.mlp.proj.weight,33,0,2359296,0
300,blocks.11.mlp.proj.weight,34,0,2359296,0
300,blocks.11.mlp.proj.weight,35,0,2359296,0
300,blocks.11.mlp.proj.weight,36,0,2359296,0
300,blocks.11.mlp.proj.weight,37,0,2359296,0
300,blocks.11.mlp.proj.weight,38,0,2359296,0
300,blocks.11.mlp.proj.weight,39,0,2359296,0
300,blocks.11.mlp.proj.weight,40,0,2359296,0
300,blocks.11.mlp.proj.weight,41,0,2359296,0
300,blocks.11.mlp.proj.weight,42,0,2359296,0
300,blocks.11.mlp.proj.weight,43,0,2359296,0
300,blocks.11.mlp.proj.weight,44,0,2359296,0
300,blocks.11.mlp.proj.weight,45,0,2359296,0
300,blocks.11.mlp.proj.weight,46,0,2359296,0
300,blocks.11.mlp.proj.weight,47,0,2359296,0
300,blocks.11.mlp.proj.weight,48,0,2359296,0
300,blocks.11.mlp.proj.weight,49,0,2359296,0
300,blocks.11.mlp.proj.weight,50,0,2359296,0
300,blocks.11.mlp.proj.weight,51,0,2359296,0
300,blocks.11.mlp.proj.weight,52,0,2359296,0
300,blocks.11.mlp.proj.weight,53,0,2359296,0
300,blocks.11.mlp.proj.weight,54,0,2359296,0
300,blocks.11.mlp.proj.weight,55,0,2359296,0
300,blocks.11.mlp.proj.weight,56,0,2359296,0
300,blocks.11.mlp.proj.weight,57,0,2359296,0
300,blocks.11.mlp.proj.weight,58,0,2359296,0
300,blocks.11.mlp.proj.weight,59,0,2359296,0
300,blocks.11.mlp.proj.weight,60,0,2359296,0
300,blocks.11.mlp.proj.weight,61,0,2359296,0
300,blocks.11.mlp.proj.weight,62,0,2359296,0
300,blocks.11.mlp.proj.weight,63,0,2359296,0
300,blocks.11.mlp.proj.weight,64,0,2359296,0
300,blocks.11.mlp.proj.weight,65,0,2359296,0
300,blocks.11.mlp.proj.weight,66,0,2359296,0
300,blocks.11.mlp.proj.weight,67,0,2359296,0
300,blocks.11.mlp.proj.weight,68,0,2359296,0
300,blocks.11.mlp.proj.weight,69,0,2359296,0
300,blocks.11.mlp.proj.weight,70,0,2359296,0
300,blocks.11.mlp.proj.weight,71,0,2359296,0
300,blocks.11.mlp.proj.weight,72,0,2359296,0
300,blocks.11.mlp.proj.weight,73,0,2359296,0
300,blocks.11.mlp.proj.weight,74,0,2359296,0
300,blocks.11.mlp.proj.weight,75,0,2359296,0
300,blocks.11.mlp.proj.weight,76,0,2359296,0
300,blocks.11.mlp.proj.weight,77,0,2359296,0
300,blocks.11.mlp.proj.weight,78,0,2359296,0
300,blocks.11.mlp.proj.weight,79,0,2359296,0
300,blocks.11.mlp.proj.weight,80,0,2359296,0
300,blocks.11.mlp.proj.weight,81,0,2359296,0
300,blocks.11.mlp.proj.weight,82,0,2359296,0
300,blocks.11.mlp.proj.weight,83,0,2359296,0
300,blocks.11.mlp.proj.weight,84,0,2359296,0
300,blocks.11.mlp.proj.weight,85,0,2359296,0
300,blocks.11.mlp.proj.weight,86,0,2359296,0
300,blocks.11.mlp.proj.weight,87,0,2359296,0
300,blocks.11.mlp.proj.weight,88,0,2359296,0
300,blocks.11.mlp.proj.weight,89,0,2359296,0
300,blocks.11.mlp.proj.weight,90,0,2359296,0
300,blocks.11.mlp.proj.weight,91,0,2359296,0
300,blocks.11.mlp.proj.weight,92,0,2359296,0
300,blocks.11.mlp.proj.weight,93,0,2359296,0
300,blocks.11.mlp.proj.weight,94,0,2359296,0
300,blocks.11.mlp.proj.weight,95,0,2359296,0
300,blocks.11.mlp.proj.weight,96,0,2359296,0
300,blocks.11.mlp.proj.weight,97,0,2359296,0
300,blocks.11.mlp.proj.weight,98,0,2359296,0
300,blocks.11.mlp.proj.weight,99,0,2359296,0
300,blocks.11.mlp.proj.weight,100,0,2359296,0
300,blocks.11.mlp.proj.weight,101,0,2359296,0
300,blocks.11.mlp.proj.weight,102,0,2359296,0
300,blocks.11.mlp.proj.weight,103,0,2359296,0
300,blocks.11.mlp.proj.weight,104,0,2359296,0
300,blocks.11.mlp.proj.weight,105,0,2359296,0
300,blocks.11.mlp.proj.weight,106,0,2359296,0
300,blocks.11.mlp.proj.weight,107,0,2359296,0
300,blocks.11.mlp.proj.weight,108,0,2359296,0
300,blocks.11.mlp.proj.weight,109,0,2359296,0
300,blocks.11.mlp.proj.weight,110,0,2359296,0
300,blocks.11.mlp.proj.weight,111,0,2359296,0
300,blocks.11.mlp.proj.weight,112,0,2359296,0
300,blocks.11.mlp.proj.weight,113,0,2359296,0
300,blocks.11.mlp.proj.weight,114,0,2359296,0
300,blocks.11.mlp.proj.weight,115,0,2359296,0
300,blocks.11.mlp.proj.weight,116,0,2359296,0
300,blocks.11.mlp.proj.weight,117,0,2359296,0
300,blocks.11.mlp.proj.weight,118,0,2359296,0
300,blocks.11.mlp.proj.weight,119,0,2359296,0
300,blocks.11.mlp.proj.weight,120,0,2359296,0
300,blocks.11.mlp.proj.weight,121,0,2359296,0
300,blocks.11.mlp.proj.weight,122,0,2359296,0
300,blocks.11.mlp.proj.weight,123,0,2359296,0
300,blocks.11.mlp.proj.weight,124,0,2359296,0
300,blocks.11.mlp.proj.weight,125,0,2359296,0
300,blocks.11.mlp.proj.weight,126,0,2359296,0
300,blocks.11.mlp.proj.weight,127,0,2359296,0
300,blocks.11.mlp.proj.weight,128,0,2359296,0
1500,blocks.0.mlp.fc.weight,-127,0,2359296,0
1500,blocks.0.mlp.fc.weight,-126,0,2359296,0
1500,blocks.0.mlp.fc.weight,-125,0,2359296,0
1500,blocks.0.mlp.fc.weight,-124,0,2359296,0
1500,blocks.0.mlp.fc.weight,-123,0,2359296,0
1500,blocks.0.mlp.fc.weight,-122,0,2359296,0
1500,blocks.0.mlp.fc.weight,-121,0,2359296,0
1500,blocks.0.mlp.fc.weight,-120,0,2359296,0
1500,blocks.0.mlp.fc.weight,-119,0,2359296,0
1500,blocks.0.mlp.fc.weight,-118,0,2359296,0
1500,blocks.0.mlp.fc.weight,-117,0,2359296,0
1500,blocks.0.mlp.fc.weight,-116,0,2359296,0
1500,blocks.0.mlp.fc.weight,-115,0,2359296,0
1500,blocks.0.mlp.fc.weight,-114,0,2359296,0
1500,blocks.0.mlp.fc.weight,-113,0,2359296,0
1500,blocks.0.mlp.fc.weight,-112,0,2359296,0
1500,blocks.0.mlp.fc.weight,-111,0,2359296,0
1500,blocks.0.mlp.fc.weight,-110,0,2359296,0
1500,blocks.0.mlp.fc.weight,-109,0,2359296,0
1500,blocks.0.mlp.fc.weight,-108,0,2359296,0
1500,blocks.0.mlp.fc.weight,-107,0,2359296,0
1500,blocks.0.mlp.fc.weight,-106,0,2359296,0
1500,blocks.0.mlp.fc.weight,-105,0,2359296,0
1500,blocks.0.mlp.fc.weight,-104,0,2359296,0
1500,blocks.0.mlp.fc.weight,-103,0,2359296,0
1500,blocks.0.mlp.fc.weight,-102,0,2359296,0
1500,blocks.0.mlp.fc.weight,-101,0,2359296,0
1500,blocks.0.mlp.fc.weight,-100,0,2359296,0
1500,blocks.0.mlp.fc.weight,-99,0,2359296,0
1500,blocks.0.mlp.fc.weight,-98,0,2359296,0
1500,blocks.0.mlp.fc.weight,-97,0,2359296,0
1500,blocks.0.mlp.fc.weight,-96,0,2359296,0
1500,blocks.0.mlp.fc.weight,-95,0,2359296,0
1500,blocks.0.mlp.fc.weight,-94,0,2359296,0
1500,blocks.0.mlp.fc.weight,-93,0,2359296,0
1500,blocks.0.mlp.fc.weight,-92,0,2359296,0
1500,blocks.0.mlp.fc.weight,-91,0,2359296,0
1500,blocks.0.mlp.fc.weight,-90,0,2359296,0
1500,blocks.0.mlp.fc.weight,-89,0,2359296,0
1500,blocks.0.mlp.fc.weight,-88,0,2359296,0
1500,blocks.0.mlp.fc.weight,-87,0,2359296,0
1500,blocks.0.mlp.fc.weight,-86,0,2359296,0
1500,blocks.0.mlp.fc.weight,-85,0,2359296,0
1500,blocks.0.mlp.fc.weight,-84,0,2359296,0
1500,blocks.0.mlp.fc.weight,-83,0,2359296,0
1500,blocks.0.mlp.fc.weight,-82,0,2359296,0
1500,blocks.0.mlp.fc.weight,-81,0,2359296,0
1500,blocks.0.mlp.fc.weight,-80,0,2359296,0
1500,blocks.0.mlp.fc.weight,-79,0,2359296,0
1500,blocks.0.mlp.fc.weight,-78,0,2359296,0
1500,blocks.0.mlp.fc.weight,-77,0,2359296,0
1500,blocks.0.mlp.fc.weight,-76,0,2359296,0
1500,blocks.0.mlp.fc.weight,-75,0,2359296,0
1500,blocks.0.mlp.fc.weight,-74,0,2359296,0
1500,blocks.0.mlp.fc.weight,-73,0,2359296,0
1500,blocks.0.mlp.fc.weight,-72,0,2359296,0
1500,blocks.0.mlp.fc.weight,-71,0,2359296,0
1500,blocks.0.mlp.fc.weight,-70,0,2359296,0
1500,blocks.0.mlp.fc.weight,-69,0,2359296,0
1500,blocks.0.mlp.fc.weight,-68,0,2359296,0
1500,blocks.0.mlp.fc.weight,-67,0,2359296,0
1500,blocks.0.mlp.fc.weight,-66,0,2359296,0
1500,blocks.0.mlp.fc.weight,-65,0,2359296,0
1500,blocks.0.mlp.fc.weight,-64,0,2359296,0
1500,blocks.0.mlp.fc.weight,-63,0,2359296,0
1500,blocks.0.mlp.fc.weight,-62,0,2359296,0
1500,blocks.0.mlp.fc.weight,-61,0,2359296,0
1500,blocks.0.mlp.fc.weight,-60,0,2359296,0
1500,blocks.0.mlp.fc.weight,-59,0,2359296,0
1500,blocks.0.mlp.fc.weight,-58,0,2359296,0
1500,blocks.0.mlp.fc.weight,-57,0,2359296,0
1500,blocks.0.mlp.fc.weight,-56,0,2359296,0
1500,blocks.0.mlp.fc.weight,-55,0,2359296,0
1500,blocks.0.mlp.fc.weight,-54,0,2359296,0
1500,blocks.0.mlp.fc.weight,-53,0,2359296,0
1500,blocks.0.mlp.fc.weight,-52,0,2359296,0
1500,blocks.0.mlp.fc.weight,-51,0,2359296,0
1500,blocks.0.mlp.fc.weight,-50,0,2359296,0
1500,blocks.0.mlp.fc.weight,-49,0,2359296,0
1500,blocks.0.mlp.fc.weight,-48,0,2359296,0
1500,blocks.0.mlp.fc.weight,-47,0,2359296,0
1500,blocks.0.mlp.fc.weight,-46,0,2359296,0
1500,blocks.0.mlp.fc.weight,-45,0,2359296,0
1500,blocks.0.mlp.fc.weight,-44,0,2359296,0
1500,blocks.0.mlp.fc.weight,-43,0,2359296,0
1500,blocks.0.mlp.fc.weight,-42,0,2359296,0
1500,blocks.0.mlp.fc.weight,-41,0,2359296,0
1500,blocks.0.mlp.fc.weight,-40,0,2359296,0
1500,blocks.0.mlp.fc.weight,-39,0,2359296,0
1500,blocks.0.mlp.fc.weight,-38,0,2359296,0
1500,blocks.0.mlp.fc.weight,-37,0,2359296,0
1500,blocks.0.mlp.fc.weight,-36,0,2359296,0
1500,blocks.0.mlp.fc.weight,-35,0,2359296,0
1500,blocks.0.mlp.fc.weight,-34,0,2359296,0
1500,blocks.0.mlp.fc.weight,-33,1,2359296,0
1500,blocks.0.mlp.fc.weight,-32,5,2359296,0
1500,blocks.0.mlp.fc.weight,-31,9,2359296,0
1500,blocks.0.mlp.fc.weight,-30,38,2359296,0
1500,blocks.0.mlp.fc.weight,-29,43,2359296,0
1500,blocks.0.mlp.fc.weight,-28,14,2359296,0
1500,blocks.0.mlp.fc.weight,-27,4,2359296,0
1500,blocks.0.mlp.fc.weight,-26,0,2359296,0
1500,blocks.0.mlp.fc.weight,-25,0,2359296,0
1500,blocks.0.mlp.fc.weight,-24,0,2359296,0
1500,blocks.0.mlp.fc.weight,-23,0,2359296,0
1500,blocks.0.mlp.fc.weight,-22,0,2359296,0
1500,blocks.0.mlp.fc.weight,-21,0,2359296,0
1500,blocks.0.mlp.fc.weight,-20,1,2359296,0
1500,blocks.0.mlp.fc.weight,-19,3,2359296,0
1500,blocks.0.mlp.fc.weight,-18,14,2359296,0
1500,blocks.0.mlp.fc.weight,-17,55,2359296,0
1500,blocks.0.mlp.fc.weight,-16,141,2359296,0
1500,blocks.0.mlp.fc.weight,-15,289,2359296,0
1500,blocks.0.mlp.fc.weight,-14,521,2359296,0
1500,blocks.0.mlp.fc.weight,-13,1195,2359296,0
1500,blocks.0.mlp.fc.weight,-12,2500,2359296,0
1500,blocks.0.mlp.fc.weight,-11,4967,2359296,0
1500,blocks.0.mlp.fc.weight,-10,9886,2359296,0
1500,blocks.0.mlp.fc.weight,-9,19791,2359296,0
1500,blocks.0.mlp.fc.weight,-8,39805,2359296,0
1500,blocks.0.mlp.fc.weight,-7,78884,2359296,0
1500,blocks.0.mlp.fc.weight,-6,156469,2359296,0
1500,blocks.0.mlp.fc.weight,-5,305129,2359296,0
1500,blocks.0.mlp.fc.weight,-4,548100,2359296,0
1500,blocks.0.mlp.fc.weight,-3,737171,2359296,0
1500,blocks.0.mlp.fc.weight,-2,414665,2359296,0
1500,blocks.0.mlp.fc.weight,-1,38924,2359296,0
1500,blocks.0.mlp.fc.weight,0,666,2359296,0
1500,blocks.0.mlp.fc.weight,1,6,2359296,0
1500,blocks.0.mlp.fc.weight,2,0,2359296,0
1500,blocks.0.mlp.fc.weight,3,0,2359296,0
1500,blocks.0.mlp.fc.weight,4,0,2359296,0
1500,blocks.0.mlp.fc.weight,5,0,2359296,0
1500,blocks.0.mlp.fc.weight,6,0,2359296,0
1500,blocks.0.mlp.fc.weight,7,0,2359296,0
1500,blocks.0.mlp.fc.weight,8,0,2359296,0
1500,blocks.0.mlp.fc.weight,9,0,2359296,0
1500,blocks.0.mlp.fc.weight,10,0,2359296,0
1500,blocks.0.mlp.fc.weight,11,0,2359296,0
1500,blocks.0.mlp.fc.weight,12,0,2359296,0
1500,blocks.0.mlp.fc.weight,13,0,2359296,0
1500,blocks.0.mlp.fc.weight,14,0,2359296,0
1500,blocks.0.mlp.fc.weight,15,0,2359296,0
1500,blocks.0.mlp.fc.weight,16,0,2359296,0
1500,blocks.0.mlp.fc.weight,17,0,2359296,0
1500,blocks.0.mlp.fc.weight,18,0,2359296,0
1500,blocks.0.mlp.fc.weight,19,0,2359296,0
1500,blocks.0.mlp.fc.weight,20,0,2359296,0
1500,blocks.0.mlp.fc.weight,21,0,2359296,0
1500,blocks.0.mlp.fc.weight,22,0,2359296,0
1500,blocks.0.mlp.fc.weight,23,0,2359296,0
1500,blocks.0.mlp.fc.weight,24,0,2359296,0
1500,blocks.0.mlp.fc.weight,25,0,2359296,0
1500,blocks.0.mlp.fc.weight,26,0,2359296,0
1500,blocks.0.mlp.fc.weight,27,0,2359296,0
1500,blocks.0.mlp.fc.weight,28,0,2359296,0
1500,blocks.0.mlp.fc.weight,29,0,2359296,0
1500,blocks.0.mlp.fc.weight,30,0,2359296,0
1500,blocks.0.mlp.fc.weight,31,0,2359296,0
1500,blocks.0.mlp.fc.weight,32,0,2359296,0
1500,blocks.0.mlp.fc.weight,33,0,2359296,0
1500,blocks.0.mlp.fc.weight,34,0,2359296,0
1500,blocks.0.mlp.fc.weight,35,0,2359296,0
1500,blocks.0.mlp.fc.weight,36,0,2359296,0
1500,blocks.0.mlp.fc.weight,37,0,2359296,0
1500,blocks.0.mlp.fc.weight,38,0,2359296,0
1500,blocks.0.mlp.fc.weight,39,0,2359296,0
1500,blocks.0.mlp.fc.weight,40,0,2359296,0
1500,blocks.0.mlp.fc.weight,41,0,2359296,0
1500,blocks.0.mlp.fc.weight,42,0,2359296,0
1500,blocks.0.mlp.fc.weight,43,0,2359296,0
1500,blocks.0.mlp.fc.weight,44,0,2359296,0
1500,blocks.0.mlp.fc.weight,45,0,2359296,0
1500,blocks.0.mlp.fc.weight,46,0,2359296,0
1500,blocks.0.mlp.fc.weight,47,0,2359296,0
1500,blocks.0.mlp.fc.weight,48,0,2359296,0
1500,blocks.0.mlp.fc.weight,49,0,2359296,0
1500,blocks.0.mlp.fc.weight,50,0,2359296,0
1500,blocks.0.mlp.fc.weight,51,0,2359296,0
1500,blocks.0.mlp.fc.weight,52,0,2359296,0
1500,blocks.0.mlp.fc.weight,53,0,2359296,0
1500,blocks.0.mlp.fc.weight,54,0,2359296,0
1500,blocks.0.mlp.fc.weight,55,0,2359296,0
1500,blocks.0.mlp.fc.weight,56,0,2359296,0
1500,blocks.0.mlp.fc.weight,57,0,2359296,0
1500,blocks.0.mlp.fc.weight,58,0,2359296,0
1500,blocks.0.mlp.fc.weight,59,0,2359296,0
1500,blocks.0.mlp.fc.weight,60,0,2359296,0
1500,blocks.0.mlp.fc.weight,61,0,2359296,0
1500,blocks.0.mlp.fc.weight,62,0,2359296,0
1500,blocks.0.mlp.fc.weight,63,0,2359296,0
1500,blocks.0.mlp.fc.weight,64,0,2359296,0
1500,blocks.0.mlp.fc.weight,65,0,2359296,0
1500,blocks.0.mlp.fc.weight,66,0,2359296,0
1500,blocks.0.mlp.fc.weight,67,0,2359296,0
1500,blocks.0.mlp.fc.weight,68,0,2359296,0
1500,blocks.0.mlp.fc.weight,69,0,2359296,0
1500,blocks.0.mlp.fc.weight,70,0,2359296,0
1500,blocks.0.mlp.fc.weight,71,0,2359296,0
1500,blocks.0.mlp.fc.weight,72,0,2359296,0
1500,blocks.0.mlp.fc.weight,73,0,2359296,0
1500,blocks.0.mlp.fc.weight,74,0,2359296,0
1500,blocks.0.mlp.fc.weight,75,0,2359296,0
1500,blocks.0.mlp.fc.weight,76,0,2359296,0
1500,blocks.0.mlp.fc.weight,77,0,2359296,0
1500,blocks.0.mlp.fc.weight,78,0,2359296,0
1500,blocks.0.mlp.fc.weight,79,0,2359296,0
1500,blocks.0.mlp.fc.weight,80,0,2359296,0
1500,blocks.0.mlp.fc.weight,81,0,2359296,0
1500,blocks.0.mlp.fc.weight,82,0,2359296,0
1500,blocks.0.mlp.fc.weight,83,0,2359296,0
1500,blocks.0.mlp.fc.weight,84,0,2359296,0
1500,blocks.0.mlp.fc.weight,85,0,2359296,0
1500,blocks.0.mlp.fc.weight,86,0,2359296,0
1500,blocks.0.mlp.fc.weight,87,0,2359296,0
1500,blocks.0.mlp.fc.weight,88,0,2359296,0
1500,blocks.0.mlp.fc.weight,89,0,2359296,0
1500,blocks.0.mlp.fc.weight,90,0,2359296,0
1500,blocks.0.mlp.fc.weight,91,0,2359296,0
1500,blocks.0.mlp.fc.weight,92,0,2359296,0
1500,blocks.0.mlp.fc.weight,93,0,2359296,0
1500,blocks.0.mlp.fc.weight,94,0,2359296,0
1500,blocks.0.mlp.fc.weight,95,0,2359296,0
1500,blocks.0.mlp.fc.weight,96,0,2359296,0
1500,blocks.0.mlp.fc.weight,97,0,2359296,0
1500,blocks.0.mlp.fc.weight,98,0,2359296,0
1500,blocks.0.mlp.fc.weight,99,0,2359296,0
1500,blocks.0.mlp.fc.weight,100,0,2359296,0
1500,blocks.0.mlp.fc.weight,101,0,2359296,0
1500,blocks.0.mlp.fc.weight,102,0,2359296,0
1500,blocks.0.mlp.fc.weight,103,0,2359296,0
1500,blocks.0.mlp.fc.weight,104,0,2359296,0
1500,blocks.0.mlp.fc.weight,105,0,2359296,0
1500,blocks.0.mlp.fc.weight,106,0,2359296,0
1500,blocks.0.mlp.fc.weight,107,0,2359296,0
1500,blocks.0.mlp.fc.weight,108,0,2359296,0
1500,blocks.0.mlp.fc.weight,109,0,2359296,0
1500,blocks.0.mlp.fc.weight,110,0,2359296,0
1500,blocks.0.mlp.fc.weight,111,0,2359296,0
1500,blocks.0.mlp.fc.weight,112,0,2359296,0
1500,blocks.0.mlp.fc.weight,113,0,2359296,0
1500,blocks.0.mlp.fc.weight,114,0,2359296,0
1500,blocks.0.mlp.fc.weight,115,0,2359296,0
1500,blocks.0.mlp.fc.weight,116,0,2359296,0
1500,blocks.0.mlp.fc.weight,117,0,2359296,0
1500,blocks.0.mlp.fc.weight,118,0,2359296,0
1500,blocks.0.mlp.fc.weight,119,0,2359296,0
1500,blocks.0.mlp.fc.weight,120,0,2359296,0
1500,blocks.0.mlp.fc.weight,121,0,2359296,0
1500,blocks.0.mlp.fc.weight,122,0,2359296,0
1500,blocks.0.mlp.fc.weight,123,0,2359296,0
1500,blocks.0.mlp.fc.weight,124,0,2359296,0
1500,blocks.0.mlp.fc.weight,125,0,2359296,0
1500,blocks.0.mlp.fc.weight,126,0,2359296,0
1500,blocks.0.mlp.fc.weight,127,0,2359296,0
1500,blocks.0.mlp.fc.weight,128,0,2359296,0
1500,blocks.0.mlp.proj.weight,-127,0,2359296,0
1500,blocks.0.mlp.proj.weight,-126,0,2359296,0
1500,blocks.0.mlp.proj.weight,-125,0,2359296,0
1500,blocks.0.mlp.proj.weight,-124,0,2359296,0
1500,blocks.0.mlp.proj.weight,-123,0,2359296,0
1500,blocks.0.mlp.proj.weight,-122,0,2359296,0
1500,blocks.0.mlp.proj.weight,-121,0,2359296,0
1500,blocks.0.mlp.proj.weight,-120,0,2359296,0
1500,blocks.0.mlp.proj.weight,-119,0,2359296,0
1500,blocks.0.mlp.proj.weight,-118,0,2359296,0
1500,blocks.0.mlp.proj.weight,-117,0,2359296,0
1500,blocks.0.mlp.proj.weight,-116,0,2359296,0
1500,blocks.0.mlp.proj.weight,-115,0,2359296,0
1500,blocks.0.mlp.proj.weight,-114,0,2359296,0
1500,blocks.0.mlp.proj.weight,-113,0,2359296,0
1500,blocks.0.mlp.proj.weight,-112,0,2359296,0
1500,blocks.0.mlp.proj.weight,-111,0,2359296,0
1500,blocks.0.mlp.proj.weight,-110,0,2359296,0
1500,blocks.0.mlp.proj.weight,-109,0,2359296,0
1500,blocks.0.mlp.proj.weight,-108,0,2359296,0
1500,blocks.0.mlp.proj.weight,-107,0,2359296,0
1500,blocks.0.mlp.proj.weight,-106,0,2359296,0
1500,blocks.0.mlp.proj.weight,-105,0,2359296,0
1500,blocks.0.mlp.proj.weight,-104,0,2359296,0
1500,blocks.0.mlp.proj.weight,-103,0,2359296,0
1500,blocks.0.mlp.proj.weight,-102,0,2359296,0
1500,blocks.0.mlp.proj.weight,-101,0,2359296,0
1500,blocks.0.mlp.proj.weight,-100,0,2359296,0
1500,blocks.0.mlp.proj.weight,-99,0,2359296,0
1500,blocks.0.mlp.proj.weight,-98,0,2359296,0
1500,blocks.0.mlp.proj.weight,-97,0,2359296,0
1500,blocks.0.mlp.proj.weight,-96,0,2359296,0
1500,blocks.0.mlp.proj.weight,-95,0,2359296,0
1500,blocks.0.mlp.proj.weight,-94,0,2359296,0
1500,blocks.0.mlp.proj.weight,-93,0,2359296,0
1500,blocks.0.mlp.proj.weight,-92,0,2359296,0
1500,blocks.0.mlp.proj.weight,-91,0,2359296,0
1500,blocks.0.mlp.proj.weight,-90,0,2359296,0
1500,blocks.0.mlp.proj.weight,-89,0,2359296,0
1500,blocks.0.mlp.proj.weight,-88,0,2359296,0
1500,blocks.0.mlp.proj.weight,-87,0,2359296,0
1500,blocks.0.mlp.proj.weight,-86,0,2359296,0
1500,blocks.0.mlp.proj.weight,-85,0,2359296,0
1500,blocks.0.mlp.proj.weight,-84,0,2359296,0
1500,blocks.0.mlp.proj.weight,-83,0,2359296,0
1500,blocks.0.mlp.proj.weight,-82,0,2359296,0
1500,blocks.0.mlp.proj.weight,-81,0,2359296,0
1500,blocks.0.mlp.proj.weight,-80,0,2359296,0
1500,blocks.0.mlp.proj.weight,-79,0,2359296,0
1500,blocks.0.mlp.proj.weight,-78,0,2359296,0
1500,blocks.0.mlp.proj.weight,-77,0,2359296,0
1500,blocks.0.mlp.proj.weight,-76,0,2359296,0
1500,blocks.0.mlp.proj.weight,-75,0,2359296,0
1500,blocks.0.mlp.proj.weight,-74,0,2359296,0
1500,blocks.0.mlp.proj.weight,-73,0,2359296,0
1500,blocks.0.mlp.proj.weight,-72,0,2359296,0
1500,blocks.0.mlp.proj.weight,-71,0,2359296,0
1500,blocks.0.mlp.proj.weight,-70,0,2359296,0
1500,blocks.0.mlp.proj.weight,-69,0,2359296,0
1500,blocks.0.mlp.proj.weight,-68,0,2359296,0
1500,blocks.0.mlp.proj.weight,-67,0,2359296,0
1500,blocks.0.mlp.proj.weight,-66,0,2359296,0
1500,blocks.0.mlp.proj.weight,-65,0,2359296,0
1500,blocks.0.mlp.proj.weight,-64,0,2359296,0
1500,blocks.0.mlp.proj.weight,-63,0,2359296,0
1500,blocks.0.mlp.proj.weight,-62,0,2359296,0
1500,blocks.0.mlp.proj.weight,-61,0,2359296,0
1500,blocks.0.mlp.proj.weight,-60,0,2359296,0
1500,blocks.0.mlp.proj.weight,-59,0,2359296,0
1500,blocks.0.mlp.proj.weight,-58,0,2359296,0
1500,blocks.0.mlp.proj.weight,-57,0,2359296,0
1500,blocks.0.mlp.proj.weight,-56,0,2359296,0
1500,blocks.0.mlp.proj.weight,-55,0,2359296,0
1500,blocks.0.mlp.proj.weight,-54,0,2359296,0
1500,blocks.0.mlp.proj.weight,-53,0,2359296,0
1500,blocks.0.mlp.proj.weight,-52,0,2359296,0
1500,blocks.0.mlp.proj.weight,-51,0,2359296,0
1500,blocks.0.mlp.proj.weight,-50,0,2359296,0
1500,blocks.0.mlp.proj.weight,-49,0,2359296,0
1500,blocks.0.mlp.proj.weight,-48,0,2359296,0
1500,blocks.0.mlp.proj.weight,-47,0,2359296,0
1500,blocks.0.mlp.proj.weight,-46,0,2359296,0
1500,blocks.0.mlp.proj.weight,-45,0,2359296,0
1500,blocks.0.mlp.proj.weight,-44,0,2359296,0
1500,blocks.0.mlp.proj.weight,-43,0,2359296,0
1500,blocks.0.mlp.proj.weight,-42,0,2359296,0
1500,blocks.0.mlp.proj.weight,-41,0,2359296,0
1500,blocks.0.mlp.proj.weight,-40,0,2359296,0
1500,blocks.0.mlp.proj.weight,-39,0,2359296,0
1500,blocks.0.mlp.proj.weight,-38,0,2359296,0
1500,blocks.0.mlp.proj.weight,-37,0,2359296,0
1500,blocks.0.mlp.proj.weight,-36,0,2359296,0
1500,blocks.0.mlp.proj.weight,-35,0,2359296,0
1500,blocks.0.mlp.proj.weight,-34,0,2359296,0
1500,blocks.0.mlp.proj.weight,-33,0,2359296,0
1500,blocks.0.mlp.proj.weight,-32,0,2359296,0
1500,blocks.0.mlp.proj.weight,-31,4,2359296,0
1500,blocks.0.mlp.proj.weight,-30,5,2359296,0
1500,blocks.0.mlp.proj.weight,-29,27,2359296,0
1500,blocks.0.mlp.proj.weight,-28,68,2359296,0
1500,blocks.0.mlp.proj.weight,-27,54,2359296,0
1500,blocks.0.mlp.proj.weight,-26,6,2359296,0
1500,blocks.0.mlp.proj.weight,-25,0,2359296,0
1500,blocks.0.mlp.proj.weight,-24,0,2359296,0
1500,blocks.0.mlp.proj.weight,-23,0,2359296,0
1500,blocks.0.mlp.proj.weight,-22,0,2359296,0
1500,blocks.0.mlp.proj.weight,-21,0,2359296,0
1500,blocks.0.mlp.proj.weight,-20,0,2359296,0
1500,blocks.0.mlp.proj.weight,-19,0,2359296,0
1500,blocks.0.mlp.proj.weight,-18,2,2359296,0
1500,blocks.0.mlp.proj.weight,-17,3,2359296,0
1500,blocks.0.mlp.proj.weight,-16,35,2359296,0
1500,blocks.0.mlp.proj.weight,-15,91,2359296,0
1500,blocks.0.mlp.proj.weight,-14,254,2359296,0
1500,blocks.0.mlp.proj.weight,-13,461,2359296,0
1500,blocks.0.mlp.proj.weight,-12,1032,2359296,0
1500,blocks.0.mlp.proj.weight,-11,2126,2359296,0
1500,blocks.0.mlp.proj.weight,-10,4399,2359296,0
1500,blocks.0.mlp.proj.weight,-9,8679,2359296,0
1500,blocks.0.mlp.proj.weight,-8,17346,2359296,0
1500,blocks.0.mlp.proj.weight,-7,34615,2359296,0
1500,blocks.0.mlp.proj.weight,-6,68585,2359296,0
1500,blocks.0.mlp.proj.weight,-5,137314,2359296,0
1500,blocks.0.mlp.proj.weight,-4,269355,2359296,0
1500,blocks.0.mlp.proj.weight,-3,496319,2359296,0
1500,blocks.0.mlp.proj.weight,-2,729145,2359296,0
1500,blocks.0.mlp.proj.weight,-1,520625,2359296,0
1500,blocks.0.mlp.proj.weight,0,67531,2359296,0
1500,blocks.0.mlp.proj.weight,1,1194,2359296,0
1500,blocks.0.mlp.proj.weight,2,21,2359296,0
1500,blocks.0.mlp.proj.weight,3,0,2359296,0
1500,blocks.0.mlp.proj.weight,4,0,2359296,0
1500,blocks.0.mlp.proj.weight,5,0,2359296,0
1500,blocks.0.mlp.proj.weight,6,0,2359296,0
1500,blocks.0.mlp.proj.weight,7,0,2359296,0
1500,blocks.0.mlp.proj.weight,8,0,2359296,0
1500,blocks.0.mlp.proj.weight,9,0,2359296,0
1500,blocks.0.mlp.proj.weight,10,0,2359296,0
1500,blocks.0.mlp.proj.weight,11,0,2359296,0
1500,blocks.0.mlp.proj.weight,12,0,2359296,0
1500,blocks.0.mlp.proj.weight,13,0,2359296,0
1500,blocks.0.mlp.proj.weight,14,0,2359296,0
1500,blocks.0.mlp.proj.weight,15,0,2359296,0
1500,blocks.0.mlp.proj.weight,16,0,2359296,0
1500,blocks.0.mlp.proj.weight,17,0,2359296,0
1500,blocks.0.mlp.proj.weight,18,0,2359296,0
1500,blocks.0.mlp.proj.weight,19,0,2359296,0
1500,blocks.0.mlp.proj.weight,20,0,2359296,0
1500,blocks.0.mlp.proj.weight,21,0,2359296,0
1500,blocks.0.mlp.proj.weight,22,0,2359296,0
1500,blocks.0.mlp.proj.weight,23,0,2359296,0
1500,blocks.0.mlp.proj.weight,24,0,2359296,0
1500,blocks.0.mlp.proj.weight,25,0,2359296,0
1500,blocks.0.mlp.proj.weight,26,0,2359296,0
1500,blocks.0.mlp.proj.weight,27,0,2359296,0
1500,blocks.0.mlp.proj.weight,28,0,2359296,0
1500,blocks.0.mlp.proj.weight,29,0,2359296,0
1500,blocks.0.mlp.proj.weight,30,0,2359296,0
1500,blocks.0.mlp.proj.weight,31,0,2359296,0
1500,blocks.0.mlp.proj.weight,32,0,2359296,0
1500,blocks.0.mlp.proj.weight,33,0,2359296,0
1500,blocks.0.mlp.proj.weight,34,0,2359296,0
1500,blocks.0.mlp.proj.weight,35,0,2359296,0
1500,blocks.0.mlp.proj.weight,36,0,2359296,0
1500,blocks.0.mlp.proj.weight,37,0,2359296,0
1500,blocks.0.mlp.proj.weight,38,0,2359296,0
1500,blocks.0.mlp.proj.weight,39,0,2359296,0
1500,blocks.0.mlp.proj.weight,40,0,2359296,0
1500,blocks.0.mlp.proj.weight,41,0,2359296,0
1500,blocks.0.mlp.proj.weight,42,0,2359296,0
1500,blocks.0.mlp.proj.weight,43,0,2359296,0
1500,blocks.0.mlp.proj.weight,44,0,2359296,0
1500,blocks.0.mlp.proj.weight,45,0,2359296,0
1500,blocks.0.mlp.proj.weight,46,0,2359296,0
1500,blocks.0.mlp.proj.weight,47,0,2359296,0
1500,blocks.0.mlp.proj.weight,48,0,2359296,0
1500,blocks.0.mlp.proj.weight,49,0,2359296,0
1500,blocks.0.mlp.proj.weight,50,0,2359296,0
1500,blocks.0.mlp.proj.weight,51,0,2359296,0
1500,blocks.0.mlp.proj.weight,52,0,2359296,0
1500,blocks.0.mlp.proj.weight,53,0,2359296,0
1500,blocks.0.mlp.proj.weight,54,0,2359296,0
1500,blocks.0.mlp.proj.weight,55,0,2359296,0
1500,blocks.0.mlp.proj.weight,56,0,2359296,0
1500,blocks.0.mlp.proj.weight,57,0,2359296,0
1500,blocks.0.mlp.proj.weight,58,0,2359296,0
1500,blocks.0.mlp.proj.weight,59,0,2359296,0
1500,blocks.0.mlp.proj.weight,60,0,2359296,0
1500,blocks.0.mlp.proj.weight,61,0,2359296,0
1500,blocks.0.mlp.proj.weight,62,0,2359296,0
1500,blocks.0.mlp.proj.weight,63,0,2359296,0
1500,blocks.0.mlp.proj.weight,64,0,2359296,0
1500,blocks.0.mlp.proj.weight,65,0,2359296,0
1500,blocks.0.mlp.proj.weight,66,0,2359296,0
1500,blocks.0.mlp.proj.weight,67,0,2359296,0
1500,blocks.0.mlp.proj.weight,68,0,2359296,0
1500,blocks.0.mlp.proj.weight,69,0,2359296,0
1500,blocks.0.mlp.proj.weight,70,0,2359296,0
1500,blocks.0.mlp.proj.weight,71,0,2359296,0
1500,blocks.0.mlp.proj.weight,72,0,2359296,0
1500,blocks.0.mlp.proj.weight,73,0,2359296,0
1500,blocks.0.mlp.proj.weight,74,0,2359296,0
1500,blocks.0.mlp.proj.weight,75,0,2359296,0
1500,blocks.0.mlp.proj.weight,76,0,2359296,0
1500,blocks.0.mlp.proj.weight,77,0,2359296,0
1500,blocks.0.mlp.proj.weight,78,0,2359296,0
1500,blocks.0.mlp.proj.weight,79,0,2359296,0
1500,blocks.0.mlp.proj.weight,80,0,2359296,0
1500,blocks.0.mlp.proj.weight,81,0,2359296,0
1500,blocks.0.mlp.proj.weight,82,0,2359296,0
1500,blocks.0.mlp.proj.weight,83,0,2359296,0
1500,blocks.0.mlp.proj.weight,84,0,2359296,0
1500,blocks.0.mlp.proj.weight,85,0,2359296,0
1500,blocks.0.mlp.proj.weight,86,0,2359296,0
1500,blocks.0.mlp.proj.weight,87,0,2359296,0
1500,blocks.0.mlp.proj.weight,88,0,2359296,0
1500,blocks.0.mlp.proj.weight,89,0,2359296,0
1500,blocks.0.mlp.proj.weight,90,0,2359296,0
1500,blocks.0.mlp.proj.weight,91,0,2359296,0
1500,blocks.0.mlp.proj.weight,92,0,2359296,0
1500,blocks.0.mlp.proj.weight,93,0,2359296,0
1500,blocks.0.mlp.proj.weight,94,0,2359296,0
1500,blocks.0.mlp.proj.weight,95,0,2359296,0
1500,blocks.0.mlp.proj.weight,96,0,2359296,0
1500,blocks.0.mlp.proj.weight,97,0,2359296,0
1500,blocks.0.mlp.proj.weight,98,0,2359296,0
1500,blocks.0.mlp.proj.weight,99,0,2359296,0
1500,blocks.0.mlp.proj.weight,100,0,2359296,0
1500,blocks.0.mlp.proj.weight,101,0,2359296,0
1500,blocks.0.mlp.proj.weight,102,0,2359296,0
1500,blocks.0.mlp.proj.weight,103,0,2359296,0
1500,blocks.0.mlp.proj.weight,104,0,2359296,0
1500,blocks.0.mlp.proj.weight,105,0,2359296,0
1500,blocks.0.mlp.proj.weight,106,0,2359296,0
1500,blocks.0.mlp.proj.weight,107,0,2359296,0
1500,blocks.0.mlp.proj.weight,108,0,2359296,0
1500,blocks.0.mlp.proj.weight,109,0,2359296,0
1500,blocks.0.mlp.proj.weight,110,0,2359296,0
1500,blocks.0.mlp.proj.weight,111,0,2359296,0
1500,blocks.0.mlp.proj.weight,112,0,2359296,0
1500,blocks.0.mlp.proj.weight,113,0,2359296,0
1500,blocks.0.mlp.proj.weight,114,0,2359296,0
1500,blocks.0.mlp.proj.weight,115,0,2359296,0
1500,blocks.0.mlp.proj.weight,116,0,2359296,0
1500,blocks.0.mlp.proj.weight,117,0,2359296,0
1500,blocks.0.mlp.proj.weight,118,0,2359296,0
1500,blocks.0.mlp.proj.weight,119,0,2359296,0
1500,blocks.0.mlp.proj.weight,120,0,2359296,0
1500,blocks.0.mlp.proj.weight,121,0,2359296,0
1500,blocks.0.mlp.proj.weight,122,0,2359296,0
1500,blocks.0.mlp.proj.weight,123,0,2359296,0
1500,blocks.0.mlp.proj.weight,124,0,2359296,0
1500,blocks.0.mlp.proj.weight,125,0,2359296,0
1500,blocks.0.mlp.proj.weight,126,0,2359296,0
1500,blocks.0.mlp.proj.weight,127,0,2359296,0
1500,blocks.0.mlp.proj.weight,128,0,2359296,0
1500,blocks.1.mlp.fc.weight,-127,0,2359296,0
1500,blocks.1.mlp.fc.weight,-126,0,2359296,0
1500,blocks.1.mlp.fc.weight,-125,0,2359296,0
1500,blocks.1.mlp.fc.weight,-124,0,2359296,0
1500,blocks.1.mlp.fc.weight,-123,0,2359296,0
1500,blocks.1.mlp.fc.weight,-122,0,2359296,0
1500,blocks.1.mlp.fc.weight,-121,0,2359296,0
1500,blocks.1.mlp.fc.weight,-120,0,2359296,0
1500,blocks.1.mlp.fc.weight,-119,0,2359296,0
1500,blocks.1.mlp.fc.weight,-118,0,2359296,0
1500,blocks.1.mlp.fc.weight,-117,0,2359296,0
1500,blocks.1.mlp.fc.weight,-116,0,2359296,0
1500,blocks.1.mlp.fc.weight,-115,0,2359296,0
1500,blocks.1.mlp.fc.weight,-114,0,2359296,0
1500,blocks.1.mlp.fc.weight,-113,0,2359296,0
1500,blocks.1.mlp.fc.weight,-112,0,2359296,0
1500,blocks.1.mlp.fc.weight,-111,0,2359296,0
1500,blocks.1.mlp.fc.weight,-110,0,2359296,0
1500,blocks.1.mlp.fc.weight,-109,0,2359296,0
1500,blocks.1.mlp.fc.weight,-108,0,2359296,0
1500,blocks.1.mlp.fc.weight,-107,0,2359296,0
1500,blocks.1.mlp.fc.weight,-106,0,2359296,0
1500,blocks.1.mlp.fc.weight,-105,0,2359296,0
1500,blocks.1.mlp.fc.weight,-104,0,2359296,0
1500,blocks.1.mlp.fc.weight,-103,0,2359296,0
1500,blocks.1.mlp.fc.weight,-102,0,2359296,0
1500,blocks.1.mlp.fc.weight,-101,0,2359296,0
1500,blocks.1.mlp.fc.weight,-100,0,2359296,0
1500,blocks.1.mlp.fc.weight,-99,0,2359296,0
1500,blocks.1.mlp.fc.weight,-98,0,2359296,0
1500,blocks.1.mlp.fc.weight,-97,0,2359296,0
1500,blocks.1.mlp.fc.weight,-96,0,2359296,0
1500,blocks.1.mlp.fc.weight,-95,0,2359296,0
1500,blocks.1.mlp.fc.weight,-94,0,2359296,0
1500,blocks.1.mlp.fc.weight,-93,0,2359296,0
1500,blocks.1.mlp.fc.weight,-92,0,2359296,0
1500,blocks.1.mlp.fc.weight,-91,0,2359296,0
1500,blocks.1.mlp.fc.weight,-90,0,2359296,0
1500,blocks.1.mlp.fc.weight,-89,0,2359296,0
1500,blocks.1.mlp.fc.weight,-88,0,2359296,0
1500,blocks.1.mlp.fc.weight,-87,0,2359296,0
1500,blocks.1.mlp.fc.weight,-86,0,2359296,0
1500,blocks.1.mlp.fc.weight,-85,0,2359296,0
1500,blocks.1.mlp.fc.weight,-84,0,2359296,0
1500,blocks.1.mlp.fc.weight,-83,0,2359296,0
1500,blocks.1.mlp.fc.weight,-82,0,2359296,0
1500,blocks.1.mlp.fc.weight,-81,0,2359296,0
1500,blocks.1.mlp.fc.weight,-80,0,2359296,0
1500,blocks.1.mlp.fc.weight,-79,0,2359296,0
1500,blocks.1.mlp.fc.weight,-78,0,2359296,0
1500,blocks.1.mlp.fc.weight,-77,0,2359296,0
1500,blocks.1.mlp.fc.weight,-76,0,2359296,0
1500,blocks.1.mlp.fc.weight,-75,0,2359296,0
1500,blocks.1.mlp.fc.weight,-74,0,2359296,0
1500,blocks.1.mlp.fc.weight,-73,0,2359296,0
1500,blocks.1.mlp.fc.weight,-72,0,2359296,0
1500,blocks.1.mlp.fc.weight,-71,0,2359296,0
1500,blocks.1.mlp.fc.weight,-70,0,2359296,0
1500,blocks.1.mlp.fc.weight,-69,0,2359296,0
1500,blocks.1.mlp.fc.weight,-68,0,2359296,0
1500,blocks.1.mlp.fc.weight,-67,0,2359296,0
1500,blocks.1.mlp.fc.weight,-66,0,2359296,0
1500,blocks.1.mlp.fc.weight,-65,0,2359296,0
1500,blocks.1.mlp.fc.weight,-64,0,2359296,0
1500,blocks.1.mlp.fc.weight,-63,0,2359296,0
1500,blocks.1.mlp.fc.weight,-62,0,2359296,0
1500,blocks.1.mlp.fc.weight,-61,0,2359296,0
1500,blocks.1.mlp.fc.weight,-60,0,2359296,0
1500,blocks.1.mlp.fc.weight,-59,0,2359296,0
1500,blocks.1.mlp.fc.weight,-58,0,2359296,0
1500,blocks.1.mlp.fc.weight,-57,0,2359296,0
1500,blocks.1.mlp.fc.weight,-56,0,2359296,0
1500,blocks.1.mlp.fc.weight,-55,0,2359296,0
1500,blocks.1.mlp.fc.weight,-54,0,2359296,0
1500,blocks.1.mlp.fc.weight,-53,0,2359296,0
1500,blocks.1.mlp.fc.weight,-52,0,2359296,0
1500,blocks.1.mlp.fc.weight,-51,0,2359296,0
1500,blocks.1.mlp.fc.weight,-50,0,2359296,0
1500,blocks.1.mlp.fc.weight,-49,0,2359296,0
1500,blocks.1.mlp.fc.weight,-48,0,2359296,0
1500,blocks.1.mlp.fc.weight,-47,0,2359296,0
1500,blocks.1.mlp.fc.weight,-46,0,2359296,0
1500,blocks.1.mlp.fc.weight,-45,0,2359296,0
1500,blocks.1.mlp.fc.weight,-44,0,2359296,0
1500,blocks.1.mlp.fc.weight,-43,0,2359296,0
1500,blocks.1.mlp.fc.weight,-42,0,2359296,0
1500,blocks.1.mlp.fc.weight,-41,0,2359296,0
1500,blocks.1.mlp.fc.weight,-40,0,2359296,0
1500,blocks.1.mlp.fc.weight,-39,0,2359296,0
1500,blocks.1.mlp.fc.weight,-38,0,2359296,0
1500,blocks.1.mlp.fc.weight,-37,0,2359296,0
1500,blocks.1.mlp.fc.weight,-36,0,2359296,0
1500,blocks.1.mlp.fc.weight,-35,0,2359296,0
1500,blocks.1.mlp.fc.weight,-34,1,2359296,0
1500,blocks.1.mlp.fc.weight,-33,5,2359296,0
1500,blocks.1.mlp.fc.weight,-32,15,2359296,0
1500,blocks.1.mlp.fc.weight,-31,33,2359296,0
1500,blocks.1.mlp.fc.weight,-30,41,2359296,0
1500,blocks.1.mlp.fc.weight,-29,23,2359296,0
1500,blocks.1.mlp.fc.weight,-28,5,2359296,0
1500,blocks.1.mlp.fc.weight,-27,1,2359296,0
1500,blocks.1.mlp.fc.weight,-26,0,2359296,0
1500,blocks.1.mlp.fc.weight,-25,0,2359296,0
1500,blocks.1.mlp.fc.weight,-24,0,2359296,0
1500,blocks.1.mlp.fc.weight,-23,0,2359296,0
1500,blocks.1.mlp.fc.weight,-22,0,2359296,0
1500,blocks.1.mlp.fc.weight,-21,3,2359296,0
1500,blocks.1.mlp.fc.weight,-20,2,2359296,0
1500,blocks.1.mlp.fc.weight,-19,16,2359296,0
1500,blocks.1.mlp.fc.weight,-18,51,2359296,0
1500,blocks.1.mlp.fc.weight,-17,97,2359296,0
1500,blocks.1.mlp.fc.weight,-16,250,2359296,0
1500,blocks.1.mlp.fc.weight,-15,487,2359296,0
1500,blocks.1.mlp.fc.weight,-14,1027,2359296,0
1500,blocks.1.mlp.fc.weight,-13,2131,2359296,0
1500,blocks.1.mlp.fc.weight,-12,4235,2359296,0
1500,blocks.1.mlp.fc.weight,-11,8609,2359296,0
1500,blocks.1.mlp.fc.weight,-10,17180,2359296,0
1500,blocks.1.mlp.fc.weight,-9,34029,2359296,0
1500,blocks.1.mlp.fc.weight,-8,67488,2359296,0
1500,blocks.1.mlp.fc.weight,-7,132030,2359296,0
1500,blocks.1.mlp.fc.weight,-6,255160,2359296,0
1500,blocks.1.mlp.fc.weight,-5,463148,2359296,0
1500,blocks.1.mlp.fc.weight,-4,674065,2359296,0
1500,blocks.1.mlp.fc.weight,-3,532715,2359296,0
1500,blocks.1.mlp.fc.weight,-2,149335,2359296,0
1500,blocks.1.mlp.fc.weight,-1,16319,2359296,0
1500,blocks.1.mlp.fc.weight,0,784,2359296,0
1500,blocks.1.mlp.fc.weight,1,11,2359296,0
1500,blocks.1.mlp.fc.weight,2,0,2359296,0
1500,blocks.1.mlp.fc.weight,3,0,2359296,0
1500,blocks.1.mlp.fc.weight,4,0,2359296,0
1500,blocks.1.mlp.fc.weight,5,0,2359296,0
1500,blocks.1.mlp.fc.weight,6,0,2359296,0
1500,blocks.1.mlp.fc.weight,7,0,2359296,0
1500,blocks.1.mlp.fc.weight,8,0,2359296,0
1500,blocks.1.mlp.fc.weight,9,0,2359296,0
1500,blocks.1.mlp.fc.weight,10,0,2359296,0
1500,blocks.1.mlp.fc.weight,11,0,2359296,0
1500,blocks.1.mlp.fc.weight,12,0,2359296,0
1500,blocks.1.mlp.fc.weight,13,0,2359296,0
1500,blocks.1.mlp.fc.weight,14,0,2359296,0
1500,blocks.1.mlp.fc.weight,15,0,2359296,0
1500,blocks.1.mlp.fc.weight,16,0,2359296,0
1500,blocks.1.mlp.fc.weight,17,0,2359296,0
1500,blocks.1.mlp.fc.weight,18,0,2359296,0
1500,blocks.1.mlp.fc.weight,19,0,2359296,0
1500,blocks.1.mlp.fc.weight,20,0,2359296,0
1500,blocks.1.mlp.fc.weight,21,0,2359296,0
1500,blocks.1.mlp.fc.weight,22,0,2359296,0
1500,blocks.1.mlp.fc.weight,23,0,2359296,0
1500,blocks.1.mlp.fc.weight,24,0,2359296,0
1500,blocks.1.mlp.fc.weight,25,0,2359296,0
1500,blocks.1.mlp.fc.weight,26,0,2359296,0
1500,blocks.1.mlp.fc.weight,27,0,2359296,0
1500,blocks.1.mlp.fc.weight,28,0,2359296,0
1500,blocks.1.mlp.fc.weight,29,0,2359296,0
1500,blocks.1.mlp.fc.weight,30,0,2359296,0
1500,blocks.1.mlp.fc.weight,31,0,2359296,0
1500,blocks.1.mlp.fc.weight,32,0,2359296,0
1500,blocks.1.mlp.fc.weight,33,0,2359296,0
1500,blocks.1.mlp.fc.weight,34,0,2359296,0
1500,blocks.1.mlp.fc.weight,35,0,2359296,0
1500,blocks.1.mlp.fc.weight,36,0,2359296,0
1500,blocks.1.mlp.fc.weight,37,0,2359296,0
1500,blocks.1.mlp.fc.weight,38,0,2359296,0
1500,blocks.1.mlp.fc.weight,39,0,2359296,0
1500,blocks.1.mlp.fc.weight,40,0,2359296,0
1500,blocks.1.mlp.fc.weight,41,0,2359296,0
1500,blocks.1.mlp.fc.weight,42,0,2359296,0
1500,blocks.1.mlp.fc.weight,43,0,2359296,0
1500,blocks.1.mlp.fc.weight,44,0,2359296,0
1500,blocks.1.mlp.fc.weight,45,0,2359296,0
1500,blocks.1.mlp.fc.weight,46,0,2359296,0
1500,blocks.1.mlp.fc.weight,47,0,2359296,0
1500,blocks.1.mlp.fc.weight,48,0,2359296,0
1500,blocks.1.mlp.fc.weight,49,0,2359296,0
1500,blocks.1.mlp.fc.weight,50,0,2359296,0
1500,blocks.1.mlp.fc.weight,51,0,2359296,0
1500,blocks.1.mlp.fc.weight,52,0,2359296,0
1500,blocks.1.mlp.fc.weight,53,0,2359296,0
1500,blocks.1.mlp.fc.weight,54,0,2359296,0
1500,blocks.1.mlp.fc.weight,55,0,2359296,0
1500,blocks.1.mlp.fc.weight,56,0,2359296,0
1500,blocks.1.mlp.fc.weight,57,0,2359296,0
1500,blocks.1.mlp.fc.weight,58,0,2359296,0
1500,blocks.1.mlp.fc.weight,59,0,2359296,0
1500,blocks.1.mlp.fc.weight,60,0,2359296,0
1500,blocks.1.mlp.fc.weight,61,0,2359296,0
1500,blocks.1.mlp.fc.weight,62,0,2359296,0
1500,blocks.1.mlp.fc.weight,63,0,2359296,0
1500,blocks.1.mlp.fc.weight,64,0,2359296,0
1500,blocks.1.mlp.fc.weight,65,0,2359296,0
1500,blocks.1.mlp.fc.weight,66,0,2359296,0
1500,blocks.1.mlp.fc.weight,67,0,2359296,0
1500,blocks.1.mlp.fc.weight,68,0,2359296,0
1500,blocks.1.mlp.fc.weight,69,0,2359296,0
1500,blocks.1.mlp.fc.weight,70,0,2359296,0
1500,blocks.1.mlp.fc.weight,71,0,2359296,0
1500,blocks.1.mlp.fc.weight,72,0,2359296,0
1500,blocks.1.mlp.fc.weight,73,0,2359296,0
1500,blocks.1.mlp.fc.weight,74,0,2359296,0
1500,blocks.1.mlp.fc.weight,75,0,2359296,0
1500,blocks.1.mlp.fc.weight,76,0,2359296,0
1500,blocks.1.mlp.fc.weight,77,0,2359296,0
1500,blocks.1.mlp.fc.weight,78,0,2359296,0
1500,blocks.1.mlp.fc.weight,79,0,2359296,0
1500,blocks.1.mlp.fc.weight,80,0,2359296,0
1500,blocks.1.mlp.fc.weight,81,0,2359296,0
1500,blocks.1.mlp.fc.weight,82,0,2359296,0
1500,blocks.1.mlp.fc.weight,83,0,2359296,0
1500,blocks.1.mlp.fc.weight,84,0,2359296,0
1500,blocks.1.mlp.fc.weight,85,0,2359296,0
1500,blocks.1.mlp.fc.weight,86,0,2359296,0
1500,blocks.1.mlp.fc.weight,87,0,2359296,0
1500,blocks.1.mlp.fc.weight,88,0,2359296,0
1500,blocks.1.mlp.fc.weight,89,0,2359296,0
1500,blocks.1.mlp.fc.weight,90,0,2359296,0
1500,blocks.1.mlp.fc.weight,91,0,2359296,0
1500,blocks.1.mlp.fc.weight,92,0,2359296,0
1500,blocks.1.mlp.fc.weight,93,0,2359296,0
1500,blocks.1.mlp.fc.weight,94,0,2359296,0
1500,blocks.1.mlp.fc.weight,95,0,2359296,0
1500,blocks.1.mlp.fc.weight,96,0,2359296,0
1500,blocks.1.mlp.fc.weight,97,0,2359296,0
1500,blocks.1.mlp.fc.weight,98,0,2359296,0
1500,blocks.1.mlp.fc.weight,99,0,2359296,0
1500,blocks.1.mlp.fc.weight,100,0,2359296,0
1500,blocks.1.mlp.fc.weight,101,0,2359296,0
1500,blocks.1.mlp.fc.weight,102,0,2359296,0
1500,blocks.1.mlp.fc.weight,103,0,2359296,0
1500,blocks.1.mlp.fc.weight,104,0,2359296,0
1500,blocks.1.mlp.fc.weight,105,0,2359296,0
1500,blocks.1.mlp.fc.weight,106,0,2359296,0
1500,blocks.1.mlp.fc.weight,107,0,2359296,0
1500,blocks.1.mlp.fc.weight,108,0,2359296,0
1500,blocks.1.mlp.fc.weight,109,0,2359296,0
1500,blocks.1.mlp.fc.weight,110,0,2359296,0
1500,blocks.1.mlp.fc.weight,111,0,2359296,0
1500,blocks.1.mlp.fc.weight,112,0,2359296,0
1500,blocks.1.mlp.fc.weight,113,0,2359296,0
1500,blocks.1.mlp.fc.weight,114,0,2359296,0
1500,blocks.1.mlp.fc.weight,115,0,2359296,0
1500,blocks.1.mlp.fc.weight,116,0,2359296,0
1500,blocks.1.mlp.fc.weight,117,0,2359296,0
1500,blocks.1.mlp.fc.weight,118,0,2359296,0
1500,blocks.1.mlp.fc.weight,119,0,2359296,0
1500,blocks.1.mlp.fc.weight,120,0,2359296,0
1500,blocks.1.mlp.fc.weight,121,0,2359296,0
1500,blocks.1.mlp.fc.weight,122,0,2359296,0
1500,blocks.1.mlp.fc.weight,123,0,2359296,0
1500,blocks.1.mlp.fc.weight,124,0,2359296,0
1500,blocks.1.mlp.fc.weight,125,0,2359296,0
1500,blocks.1.mlp.fc.weight,126,0,2359296,0
1500,blocks.1.mlp.fc.weight,127,0,2359296,0
1500,blocks.1.mlp.fc.weight,128,0,2359296,0
1500,blocks.1.mlp.proj.weight,-127,0,2359296,0
1500,blocks.1.mlp.proj.weight,-126,0,2359296,0
1500,blocks.1.mlp.proj.weight,-125,0,2359296,0
1500,blocks.1.mlp.proj.weight,-124,0,2359296,0
1500,blocks.1.mlp.proj.weight,-123,0,2359296,0
1500,blocks.1.mlp.proj.weight,-122,0,2359296,0
1500,blocks.1.mlp.proj.weight,-121,0,2359296,0
1500,blocks.1.mlp.proj.weight,-120,0,2359296,0
1500,blocks.1.mlp.proj.weight,-119,0,2359296,0
1500,blocks.1.mlp.proj.weight,-118,0,2359296,0
1500,blocks.1.mlp.proj.weight,-117,0,2359296,0
1500,blocks.1.mlp.proj.weight,-116,0,2359296,0
1500,blocks.1.mlp.proj.weight,-115,0,2359296,0
1500,blocks.1.mlp.proj.weight,-114,0,2359296,0
1500,blocks.1.mlp.proj.weight,-113,0,2359296,0
1500,blocks.1.mlp.proj.weight,-112,0,2359296,0
1500,blocks.1.mlp.proj.weight,-111,0,2359296,0
1500,blocks.1.mlp.proj.weight,-110,0,2359296,0
1500,blocks.1.mlp.proj.weight,-109,0,2359296,0
1500,blocks.1.mlp.proj.weight,-108,0,2359296,0
1500,blocks.1.mlp.proj.weight,-107,0,2359296,0
1500,blocks.1.mlp.proj.weight,-106,0,2359296,0
1500,blocks.1.mlp.proj.weight,-105,0,2359296,0
1500,blocks.1.mlp.proj.weight,-104,0,2359296,0
1500,blocks.1.mlp.proj.weight,-103,0,2359296,0
1500,blocks.1.mlp.proj.weight,-102,0,2359296,0
1500,blocks.1.mlp.proj.weight,-101,0,2359296,0
1500,blocks.1.mlp.proj.weight,-100,0,2359296,0
1500,blocks.1.mlp.proj.weight,-99,0,2359296,0
1500,blocks.1.mlp.proj.weight,-98,0,2359296,0
1500,blocks.1.mlp.proj.weight,-97,0,2359296,0
1500,blocks.1.mlp.proj.weight,-96,0,2359296,0
1500,blocks.1.mlp.proj.weight,-95,0,2359296,0
1500,blocks.1.mlp.proj.weight,-94,0,2359296,0
1500,blocks.1.mlp.proj.weight,-93,0,2359296,0
1500,blocks.1.mlp.proj.weight,-92,0,2359296,0
1500,blocks.1.mlp.proj.weight,-91,0,2359296,0
1500,blocks.1.mlp.proj.weight,-90,0,2359296,0
1500,blocks.1.mlp.proj.weight,-89,0,2359296,0
1500,blocks.1.mlp.proj.weight,-88,0,2359296,0
1500,blocks.1.mlp.proj.weight,-87,0,2359296,0
1500,blocks.1.mlp.proj.weight,-86,0,2359296,0
1500,blocks.1.mlp.proj.weight,-85,0,2359296,0
1500,blocks.1.mlp.proj.weight,-84,0,2359296,0
1500,blocks.1.mlp.proj.weight,-83,0,2359296,0
1500,blocks.1.mlp.proj.weight,-82,0,2359296,0
1500,blocks.1.mlp.proj.weight,-81,0,2359296,0
1500,blocks.1.mlp.proj.weight,-80,0,2359296,0
1500,blocks.1.mlp.proj.weight,-79,0,2359296,0
1500,blocks.1.mlp.proj.weight,-78,0,2359296,0
1500,blocks.1.mlp.proj.weight,-77,0,2359296,0
1500,blocks.1.mlp.proj.weight,-76,0,2359296,0
1500,blocks.1.mlp.proj.weight,-75,0,2359296,0
1500,blocks.1.mlp.proj.weight,-74,0,2359296,0
1500,blocks.1.mlp.proj.weight,-73,0,2359296,0
1500,blocks.1.mlp.proj.weight,-72,0,2359296,0
1500,blocks.1.mlp.proj.weight,-71,0,2359296,0
1500,blocks.1.mlp.proj.weight,-70,0,2359296,0
1500,blocks.1.mlp.proj.weight,-69,0,2359296,0
1500,blocks.1.mlp.proj.weight,-68,0,2359296,0
1500,blocks.1.mlp.proj.weight,-67,0,2359296,0
1500,blocks.1.mlp.proj.weight,-66,0,2359296,0
1500,blocks.1.mlp.proj.weight,-65,0,2359296,0
1500,blocks.1.mlp.proj.weight,-64,0,2359296,0
1500,blocks.1.mlp.proj.weight,-63,0,2359296,0
1500,blocks.1.mlp.proj.weight,-62,0,2359296,0
1500,blocks.1.mlp.proj.weight,-61,0,2359296,0
1500,blocks.1.mlp.proj.weight,-60,0,2359296,0
1500,blocks.1.mlp.proj.weight,-59,0,2359296,0
1500,blocks.1.mlp.proj.weight,-58,0,2359296,0
1500,blocks.1.mlp.proj.weight,-57,0,2359296,0
1500,blocks.1.mlp.proj.weight,-56,0,2359296,0
1500,blocks.1.mlp.proj.weight,-55,0,2359296,0
1500,blocks.1.mlp.proj.weight,-54,0,2359296,0
1500,blocks.1.mlp.proj.weight,-53,0,2359296,0
1500,blocks.1.mlp.proj.weight,-52,0,2359296,0
1500,blocks.1.mlp.proj.weight,-51,0,2359296,0
1500,blocks.1.mlp.proj.weight,-50,0,2359296,0
1500,blocks.1.mlp.proj.weight,-49,0,2359296,0
1500,blocks.1.mlp.proj.weight,-48,0,2359296,0
1500,blocks.1.mlp.proj.weight,-47,0,2359296,0
1500,blocks.1.mlp.proj.weight,-46,0,2359296,0
1500,blocks.1.mlp.proj.weight,-45,0,2359296,0
1500,blocks.1.mlp.proj.weight,-44,0,2359296,0
1500,blocks.1.mlp.proj.weight,-43,0,2359296,0
1500,blocks.1.mlp.proj.weight,-42,0,2359296,0
1500,blocks.1.mlp.proj.weight,-41,0,2359296,0
1500,blocks.1.mlp.proj.weight,-40,0,2359296,0
1500,blocks.1.mlp.proj.weight,-39,0,2359296,0
1500,blocks.1.mlp.proj.weight,-38,0,2359296,0
1500,blocks.1.mlp.proj.weight,-37,0,2359296,0
1500,blocks.1.mlp.proj.weight,-36,0,2359296,0
1500,blocks.1.mlp.proj.weight,-35,0,2359296,0
1500,blocks.1.mlp.proj.weight,-34,0,2359296,0
1500,blocks.1.mlp.proj.weight,-33,1,2359296,0
1500,blocks.1.mlp.proj.weight,-32,3,2359296,0
1500,blocks.1.mlp.proj.weight,-31,11,2359296,0
1500,blocks.1.mlp.proj.weight,-30,41,2359296,0
1500,blocks.1.mlp.proj.weight,-29,54,2359296,0
1500,blocks.1.mlp.proj.weight,-28,20,2359296,0
1500,blocks.1.mlp.proj.weight,-27,1,2359296,0
1500,blocks.1.mlp.proj.weight,-26,0,2359296,0
1500,blocks.1.mlp.proj.weight,-25,0,2359296,0
1500,blocks.1.mlp.proj.weight,-24,0,2359296,0
1500,blocks.1.mlp.proj.weight,-23,0,2359296,0
1500,blocks.1.mlp.proj.weight,-22,0,2359296,0
1500,blocks.1.mlp.proj.weight,-21,0,2359296,0
1500,blocks.1.mlp.proj.weight,-20,1,2359296,0
1500,blocks.1.mlp.proj.weight,-19,2,2359296,0
1500,blocks.1.mlp.proj.weight,-18,15,2359296,0
1500,blocks.1.mlp.proj.weight,-17,53,2359296,0
1500,blocks.1.mlp.proj.weight,-16,131,2359296,0
1500,blocks.1.mlp.proj.weight,-15,291,2359296,0
1500,blocks.1.mlp.proj.weight,-14,561,2359296,0
1500,blocks.1.mlp.proj.weight,-13,1156,2359296,0
1500,blocks.1.mlp.proj.weight,-12,2349,2359296,0
1500,blocks.1.mlp.proj.weight,-11,4817,2359296,0
1500,blocks.1.mlp.proj.weight,-10,9776,2359296,0
1500,blocks.1.mlp.proj.weight,-9,19500,2359296,0
1500,blocks.1.mlp.proj.weight,-8,38722,2359296,0
1500,blocks.1.mlp.proj.weight,-7,77520,2359296,0
1500,blocks.1.mlp.proj.weight,-6,150975,2359296,0
1500,blocks.1.mlp.proj.weight,-5,291815,2359296,0
1500,blocks.1.mlp.proj.weight,-4,523162,2359296,0
1500,blocks.1.mlp.proj.weight,-3,716917,2359296,0
1500,blocks.1.mlp.proj.weight,-2,457431,2359296,0
1500,blocks.1.mlp.proj.weight,-1,62337,2359296,0
1500,blocks.1.mlp.proj.weight,0,1588,2359296,0
1500,blocks.1.mlp.proj.weight,1,46,2359296,0
1500,blocks.1.mlp.proj.weight,2,0,2359296,0
1500,blocks.1.mlp.proj.weight,3,0,2359296,0
1500,blocks.1.mlp.proj.weight,4,0,2359296,0
1500,blocks.1.mlp.proj.weight,5,0,2359296,0
1500,blocks.1.mlp.proj.weight,6,0,2359296,0
1500,blocks.1.mlp.proj.weight,7,0,2359296,0
1500,blocks.1.mlp.proj.weight,8,0,2359296,0
1500,blocks.1.mlp.proj.weight,9,0,2359296,0
1500,blocks.1.mlp.proj.weight,10,0,2359296,0
1500,blocks.1.mlp.proj.weight,11,0,2359296,0
1500,blocks.1.mlp.proj.weight,12,0,2359296,0
1500,blocks.1.mlp.proj.weight,13,0,2359296,0
1500,blocks.1.mlp.proj.weight,14,0,2359296,0
1500,blocks.1.mlp.proj.weight,15,0,2359296,0
1500,blocks.1.mlp.proj.weight,16,0,2359296,0
1500,blocks.1.mlp.proj.weight,17,0,2359296,0
1500,blocks.1.mlp.proj.weight,18,0,2359296,0
1500,blocks.1.mlp.proj.weight,19,0,2359296,0
1500,blocks.1.mlp.proj.weight,20,0,2359296,0
1500,blocks.1.mlp.proj.weight,21,0,2359296,0
1500,blocks.1.mlp.proj.weight,22,0,2359296,0
1500,blocks.1.mlp.proj.weight,23,0,2359296,0
1500,blocks.1.mlp.proj.weight,24,0,2359296,0
1500,blocks.1.mlp.proj.weight,25,0,2359296,0
1500,blocks.1.mlp.proj.weight,26,0,2359296,0
1500,blocks.1.mlp.proj.weight,27,0,2359296,0
1500,blocks.1.mlp.proj.weight,28,0,2359296,0
1500,blocks.1.mlp.proj.weight,29,0,2359296,0
1500,blocks.1.mlp.proj.weight,30,0,2359296,0
1500,blocks.1.mlp.proj.weight,31,0,2359296,0
1500,blocks.1.mlp.proj.weight,32,0,2359296,0
1500,blocks.1.mlp.proj.weight,33,0,2359296,0
1500,blocks.1.mlp.proj.weight,34,0,2359296,0
1500,blocks.1.mlp.proj.weight,35,0,2359296,0
1500,blocks.1.mlp.proj.weight,36,0,2359296,0
1500,blocks.1.mlp.proj.weight,37,0,2359296,0
1500,blocks.1.mlp.proj.weight,38,0,2359296,0
1500,blocks.1.mlp.proj.weight,39,0,2359296,0
1500,blocks.1.mlp.proj.weight,40,0,2359296,0
1500,blocks.1.mlp.proj.weight,41,0,2359296,0
1500,blocks.1.mlp.proj.weight,42,0,2359296,0
1500,blocks.1.mlp.proj.weight,43,0,2359296,0
1500,blocks.1.mlp.proj.weight,44,0,2359296,0
1500,blocks.1.mlp.proj.weight,45,0,2359296,0
1500,blocks.1.mlp.proj.weight,46,0,2359296,0
1500,blocks.1.mlp.proj.weight,47,0,2359296,0
1500,blocks.1.mlp.proj.weight,48,0,2359296,0
1500,blocks.1.mlp.proj.weight,49,0,2359296,0
1500,blocks.1.mlp.proj.weight,50,0,2359296,0
1500,blocks.1.mlp.proj.weight,51,0,2359296,0
1500,blocks.1.mlp.proj.weight,52,0,2359296,0
1500,blocks.1.mlp.proj.weight,53,0,2359296,0
1500,blocks.1.mlp.proj.weight,54,0,2359296,0
1500,blocks.1.mlp.proj.weight,55,0,2359296,0
1500,blocks.1.mlp.proj.weight,56,0,2359296,0
1500,blocks.1.mlp.proj.weight,57,0,2359296,0
1500,blocks.1.mlp.proj.weight,58,0,2359296,0
1500,blocks.1.mlp.proj.weight,59,0,2359296,0
1500,blocks.1.mlp.proj.weight,60,0,2359296,0
1500,blocks.1.mlp.proj.weight,61,0,2359296,0
1500,blocks.1.mlp.proj.weight,62,0,2359296,0
1500,blocks.1.mlp.proj.weight,63,0,2359296,0
1500,blocks.1.mlp.proj.weight,64,0,2359296,0
1500,blocks.1.mlp.proj.weight,65,0,2359296,0
1500,blocks.1.mlp.proj.weight,66,0,2359296,0
1500,blocks.1.mlp.proj.weight,67,0,2359296,0
1500,blocks.1.mlp.proj.weight,68,0,2359296,0
1500,blocks.1.mlp.proj.weight,69,0,2359296,0
1500,blocks.1.mlp.proj.weight,70,0,2359296,0
1500,blocks.1.mlp.proj.weight,71,0,2359296,0
1500,blocks.1.mlp.proj.weight,72,0,2359296,0
1500,blocks.1.mlp.proj.weight,73,0,2359296,0
1500,blocks.1.mlp.proj.weight,74,0,2359296,0
1500,blocks.1.mlp.proj.weight,75,0,2359296,0
1500,blocks.1.mlp.proj.weight,76,0,2359296,0
1500,blocks.1.mlp.proj.weight,77,0,2359296,0
1500,blocks.1.mlp.proj.weight,78,0,2359296,0
1500,blocks.1.mlp.proj.weight,79,0,2359296,0
1500,blocks.1.mlp.proj.weight,80,0,2359296,0
1500,blocks.1.mlp.proj.weight,81,0,2359296,0
1500,blocks.1.mlp.proj.weight,82,0,2359296,0
1500,blocks.1.mlp.proj.weight,83,0,2359296,0
1500,blocks.1.mlp.proj.weight,84,0,2359296,0
1500,blocks.1.mlp.proj.weight,85,0,2359296,0
1500,blocks.1.mlp.proj.weight,86,0,2359296,0
1500,blocks.1.mlp.proj.weight,87,0,2359296,0
1500,blocks.1.mlp.proj.weight,88,0,2359296,0
1500,blocks.1.mlp.proj.weight,89,0,2359296,0
1500,blocks.1.mlp.proj.weight,90,0,2359296,0
1500,blocks.1.mlp.proj.weight,91,0,2359296,0
1500,blocks.1.mlp.proj.weight,92,0,2359296,0
1500,blocks.1.mlp.proj.weight,93,0,2359296,0
1500,blocks.1.mlp.proj.weight,94,0,2359296,0
1500,blocks.1.mlp.proj.weight,95,0,2359296,0
1500,blocks.1.mlp.proj.weight,96,0,2359296,0
1500,blocks.1.mlp.proj.weight,97,0,2359296,0
1500,blocks.1.mlp.proj.weight,98,0,2359296,0
1500,blocks.1.mlp.proj.weight,99,0,2359296,0
1500,blocks.1.mlp.proj.weight,100,0,2359296,0
1500,blocks.1.mlp.proj.weight,101,0,2359296,0
1500,blocks.1.mlp.proj.weight,102,0,2359296,0
1500,blocks.1.mlp.proj.weight,103,0,2359296,0
1500,blocks.1.mlp.proj.weight,104,0,2359296,0
1500,blocks.1.mlp.proj.weight,105,0,2359296,0
1500,blocks.1.mlp.proj.weight,106,0,2359296,0
1500,blocks.1.mlp.proj.weight,107,0,2359296,0
1500,blocks.1.mlp.proj.weight,108,0,2359296,0
1500,blocks.1.mlp.proj.weight,109,0,2359296,0
1500,blocks.1.mlp.proj.weight,110,0,2359296,0
1500,blocks.1.mlp.proj.weight,111,0,2359296,0
1500,blocks.1.mlp.proj.weight,112,0,2359296,0
1500,blocks.1.mlp.proj.weight,113,0,2359296,0
1500,blocks.1.mlp.proj.weight,114,0,2359296,0
1500,blocks.1.mlp.proj.weight,115,0,2359296,0
1500,blocks.1.mlp.proj.weight,116,0,2359296,0
1500,blocks.1.mlp.proj.weight,117,0,2359296,0
1500,blocks.1.mlp.proj.weight,118,0,2359296,0
1500,blocks.1.mlp.proj.weight,119,0,2359296,0
1500,blocks.1.mlp.proj.weight,120,0,2359296,0
1500,blocks.1.mlp.proj.weight,121,0,2359296,0
1500,blocks.1.mlp.proj.weight,122,0,2359296,0
1500,blocks.1.mlp.proj.weight,123,0,2359296,0
1500,blocks.1.mlp.proj.weight,124,0,2359296,0
1500,blocks.1.mlp.proj.weight,125,0,2359296,0
1500,blocks.1.mlp.proj.weight,126,0,2359296,0
1500,blocks.1.mlp.proj.weight,127,0,2359296,0
1500,blocks.1.mlp.proj.weight,128,0,2359296,0
1500,blocks.2.mlp.fc.weight,-127,0,2359296,0
1500,blocks.2.mlp.fc.weight,-126,0,2359296,0
1500,blocks.2.mlp.fc.weight,-125,0,2359296,0
1500,blocks.2.mlp.fc.weight,-124,0,2359296,0
1500,blocks.2.mlp.fc.weight,-123,0,2359296,0
1500,blocks.2.mlp.fc.weight,-122,0,2359296,0
1500,blocks.2.mlp.fc.weight,-121,0,2359296,0
1500,blocks.2.mlp.fc.weight,-120,0,2359296,0
1500,blocks.2.mlp.fc.weight,-119,0,2359296,0
1500,blocks.2.mlp.fc.weight,-118,0,2359296,0
1500,blocks.2.mlp.fc.weight,-117,0,2359296,0
1500,blocks.2.mlp.fc.weight,-116,0,2359296,0
1500,blocks.2.mlp.fc.weight,-115,0,2359296,0
1500,blocks.2.mlp.fc.weight,-114,0,2359296,0
1500,blocks.2.mlp.fc.weight,-113,0,2359296,0
1500,blocks.2.mlp.fc.weight,-112,0,2359296,0
1500,blocks.2.mlp.fc.weight,-111,0,2359296,0
1500,blocks.2.mlp.fc.weight,-110,0,2359296,0
1500,blocks.2.mlp.fc.weight,-109,0,2359296,0
1500,blocks.2.mlp.fc.weight,-108,0,2359296,0
1500,blocks.2.mlp.fc.weight,-107,0,2359296,0
1500,blocks.2.mlp.fc.weight,-106,0,2359296,0
1500,blocks.2.mlp.fc.weight,-105,0,2359296,0
1500,blocks.2.mlp.fc.weight,-104,0,2359296,0
1500,blocks.2.mlp.fc.weight,-103,0,2359296,0
1500,blocks.2.mlp.fc.weight,-102,0,2359296,0
1500,blocks.2.mlp.fc.weight,-101,0,2359296,0
1500,blocks.2.mlp.fc.weight,-100,0,2359296,0
1500,blocks.2.mlp.fc.weight,-99,0,2359296,0
1500,blocks.2.mlp.fc.weight,-98,0,2359296,0
1500,blocks.2.mlp.fc.weight,-97,0,2359296,0
1500,blocks.2.mlp.fc.weight,-96,0,2359296,0
1500,blocks.2.mlp.fc.weight,-95,0,2359296,0
1500,blocks.2.mlp.fc.weight,-94,0,2359296,0
1500,blocks.2.mlp.fc.weight,-93,0,2359296,0
1500,blocks.2.mlp.fc.weight,-92,0,2359296,0
1500,blocks.2.mlp.fc.weight,-91,0,2359296,0
1500,blocks.2.mlp.fc.weight,-90,0,2359296,0
1500,blocks.2.mlp.fc.weight,-89,0,2359296,0
1500,blocks.2.mlp.fc.weight,-88,0,2359296,0
1500,blocks.2.mlp.fc.weight,-87,0,2359296,0
1500,blocks.2.mlp.fc.weight,-86,0,2359296,0
1500,blocks.2.mlp.fc.weight,-85,0,2359296,0
1500,blocks.2.mlp.fc.weight,-84,0,2359296,0
1500,blocks.2.mlp.fc.weight,-83,0,2359296,0
1500,blocks.2.mlp.fc.weight,-82,0,2359296,0
1500,blocks.2.mlp.fc.weight,-81,0,2359296,0
1500,blocks.2.mlp.fc.weight,-80,0,2359296,0
1500,blocks.2.mlp.fc.weight,-79,0,2359296,0
1500,blocks.2.mlp.fc.weight,-78,0,2359296,0
1500,blocks.2.mlp.fc.weight,-77,0,2359296,0
1500,blocks.2.mlp.fc.weight,-76,0,2359296,0
1500,blocks.2.mlp.fc.weight,-75,0,2359296,0
1500,blocks.2.mlp.fc.weight,-74,0,2359296,0
1500,blocks.2.mlp.fc.weight,-73,0,2359296,0
1500,blocks.2.mlp.fc.weight,-72,0,2359296,0
1500,blocks.2.mlp.fc.weight,-71,0,2359296,0
1500,blocks.2.mlp.fc.weight,-70,0,2359296,0
1500,blocks.2.mlp.fc.weight,-69,0,2359296,0
1500,blocks.2.mlp.fc.weight,-68,0,2359296,0
1500,blocks.2.mlp.fc.weight,-67,0,2359296,0
1500,blocks.2.mlp.fc.weight,-66,0,2359296,0
1500,blocks.2.mlp.fc.weight,-65,0,2359296,0
1500,blocks.2.mlp.fc.weight,-64,0,2359296,0
1500,blocks.2.mlp.fc.weight,-63,0,2359296,0
1500,blocks.2.mlp.fc.weight,-62,0,2359296,0
1500,blocks.2.mlp.fc.weight,-61,0,2359296,0
1500,blocks.2.mlp.fc.weight,-60,0,2359296,0
1500,blocks.2.mlp.fc.weight,-59,0,2359296,0
1500,blocks.2.mlp.fc.weight,-58,0,2359296,0
1500,blocks.2.mlp.fc.weight,-57,0,2359296,0
1500,blocks.2.mlp.fc.weight,-56,0,2359296,0
1500,blocks.2.mlp.fc.weight,-55,0,2359296,0
1500,blocks.2.mlp.fc.weight,-54,0,2359296,0
1500,blocks.2.mlp.fc.weight,-53,0,2359296,0
1500,blocks.2.mlp.fc.weight,-52,0,2359296,0
1500,blocks.2.mlp.fc.weight,-51,0,2359296,0
1500,blocks.2.mlp.fc.weight,-50,0,2359296,0
1500,blocks.2.mlp.fc.weight,-49,0,2359296,0
1500,blocks.2.mlp.fc.weight,-48,0,2359296,0
1500,blocks.2.mlp.fc.weight,-47,0,2359296,0
1500,blocks.2.mlp.fc.weight,-46,0,2359296,0
1500,blocks.2.mlp.fc.weight,-45,0,2359296,0
1500,blocks.2.mlp.fc.weight,-44,0,2359296,0
1500,blocks.2.mlp.fc.weight,-43,0,2359296,0
1500,blocks.2.mlp.fc.weight,-42,0,2359296,0
1500,blocks.2.mlp.fc.weight,-41,0,2359296,0
1500,blocks.2.mlp.fc.weight,-40,0,2359296,0
1500,blocks.2.mlp.fc.weight,-39,0,2359296,0
1500,blocks.2.mlp.fc.weight,-38,0,2359296,0
1500,blocks.2.mlp.fc.weight,-37,0,2359296,0
1500,blocks.2.mlp.fc.weight,-36,0,2359296,0
1500,blocks.2.mlp.fc.weight,-35,0,2359296,0
1500,blocks.2.mlp.fc.weight,-34,1,2359296,0
1500,blocks.2.mlp.fc.weight,-33,3,2359296,0
1500,blocks.2.mlp.fc.weight,-32,16,2359296,0
1500,blocks.2.mlp.fc.weight,-31,25,2359296,0
1500,blocks.2.mlp.fc.weight,-30,47,2359296,0
1500,blocks.2.mlp.fc.weight,-29,21,2359296,0
1500,blocks.2.mlp.fc.weight,-28,9,2359296,0
1500,blocks.2.mlp.fc.weight,-27,2,2359296,0
1500,blocks.2.mlp.fc.weight,-26,0,2359296,0
1500,blocks.2.mlp.fc.weight,-25,0,2359296,0
1500,blocks.2.mlp.fc.weight,-24,0,2359296,0
1500,blocks.2.mlp.fc.weight,-23,1,2359296,0
1500,blocks.2.mlp.fc.weight,-22,0,2359296,0
1500,blocks.2.mlp.fc.weight,-21,1,2359296,0
1500,blocks.2.mlp.fc.weight,-20,6,2359296,0
1500,blocks.2.mlp.fc.weight,-19,13,2359296,0
1500,blocks.2.mlp.fc.weight,-18,41,2359296,0
1500,blocks.2.mlp.fc.weight,-17,91,2359296,0
1500,blocks.2.mlp.fc.weight,-16,240,2359296,0
1500,blocks.2.mlp.fc.weight,-15,520,2359296,0
1500,blocks.2.mlp.fc.weight,-14,1065,2359296,0
1500,blocks.2.mlp.fc.weight,-13,2167,2359296,0
1500,blocks.2.mlp.fc.weight,-12,4312,2359296,0
1500,blocks.2.mlp.fc.weight,-11,8686,2359296,0
1500,blocks.2.mlp.fc.weight,-10,17304,2359296,0
1500,blocks.2.mlp.fc.weight,-9,34758,2359296,0
1500,blocks.2.mlp.fc.weight,-8,67540,2359296,0
1500,blocks.2.mlp.fc.weight,-7,130962,2359296,0
1500,blocks.2.mlp.fc.weight,-6,245773,2359296,0
1500,blocks.2.mlp.fc.weight,-5,441820,2359296,0
1500,blocks.2.mlp.fc.weight,-4,654756,2359296,0
1500,blocks.2.mlp.fc.weight,-3,550324,2359296,0
1500,blocks.2.mlp.fc.weight,-2,172822,2359296,0
1500,blocks.2.mlp.fc.weight,-1,24381,2359296,0
1500,blocks.2.mlp.fc.weight,0,1560,2359296,0
1500,blocks.2.mlp.fc.weight,1,29,2359296,0
1500,blocks.2.mlp.fc.weight,2,0,2359296,0
1500,blocks.2.mlp.fc.weight,3,0,2359296,0
1500,blocks.2.mlp.fc.weight,4,0,2359296,0
1500,blocks.2.mlp.fc.weight,5,0,2359296,0
1500,blocks.2.mlp.fc.weight,6,0,2359296,0
1500,blocks.2.mlp.fc.weight,7,0,2359296,0
1500,blocks.2.mlp.fc.weight,8,0,2359296,0
1500,blocks.2.mlp.fc.weight,9,0,2359296,0
1500,blocks.2.mlp.fc.weight,10,0,2359296,0
1500,blocks.2.mlp.fc.weight,11,0,2359296,0
1500,blocks.2.mlp.fc.weight,12,0,2359296,0
1500,blocks.2.mlp.fc.weight,13,0,2359296,0
1500,blocks.2.mlp.fc.weight,14,0,2359296,0
1500,blocks.2.mlp.fc.weight,15,0,2359296,0
1500,blocks.2.mlp.fc.weight,16,0,2359296,0
1500,blocks.2.mlp.fc.weight,17,0,2359296,0
1500,blocks.2.mlp.fc.weight,18,0,2359296,0
1500,blocks.2.mlp.fc.weight,19,0,2359296,0
1500,blocks.2.mlp.fc.weight,20,0,2359296,0
1500,blocks.2.mlp.fc.weight,21,0,2359296,0
1500,blocks.2.mlp.fc.weight,22,0,2359296,0
1500,blocks.2.mlp.fc.weight,23,0,2359296,0
1500,blocks.2.mlp.fc.weight,24,0,2359296,0
1500,blocks.2.mlp.fc.weight,25,0,2359296,0
1500,blocks.2.mlp.fc.weight,26,0,2359296,0
1500,blocks.2.mlp.fc.weight,27,0,2359296,0
1500,blocks.2.mlp.fc.weight,28,0,2359296,0
1500,blocks.2.mlp.fc.weight,29,0,2359296,0
1500,blocks.2.mlp.fc.weight,30,0,2359296,0
1500,blocks.2.mlp.fc.weight,31,0,2359296,0
1500,blocks.2.mlp.fc.weight,32,0,2359296,0
1500,blocks.2.mlp.fc.weight,33,0,2359296,0
1500,blocks.2.mlp.fc.weight,34,0,2359296,0
1500,blocks.2.mlp.fc.weight,35,0,2359296,0
1500,blocks.2.mlp.fc.weight,36,0,2359296,0
1500,blocks.2.mlp.fc.weight,37,0,2359296,0
1500,blocks.2.mlp.fc.weight,38,0,2359296,0
1500,blocks.2.mlp.fc.weight,39,0,2359296,0
1500,blocks.2.mlp.fc.weight,40,0,2359296,0
1500,blocks.2.mlp.fc.weight,41,0,2359296,0
1500,blocks.2.mlp.fc.weight,42,0,2359296,0
1500,blocks.2.mlp.fc.weight,43,0,2359296,0
1500,blocks.2.mlp.fc.weight,44,0,2359296,0
1500,blocks.2.mlp.fc.weight,45,0,2359296,0
1500,blocks.2.mlp.fc.weight,46,0,2359296,0
1500,blocks.2.mlp.fc.weight,47,0,2359296,0
1500,blocks.2.mlp.fc.weight,48,0,2359296,0
1500,blocks.2.mlp.fc.weight,49,0,2359296,0
1500,blocks.2.mlp.fc.weight,50,0,2359296,0
1500,blocks.2.mlp.fc.weight,51,0,2359296,0
1500,blocks.2.mlp.fc.weight,52,0,2359296,0
1500,blocks.2.mlp.fc.weight,53,0,2359296,0
1500,blocks.2.mlp.fc.weight,54,0,2359296,0
1500,blocks.2.mlp.fc.weight,55,0,2359296,0
1500,blocks.2.mlp.fc.weight,56,0,2359296,0
1500,blocks.2.mlp.fc.weight,57,0,2359296,0
1500,blocks.2.mlp.fc.weight,58,0,2359296,0
1500,blocks.2.mlp.fc.weight,59,0,2359296,0
1500,blocks.2.mlp.fc.weight,60,0,2359296,0
1500,blocks.2.mlp.fc.weight,61,0,2359296,0
1500,blocks.2.mlp.fc.weight,62,0,2359296,0
1500,blocks.2.mlp.fc.weight,63,0,2359296,0
1500,blocks.2.mlp.fc.weight,64,0,2359296,0
1500,blocks.2.mlp.fc.weight,65,0,2359296,0
1500,blocks.2.mlp.fc.weight,66,0,2359296,0
1500,blocks.2.mlp.fc.weight,67,0,2359296,0
1500,blocks.2.mlp.fc.weight,68,0,2359296,0
1500,blocks.2.mlp.fc.weight,69,0,2359296,0
1500,blocks.2.mlp.fc.weight,70,0,2359296,0
1500,blocks.2.mlp.fc.weight,71,0,2359296,0
1500,blocks.2.mlp.fc.weight,72,0,2359296,0
1500,blocks.2.mlp.fc.weight,73,0,2359296,0
1500,blocks.2.mlp.fc.weight,74,0,2359296,0
1500,blocks.2.mlp.fc.weight,75,0,2359296,0
1500,blocks.2.mlp.fc.weight,76,0,2359296,0
1500,blocks.2.mlp.fc.weight,77,0,2359296,0
1500,blocks.2.mlp.fc.weight,78,0,2359296,0
1500,blocks.2.mlp.fc.weight,79,0,2359296,0
1500,blocks.2.mlp.fc.weight,80,0,2359296,0
1500,blocks.2.mlp.fc.weight,81,0,2359296,0
1500,blocks.2.mlp.fc.weight,82,0,2359296,0
1500,blocks.2.mlp.fc.weight,83,0,2359296,0
1500,blocks.2.mlp.fc.weight,84,0,2359296,0
1500,blocks.2.mlp.fc.weight,85,0,2359296,0
1500,blocks.2.mlp.fc.weight,86,0,2359296,0
1500,blocks.2.mlp.fc.weight,87,0,2359296,0
1500,blocks.2.mlp.fc.weight,88,0,2359296,0
1500,blocks.2.mlp.fc.weight,89,0,2359296,0
1500,blocks.2.mlp.fc.weight,90,0,2359296,0
1500,blocks.2.mlp.fc.weight,91,0,2359296,0
1500,blocks.2.mlp.fc.weight,92,0,2359296,0
1500,blocks.2.mlp.fc.weight,93,0,2359296,0
1500,blocks.2.mlp.fc.weight,94,0,2359296,0
1500,blocks.2.mlp.fc.weight,95,0,2359296,0
1500,blocks.2.mlp.fc.weight,96,0,2359296,0
1500,blocks.2.mlp.fc.weight,97,0,2359296,0
1500,blocks.2.mlp.fc.weight,98,0,2359296,0
1500,blocks.2.mlp.fc.weight,99,0,2359296,0
1500,blocks.2.mlp.fc.weight,100,0,2359296,0
1500,blocks.2.mlp.fc.weight,101,0,2359296,0
1500,blocks.2.mlp.fc.weight,102,0,2359296,0
1500,blocks.2.mlp.fc.weight,103,0,2359296,0
1500,blocks.2.mlp.fc.weight,104,0,2359296,0
1500,blocks.2.mlp.fc.weight,105,0,2359296,0
1500,blocks.2.mlp.fc.weight,106,0,2359296,0
1500,blocks.2.mlp.fc.weight,107,0,2359296,0
1500,blocks.2.mlp.fc.weight,108,0,2359296,0
1500,blocks.2.mlp.fc.weight,109,0,2359296,0
1500,blocks.2.mlp.fc.weight,110,0,2359296,0
1500,blocks.2.mlp.fc.weight,111,0,2359296,0
1500,blocks.2.mlp.fc.weight,112,0,2359296,0
1500,blocks.2.mlp.fc.weight,113,0,2359296,0
1500,blocks.2.mlp.fc.weight,114,0,2359296,0
1500,blocks.2.mlp.fc.weight,115,0,2359296,0
1500,blocks.2.mlp.fc.weight,116,0,2359296,0
1500,blocks.2.mlp.fc.weight,117,0,2359296,0
1500,blocks.2.mlp.fc.weight,118,0,2359296,0
1500,blocks.2.mlp.fc.weight,119,0,2359296,0
1500,blocks.2.mlp.fc.weight,120,0,2359296,0
1500,blocks.2.mlp.fc.weight,121,0,2359296,0
1500,blocks.2.mlp.fc.weight,122,0,2359296,0
1500,blocks.2.mlp.fc.weight,123,0,2359296,0
1500,blocks.2.mlp.fc.weight,124,0,2359296,0
1500,blocks.2.mlp.fc.weight,125,0,2359296,0
1500,blocks.2.mlp.fc.weight,126,0,2359296,0
1500,blocks.2.mlp.fc.weight,127,0,2359296,0
1500,blocks.2.mlp.fc.weight,128,0,2359296,0
1500,blocks.2.mlp.proj.weight,-127,0,2359296,0
1500,blocks.2.mlp.proj.weight,-126,0,2359296,0
1500,blocks.2.mlp.proj.weight,-125,0,2359296,0
1500,blocks.2.mlp.proj.weight,-124,0,2359296,0
1500,blocks.2.mlp.proj.weight,-123,0,2359296,0
1500,blocks.2.mlp.proj.weight,-122,0,2359296,0
1500,blocks.2.mlp.proj.weight,-121,0,2359296,0
1500,blocks.2.mlp.proj.weight,-120,0,2359296,0
1500,blocks.2.mlp.proj.weight,-119,0,2359296,0
1500,blocks.2.mlp.proj.weight,-118,0,2359296,0
1500,blocks.2.mlp.proj.weight,-117,0,2359296,0
1500,blocks.2.mlp.proj.weight,-116,0,2359296,0
1500,blocks.2.mlp.proj.weight,-115,0,2359296,0
1500,blocks.2.mlp.proj.weight,-114,0,2359296,0
1500,blocks.2.mlp.proj.weight,-113,0,2359296,0
1500,blocks.2.mlp.proj.weight,-112,0,2359296,0
1500,blocks.2.mlp.proj.weight,-111,0,2359296,0
1500,blocks.2.mlp.proj.weight,-110,0,2359296,0
1500,blocks.2.mlp.proj.weight,-109,0,2359296,0
1500,blocks.2.mlp.proj.weight,-108,0,2359296,0
1500,blocks.2.mlp.proj.weight,-107,0,2359296,0
1500,blocks.2.mlp.proj.weight,-106,0,2359296,0
1500,blocks.2.mlp.proj.weight,-105,0,2359296,0
1500,blocks.2.mlp.proj.weight,-104,0,2359296,0
1500,blocks.2.mlp.proj.weight,-103,0,2359296,0
1500,blocks.2.mlp.proj.weight,-102,0,2359296,0
1500,blocks.2.mlp.proj.weight,-101,0,2359296,0
1500,blocks.2.mlp.proj.weight,-100,0,2359296,0
1500,blocks.2.mlp.proj.weight,-99,0,2359296,0
1500,blocks.2.mlp.proj.weight,-98,0,2359296,0
1500,blocks.2.mlp.proj.weight,-97,0,2359296,0
1500,blocks.2.mlp.proj.weight,-96,0,2359296,0
1500,blocks.2.mlp.proj.weight,-95,0,2359296,0
1500,blocks.2.mlp.proj.weight,-94,0,2359296,0
1500,blocks.2.mlp.proj.weight,-93,0,2359296,0
1500,blocks.2.mlp.proj.weight,-92,0,2359296,0
1500,blocks.2.mlp.proj.weight,-91,0,2359296,0
1500,blocks.2.mlp.proj.weight,-90,0,2359296,0
1500,blocks.2.mlp.proj.weight,-89,0,2359296,0
1500,blocks.2.mlp.proj.weight,-88,0,2359296,0
1500,blocks.2.mlp.proj.weight,-87,0,2359296,0
1500,blocks.2.mlp.proj.weight,-86,0,2359296,0
1500,blocks.2.mlp.proj.weight,-85,0,2359296,0
1500,blocks.2.mlp.proj.weight,-84,0,2359296,0
1500,blocks.2.mlp.proj.weight,-83,0,2359296,0
1500,blocks.2.mlp.proj.weight,-82,0,2359296,0
1500,blocks.2.mlp.proj.weight,-81,0,2359296,0
1500,blocks.2.mlp.proj.weight,-80,0,2359296,0
1500,blocks.2.mlp.proj.weight,-79,0,2359296,0
1500,blocks.2.mlp.proj.weight,-78,0,2359296,0
1500,blocks.2.mlp.proj.weight,-77,0,2359296,0
1500,blocks.2.mlp.proj.weight,-76,0,2359296,0
1500,blocks.2.mlp.proj.weight,-75,0,2359296,0
1500,blocks.2.mlp.proj.weight,-74,0,2359296,0
1500,blocks.2.mlp.proj.weight,-73,0,2359296,0
1500,blocks.2.mlp.proj.weight,-72,0,2359296,0
1500,blocks.2.mlp.proj.weight,-71,0,2359296,0
1500,blocks.2.mlp.proj.weight,-70,0,2359296,0
1500,blocks.2.mlp.proj.weight,-69,0,2359296,0
1500,blocks.2.mlp.proj.weight,-68,0,2359296,0
1500,blocks.2.mlp.proj.weight,-67,0,2359296,0
1500,blocks.2.mlp.proj.weight,-66,0,2359296,0
1500,blocks.2.mlp.proj.weight,-65,0,2359296,0
1500,blocks.2.mlp.proj.weight,-64,0,2359296,0
1500,blocks.2.mlp.proj.weight,-63,0,2359296,0
1500,blocks.2.mlp.proj.weight,-62,0,2359296,0
1500,blocks.2.mlp.proj.weight,-61,0,2359296,0
1500,blocks.2.mlp.proj.weight,-60,0,2359296,0
1500,blocks.2.mlp.proj.weight,-59,0,2359296,0
1500,blocks.2.mlp.proj.weight,-58,0,2359296,0
1500,blocks.2.mlp.proj.weight,-57,0,2359296,0
1500,blocks.2.mlp.proj.weight,-56,0,2359296,0
1500,blocks.2.mlp.proj.weight,-55,0,2359296,0
1500,blocks.2.mlp.proj.weight,-54,0,2359296,0
1500,blocks.2.mlp.proj.weight,-53,0,2359296,0
1500,blocks.2.mlp.proj.weight,-52,0,2359296,0
1500,blocks.2.mlp.proj.weight,-51,0,2359296,0
1500,blocks.2.mlp.proj.weight,-50,0,2359296,0
1500,blocks.2.mlp.proj.weight,-49,0,2359296,0
1500,blocks.2.mlp.proj.weight,-48,0,2359296,0
1500,blocks.2.mlp.proj.weight,-47,0,2359296,0
1500,blocks.2.mlp.proj.weight,-46,0,2359296,0
1500,blocks.2.mlp.proj.weight,-45,0,2359296,0
1500,blocks.2.mlp.proj.weight,-44,0,2359296,0
1500,blocks.2.mlp.proj.weight,-43,0,2359296,0
1500,blocks.2.mlp.proj.weight,-42,0,2359296,0
1500,blocks.2.mlp.proj.weight,-41,0,2359296,0
1500,blocks.2.mlp.proj.weight,-40,0,2359296,0
1500,blocks.2.mlp.proj.weight,-39,0,2359296,0
1500,blocks.2.mlp.proj.weight,-38,0,2359296,0
1500,blocks.2.mlp.proj.weight,-37,0,2359296,0
1500,blocks.2.mlp.proj.weight,-36,0,2359296,0
1500,blocks.2.mlp.proj.weight,-35,0,2359296,0
1500,blocks.2.mlp.proj.weight,-34,0,2359296,0
1500,blocks.2.mlp.proj.weight,-33,3,2359296,0
1500,blocks.2.mlp.proj.weight,-32,4,2359296,0
1500,blocks.2.mlp.proj.weight,-31,16,2359296,0
1500,blocks.2.mlp.proj.weight,-30,40,2359296,0
1500,blocks.2.mlp.proj.weight,-29,48,2359296,0
1500,blocks.2.mlp.proj.weight,-28,12,2359296,0
1500,blocks.2.mlp.proj.weight,-27,0,2359296,0
1500,blocks.2.mlp.proj.weight,-26,0,2359296,0
1500,blocks.2.mlp.proj.weight,-25,0,2359296,0
1500,blocks.2.mlp.proj.weight,-24,0,2359296,0
1500,blocks.2.mlp.proj.weight,-23,0,2359296,0
1500,blocks.2.mlp.proj.weight,-22,0,2359296,0
1500,blocks.2.mlp.proj.weight,-21,0,2359296,0
1500,blocks.2.mlp.proj.weight,-20,4,2359296,0
1500,blocks.2.mlp.proj.weight,-19,5,2359296,0
1500,blocks.2.mlp.proj.weight,-18,21,2359296,0
1500,blocks.2.mlp.proj.weight,-17,55,2359296,0
1500,blocks.2.mlp.proj.weight,-16,155,2359296,0
1500,blocks.2.mlp.proj.weight,-15,304,2359296,0
1500,blocks.2.mlp.proj.weight,-14,650,2359296,0
1500,blocks.2.mlp.proj.weight,-13,1323,2359296,0
1500,blocks.2.mlp.proj.weight,-12,2572,2359296,0
1500,blocks.2.mlp.proj.weight,-11,5279,2359296,0
1500,blocks.2.mlp.proj.weight,-10,10793,2359296,0
1500,blocks.2.mlp.proj.weight,-9,21247,2359296,0
1500,blocks.2.mlp.proj.weight,-8,42685,2359296,0
1500,blocks.2.mlp.proj.weight,-7,84160,2359296,0
1500,blocks.2.mlp.proj.weight,-6,164528,2359296,0
1500,blocks.2.mlp.proj.weight,-5,310446,2359296,0
1500,blocks.2.mlp.proj.weight,-4,542684,2359296,0
1500,blocks.2.mlp.proj.weight,-3,714833,2359296,0
1500,blocks.2.mlp.proj.weight,-2,410644,2359296,0
1500,blocks.2.mlp.proj.weight,-1,44003,2359296,0
1500,blocks.2.mlp.proj.weight,0,1540,2359296,0
1500,blocks.2.mlp.proj.weight,1,453,2359296,0
1500,blocks.2.mlp.proj.weight,2,448,2359296,0
1500,blocks.2.mlp.proj.weight,3,320,2359296,0
1500,blocks.2.mlp.proj.weight,4,21,2359296,0
1500,blocks.2.mlp.proj.weight,5,0,2359296,0
1500,blocks.2.mlp.proj.weight,6,0,2359296,0
1500,blocks.2.mlp.proj.weight,7,0,2359296,0
1500,blocks.2.mlp.proj.weight,8,0,2359296,0
1500,blocks.2.mlp.proj.weight,9,0,2359296,0
1500,blocks.2.mlp.proj.weight,10,0,2359296,0
1500,blocks.2.mlp.proj.weight,11,0,2359296,0
1500,blocks.2.mlp.proj.weight,12,0,2359296,0
1500,blocks.2.mlp.proj.weight,13,0,2359296,0
1500,blocks.2.mlp.proj.weight,14,0,2359296,0
1500,blocks.2.mlp.proj.weight,15,0,2359296,0
1500,blocks.2.mlp.proj.weight,16,0,2359296,0
1500,blocks.2.mlp.proj.weight,17,0,2359296,0
1500,blocks.2.mlp.proj.weight,18,0,2359296,0
1500,blocks.2.mlp.proj.weight,19,0,2359296,0
1500,blocks.2.mlp.proj.weight,20,0,2359296,0
1500,blocks.2.mlp.proj.weight,21,0,2359296,0
1500,blocks.2.mlp.proj.weight,22,0,2359296,0
1500,blocks.2.mlp.proj.weight,23,0,2359296,0
1500,blocks.2.mlp.proj.weight,24,0,2359296,0
1500,blocks.2.mlp.proj.weight,25,0,2359296,0
1500,blocks.2.mlp.proj.weight,26,0,2359296,0
1500,blocks.2.mlp.proj.weight,27,0,2359296,0
1500,blocks.2.mlp.proj.weight,28,0,2359296,0
1500,blocks.2.mlp.proj.weight,29,0,2359296,0
1500,blocks.2.mlp.proj.weight,30,0,2359296,0
1500,blocks.2.mlp.proj.weight,31,0,2359296,0
1500,blocks.2.mlp.proj.weight,32,0,2359296,0
1500,blocks.2.mlp.proj.weight,33,0,2359296,0
1500,blocks.2.mlp.proj.weight,34,0,2359296,0
1500,blocks.2.mlp.proj.weight,35,0,2359296,0
1500,blocks.2.mlp.proj.weight,36,0,2359296,0
1500,blocks.2.mlp.proj.weight,37,0,2359296,0
1500,blocks.2.mlp.proj.weight,38,0,2359296,0
1500,blocks.2.mlp.proj.weight,39,0,2359296,0
1500,blocks.2.mlp.proj.weight,40,0,2359296,0
1500,blocks.2.mlp.proj.weight,41,0,2359296,0
1500,blocks.2.mlp.proj.weight,42,0,2359296,0
1500,blocks.2.mlp.proj.weight,43,0,2359296,0
1500,blocks.2.mlp.proj.weight,44,0,2359296,0
1500,blocks.2.mlp.proj.weight,45,0,2359296,0
1500,blocks.2.mlp.proj.weight,46,0,2359296,0
1500,blocks.2.mlp.proj.weight,47,0,2359296,0
1500,blocks.2.mlp.proj.weight,48,0,2359296,0
1500,blocks.2.mlp.proj.weight,49,0,2359296,0
1500,blocks.2.mlp.proj.weight,50,0,2359296,0
1500,blocks.2.mlp.proj.weight,51,0,2359296,0
1500,blocks.2.mlp.proj.weight,52,0,2359296,0
1500,blocks.2.mlp.proj.weight,53,0,2359296,0
1500,blocks.2.mlp.proj.weight,54,0,2359296,0
1500,blocks.2.mlp.proj.weight,55,0,2359296,0
1500,blocks.2.mlp.proj.weight,56,0,2359296,0
1500,blocks.2.mlp.proj.weight,57,0,2359296,0
1500,blocks.2.mlp.proj.weight,58,0,2359296,0
1500,blocks.2.mlp.proj.weight,59,0,2359296,0
1500,blocks.2.mlp.proj.weight,60,0,2359296,0
1500,blocks.2.mlp.proj.weight,61,0,2359296,0
1500,blocks.2.mlp.proj.weight,62,0,2359296,0
1500,blocks.2.mlp.proj.weight,63,0,2359296,0
1500,blocks.2.mlp.proj.weight,64,0,2359296,0
1500,blocks.2.mlp.proj.weight,65,0,2359296,0
1500,blocks.2.mlp.proj.weight,66,0,2359296,0
1500,blocks.2.mlp.proj.weight,67,0,2359296,0
1500,blocks.2.mlp.proj.weight,68,0,2359296,0
1500,blocks.2.mlp.proj.weight,69,0,2359296,0
1500,blocks.2.mlp.proj.weight,70,0,2359296,0
1500,blocks.2.mlp.proj.weight,71,0,2359296,0
1500,blocks.2.mlp.proj.weight,72,0,2359296,0
1500,blocks.2.mlp.proj.weight,73,0,2359296,0
1500,blocks.2.mlp.proj.weight,74,0,2359296,0
1500,blocks.2.mlp.proj.weight,75,0,2359296,0
1500,blocks.2.mlp.proj.weight,76,0,2359296,0
1500,blocks.2.mlp.proj.weight,77,0,2359296,0
1500,blocks.2.mlp.proj.weight,78,0,2359296,0
1500,blocks.2.mlp.proj.weight,79,0,2359296,0
1500,blocks.2.mlp.proj.weight,80,0,2359296,0
1500,blocks.2.mlp.proj.weight,81,0,2359296,0
1500,blocks.2.mlp.proj.weight,82,0,2359296,0
1500,blocks.2.mlp.proj.weight,83,0,2359296,0
1500,blocks.2.mlp.proj.weight,84,0,2359296,0
1500,blocks.2.mlp.proj.weight,85,0,2359296,0
1500,blocks.2.mlp.proj.weight,86,0,2359296,0
1500,blocks.2.mlp.proj.weight,87,0,2359296,0
1500,blocks.2.mlp.proj.weight,88,0,2359296,0
1500,blocks.2.mlp.proj.weight,89,0,2359296,0
1500,blocks.2.mlp.proj.weight,90,0,2359296,0
1500,blocks.2.mlp.proj.weight,91,0,2359296,0
1500,blocks.2.mlp.proj.weight,92,0,2359296,0
1500,blocks.2.mlp.proj.weight,93,0,2359296,0
1500,blocks.2.mlp.proj.weight,94,0,2359296,0
1500,blocks.2.mlp.proj.weight,95,0,2359296,0
1500,blocks.2.mlp.proj.weight,96,0,2359296,0
1500,blocks.2.mlp.proj.weight,97,0,2359296,0
1500,blocks.2.mlp.proj.weight,98,0,2359296,0
1500,blocks.2.mlp.proj.weight,99,0,2359296,0
1500,blocks.2.mlp.proj.weight,100,0,2359296,0
1500,blocks.2.mlp.proj.weight,101,0,2359296,0
1500,blocks.2.mlp.proj.weight,102,0,2359296,0
1500,blocks.2.mlp.proj.weight,103,0,2359296,0
1500,blocks.2.mlp.proj.weight,104,0,2359296,0
1500,blocks.2.mlp.proj.weight,105,0,2359296,0
1500,blocks.2.mlp.proj.weight,106,0,2359296,0
1500,blocks.2.mlp.proj.weight,107,0,2359296,0
1500,blocks.2.mlp.proj.weight,108,0,2359296,0
1500,blocks.2.mlp.proj.weight,109,0,2359296,0
1500,blocks.2.mlp.proj.weight,110,0,2359296,0
1500,blocks.2.mlp.proj.weight,111,0,2359296,0
1500,blocks.2.mlp.proj.weight,112,0,2359296,0
1500,blocks.2.mlp.proj.weight,113,0,2359296,0
1500,blocks.2.mlp.proj.weight,114,0,2359296,0
1500,blocks.2.mlp.proj.weight,115,0,2359296,0
1500,blocks.2.mlp.proj.weight,116,0,2359296,0
1500,blocks.2.mlp.proj.weight,117,0,2359296,0
1500,blocks.2.mlp.proj.weight,118,0,2359296,0
1500,blocks.2.mlp.proj.weight,119,0,2359296,0
1500,blocks.2.mlp.proj.weight,120,0,2359296,0
1500,blocks.2.mlp.proj.weight,121,0,2359296,0
1500,blocks.2.mlp.proj.weight,122,0,2359296,0
1500,blocks.2.mlp.proj.weight,123,0,2359296,0
1500,blocks.2.mlp.proj.weight,124,0,2359296,0
1500,blocks.2.mlp.proj.weight,125,0,2359296,0
1500,blocks.2.mlp.proj.weight,126,0,2359296,0
1500,blocks.2.mlp.proj.weight,127,0,2359296,0
1500,blocks.2.mlp.proj.weight,128,0,2359296,0
1500,blocks.3.mlp.fc.weight,-127,0,2359296,0
1500,blocks.3.mlp.fc.weight,-126,0,2359296,0
1500,blocks.3.mlp.fc.weight,-125,0,2359296,0
1500,blocks.3.mlp.fc.weight,-124,0,2359296,0
1500,blocks.3.mlp.fc.weight,-123,0,2359296,0
1500,blocks.3.mlp.fc.weight,-122,0,2359296,0
1500,blocks.3.mlp.fc.weight,-121,0,2359296,0
1500,blocks.3.mlp.fc.weight,-120,0,2359296,0
1500,blocks.3.mlp.fc.weight,-119,0,2359296,0
1500,blocks.3.mlp.fc.weight,-118,0,2359296,0
1500,blocks.3.mlp.fc.weight,-117,0,2359296,0
1500,blocks.3.mlp.fc.weight,-116,0,2359296,0
1500,blocks.3.mlp.fc.weight,-115,0,2359296,0
1500,blocks.3.mlp.fc.weight,-114,0,2359296,0
1500,blocks.3.mlp.fc.weight,-113,0,2359296,0
1500,blocks.3.mlp.fc.weight,-112,0,2359296,0
1500,blocks.3.mlp.fc.weight,-111,0,2359296,0
1500,blocks.3.mlp.fc.weight,-110,0,2359296,0
1500,blocks.3.mlp.fc.weight,-109,0,2359296,0
1500,blocks.3.mlp.fc.weight,-108,0,2359296,0
1500,blocks.3.mlp.fc.weight,-107,0,2359296,0
1500,blocks.3.mlp.fc.weight,-106,0,2359296,0
1500,blocks.3.mlp.fc.weight,-105,0,2359296,0
1500,blocks.3.mlp.fc.weight,-104,0,2359296,0
1500,blocks.3.mlp.fc.weight,-103,0,2359296,0
1500,blocks.3.mlp.fc.weight,-102,0,2359296,0
1500,blocks.3.mlp.fc.weight,-101,0,2359296,0
1500,blocks.3.mlp.fc.weight,-100,0,2359296,0
1500,blocks.3.mlp.fc.weight,-99,0,2359296,0
1500,blocks.3.mlp.fc.weight,-98,0,2359296,0
1500,blocks.3.mlp.fc.weight,-97,0,2359296,0
1500,blocks.3.mlp.fc.weight,-96,0,2359296,0
1500,blocks.3.mlp.fc.weight,-95,0,2359296,0
1500,blocks.3.mlp.fc.weight,-94,0,2359296,0
1500,blocks.3.mlp.fc.weight,-93,0,2359296,0
1500,blocks.3.mlp.fc.weight,-92,0,2359296,0
1500,blocks.3.mlp.fc.weight,-91,0,2359296,0
1500,blocks.3.mlp.fc.weight,-90,0,2359296,0
1500,blocks.3.mlp.fc.weight,-89,0,2359296,0
1500,blocks.3.mlp.fc.weight,-88,0,2359296,0
1500,blocks.3.mlp.fc.weight,-87,0,2359296,0
1500,blocks.3.mlp.fc.weight,-86,0,2359296,0
1500,blocks.3.mlp.fc.weight,-85,0,2359296,0
1500,blocks.3.mlp.fc.weight,-84,0,2359296,0
1500,blocks.3.mlp.fc.weight,-83,0,2359296,0
1500,blocks.3.mlp.fc.weight,-82,0,2359296,0
1500,blocks.3.mlp.fc.weight,-81,0,2359296,0
1500,blocks.3.mlp.fc.weight,-80,0,2359296,0
1500,blocks.3.mlp.fc.weight,-79,0,2359296,0
1500,blocks.3.mlp.fc.weight,-78,0,2359296,0
1500,blocks.3.mlp.fc.weight,-77,0,2359296,0
1500,blocks.3.mlp.fc.weight,-76,0,2359296,0
1500,blocks.3.mlp.fc.weight,-75,0,2359296,0
1500,blocks.3.mlp.fc.weight,-74,0,2359296,0
1500,blocks.3.mlp.fc.weight,-73,0,2359296,0
1500,blocks.3.mlp.fc.weight,-72,0,2359296,0
1500,blocks.3.mlp.fc.weight,-71,0,2359296,0
1500,blocks.3.mlp.fc.weight,-70,0,2359296,0
1500,blocks.3.mlp.fc.weight,-69,0,2359296,0
1500,blocks.3.mlp.fc.weight,-68,0,2359296,0
1500,blocks.3.mlp.fc.weight,-67,0,2359296,0
1500,blocks.3.mlp.fc.weight,-66,0,2359296,0
1500,blocks.3.mlp.fc.weight,-65,0,2359296,0
1500,blocks.3.mlp.fc.weight,-64,0,2359296,0
1500,blocks.3.mlp.fc.weight,-63,0,2359296,0
1500,blocks.3.mlp.fc.weight,-62,0,2359296,0
1500,blocks.3.mlp.fc.weight,-61,0,2359296,0
1500,blocks.3.mlp.fc.weight,-60,0,2359296,0
1500,blocks.3.mlp.fc.weight,-59,0,2359296,0
1500,blocks.3.mlp.fc.weight,-58,0,2359296,0
1500,blocks.3.mlp.fc.weight,-57,0,2359296,0
1500,blocks.3.mlp.fc.weight,-56,0,2359296,0
1500,blocks.3.mlp.fc.weight,-55,0,2359296,0
1500,blocks.3.mlp.fc.weight,-54,0,2359296,0
1500,blocks.3.mlp.fc.weight,-53,0,2359296,0
1500,blocks.3.mlp.fc.weight,-52,0,2359296,0
1500,blocks.3.mlp.fc.weight,-51,0,2359296,0
1500,blocks.3.mlp.fc.weight,-50,0,2359296,0
1500,blocks.3.mlp.fc.weight,-49,0,2359296,0
1500,blocks.3.mlp.fc.weight,-48,0,2359296,0
1500,blocks.3.mlp.fc.weight,-47,0,2359296,0
1500,blocks.3.mlp.fc.weight,-46,0,2359296,0
1500,blocks.3.mlp.fc.weight,-45,0,2359296,0
1500,blocks.3.mlp.fc.weight,-44,0,2359296,0
1500,blocks.3.mlp.fc.weight,-43,0,2359296,0
1500,blocks.3.mlp.fc.weight,-42,0,2359296,0
1500,blocks.3.mlp.fc.weight,-41,0,2359296,0
1500,blocks.3.mlp.fc.weight,-40,0,2359296,0
1500,blocks.3.mlp.fc.weight,-39,0,2359296,0
1500,blocks.3.mlp.fc.weight,-38,0,2359296,0
1500,blocks.3.mlp.fc.weight,-37,0,2359296,0
1500,blocks.3.mlp.fc.weight,-36,0,2359296,0
1500,blocks.3.mlp.fc.weight,-35,1,2359296,0
1500,blocks.3.mlp.fc.weight,-34,2,2359296,0
1500,blocks.3.mlp.fc.weight,-33,3,2359296,0
1500,blocks.3.mlp.fc.weight,-32,8,2359296,0
1500,blocks.3.mlp.fc.weight,-31,26,2359296,0
1500,blocks.3.mlp.fc.weight,-30,37,2359296,0
1500,blocks.3.mlp.fc.weight,-29,22,2359296,0
1500,blocks.3.mlp.fc.weight,-28,10,2359296,0
1500,blocks.3.mlp.fc.weight,-27,2,2359296,0
1500,blocks.3.mlp.fc.weight,-26,0,2359296,0
1500,blocks.3.mlp.fc.weight,-25,0,2359296,0
1500,blocks.3.mlp.fc.weight,-24,0,2359296,0
1500,blocks.3.mlp.fc.weight,-23,0,2359296,0
1500,blocks.3.mlp.fc.weight,-22,0,2359296,0
1500,blocks.3.mlp.fc.weight,-21,2,2359296,0
1500,blocks.3.mlp.fc.weight,-20,4,2359296,0
1500,blocks.3.mlp.fc.weight,-19,12,2359296,0
1500,blocks.3.mlp.fc.weight,-18,54,2359296,0
1500,blocks.3.mlp.fc.weight,-17,109,2359296,0
1500,blocks.3.mlp.fc.weight,-16,225,2359296,0
1500,blocks.3.mlp.fc.weight,-15,498,2359296,0
1500,blocks.3.mlp.fc.weight,-14,936,2359296,0
1500,blocks.3.mlp.fc.weight,-13,1995,2359296,0
1500,blocks.3.mlp.fc.weight,-12,3962,2359296,0
1500,blocks.3.mlp.fc.weight,-11,8318,2359296,0
1500,blocks.3.mlp.fc.weight,-10,16081,2359296,0
1500,blocks.3.mlp.fc.weight,-9,32294,2359296,0
1500,blocks.3.mlp.fc.weight,-8,63998,2359296,0
1500,blocks.3.mlp.fc.weight,-7,122471,2359296,0
1500,blocks.3.mlp.fc.weight,-6,230721,2359296,0
1500,blocks.3.mlp.fc.weight,-5,418200,2359296,0
1500,blocks.3.mlp.fc.weight,-4,640879,2359296,0
1500,blocks.3.mlp.fc.weight,-3,585915,2359296,0
1500,blocks.3.mlp.fc.weight,-2,201745,2359296,0
1500,blocks.3.mlp.fc.weight,-1,28845,2359296,0
1500,blocks.3.mlp.fc.weight,0,1889,2359296,0
1500,blocks.3.mlp.fc.weight,1,32,2359296,0
1500,blocks.3.mlp.fc.weight,2,0,2359296,0
1500,blocks.3.mlp.fc.weight,3,0,2359296,0
1500,blocks.3.mlp.fc.weight,4,0,2359296,0
1500,blocks.3.mlp.fc.weight,5,0,2359296,0
1500,blocks.3.mlp.fc.weight,6,0,2359296,0
1500,blocks.3.mlp.fc.weight,7,0,2359296,0
1500,blocks.3.mlp.fc.weight,8,0,2359296,0
1500,blocks.3.mlp.fc.weight,9,0,2359296,0
1500,blocks.3.mlp.fc.weight,10,0,2359296,0
1500,blocks.3.mlp.fc.weight,11,0,2359296,0
1500,blocks.3.mlp.fc.weight,12,0,2359296,0
1500,blocks.3.mlp.fc.weight,13,0,2359296,0
1500,blocks.3.mlp.fc.weight,14,0,2359296,0
1500,blocks.3.mlp.fc.weight,15,0,2359296,0
1500,blocks.3.mlp.fc.weight,16,0,2359296,0
1500,blocks.3.mlp.fc.weight,17,0,2359296,0
1500,blocks.3.mlp.fc.weight,18,0,2359296,0
1500,blocks.3.mlp.fc.weight,19,0,2359296,0
1500,blocks.3.mlp.fc.weight,20,0,2359296,0
1500,blocks.3.mlp.fc.weight,21,0,2359296,0
1500,blocks.3.mlp.fc.weight,22,0,2359296,0
1500,blocks.3.mlp.fc.weight,23,0,2359296,0
1500,blocks.3.mlp.fc.weight,24,0,2359296,0
1500,blocks.3.mlp.fc.weight,25,0,2359296,0
1500,blocks.3.mlp.fc.weight,26,0,2359296,0
1500,blocks.3.mlp.fc.weight,27,0,2359296,0
1500,blocks.3.mlp.fc.weight,28,0,2359296,0
1500,blocks.3.mlp.fc.weight,29,0,2359296,0
1500,blocks.3.mlp.fc.weight,30,0,2359296,0
1500,blocks.3.mlp.fc.weight,31,0,2359296,0
1500,blocks.3.mlp.fc.weight,32,0,2359296,0
1500,blocks.3.mlp.fc.weight,33,0,2359296,0
1500,blocks.3.mlp.fc.weight,34,0,2359296,0
1500,blocks.3.mlp.fc.weight,35,0,2359296,0
1500,blocks.3.mlp.fc.weight,36,0,2359296,0
1500,blocks.3.mlp.fc.weight,37,0,2359296,0
1500,blocks.3.mlp.fc.weight,38,0,2359296,0
1500,blocks.3.mlp.fc.weight,39,0,2359296,0
1500,blocks.3.mlp.fc.weight,40,0,2359296,0
1500,blocks.3.mlp.fc.weight,41,0,2359296,0
1500,blocks.3.mlp.fc.weight,42,0,2359296,0
1500,blocks.3.mlp.fc.weight,43,0,2359296,0
1500,blocks.3.mlp.fc.weight,44,0,2359296,0
1500,blocks.3.mlp.fc.weight,45,0,2359296,0
1500,blocks.3.mlp.fc.weight,46,0,2359296,0
1500,blocks.3.mlp.fc.weight,47,0,2359296,0
1500,blocks.3.mlp.fc.weight,48,0,2359296,0
1500,blocks.3.mlp.fc.weight,49,0,2359296,0
1500,blocks.3.mlp.fc.weight,50,0,2359296,0
1500,blocks.3.mlp.fc.weight,51,0,2359296,0
1500,blocks.3.mlp.fc.weight,52,0,2359296,0
1500,blocks.3.mlp.fc.weight,53,0,2359296,0
1500,blocks.3.mlp.fc.weight,54,0,2359296,0
1500,blocks.3.mlp.fc.weight,55,0,2359296,0
1500,blocks.3.mlp.fc.weight,56,0,2359296,0
1500,blocks.3.mlp.fc.weight,57,0,2359296,0
1500,blocks.3.mlp.fc.weight,58,0,2359296,0
1500,blocks.3.mlp.fc.weight,59,0,2359296,0
1500,blocks.3.mlp.fc.weight,60,0,2359296,0
1500,blocks.3.mlp.fc.weight,61,0,2359296,0
1500,blocks.3.mlp.fc.weight,62,0,2359296,0
1500,blocks.3.mlp.fc.weight,63,0,2359296,0
1500,blocks.3.mlp.fc.weight,64,0,2359296,0
1500,blocks.3.mlp.fc.weight,65,0,2359296,0
1500,blocks.3.mlp.fc.weight,66,0,2359296,0
1500,blocks.3.mlp.fc.weight,67,0,2359296,0
1500,blocks.3.mlp.fc.weight,68,0,2359296,0
1500,blocks.3.mlp.fc.weight,69,0,2359296,0
1500,blocks.3.mlp.fc.weight,70,0,2359296,0
1500,blocks.3.mlp.fc.weight,71,0,2359296,0
1500,blocks.3.mlp.fc.weight,72,0,2359296,0
1500,blocks.3.mlp.fc.weight,73,0,2359296,0
1500,blocks.3.mlp.fc.weight,74,0,2359296,0
1500,blocks.3.mlp.fc.weight,75,0,2359296,0
1500,blocks.3.mlp.fc.weight,76,0,2359296,0
1500,blocks.3.mlp.fc.weight,77,0,2359296,0
1500,blocks.3.mlp.fc.weight,78,0,2359296,0
1500,blocks.3.mlp.fc.weight,79,0,2359296,0
1500,blocks.3.mlp.fc.weight,80,0,2359296,0
1500,blocks.3.mlp.fc.weight,81,0,2359296,0
1500,blocks.3.mlp.fc.weight,82,0,2359296,0
1500,blocks.3.mlp.fc.weight,83,0,2359296,0
1500,blocks.3.mlp.fc.weight,84,0,2359296,0
1500,blocks.3.mlp.fc.weight,85,0,2359296,0
1500,blocks.3.mlp.fc.weight,86,0,2359296,0
1500,blocks.3.mlp.fc.weight,87,0,2359296,0
1500,blocks.3.mlp.fc.weight,88,0,2359296,0
1500,blocks.3.mlp.fc.weight,89,0,2359296,0
1500,blocks.3.mlp.fc.weight,90,0,2359296,0
1500,blocks.3.mlp.fc.weight,91,0,2359296,0
1500,blocks.3.mlp.fc.weight,92,0,2359296,0
1500,blocks.3.mlp.fc.weight,93,0,2359296,0
1500,blocks.3.mlp.fc.weight,94,0,2359296,0
1500,blocks.3.mlp.fc.weight,95,0,2359296,0
1500,blocks.3.mlp.fc.weight,96,0,2359296,0
1500,blocks.3.mlp.fc.weight,97,0,2359296,0
1500,blocks.3.mlp.fc.weight,98,0,2359296,0
1500,blocks.3.mlp.fc.weight,99,0,2359296,0
1500,blocks.3.mlp.fc.weight,100,0,2359296,0
1500,blocks.3.mlp.fc.weight,101,0,2359296,0
1500,blocks.3.mlp.fc.weight,102,0,2359296,0
1500,blocks.3.mlp.fc.weight,103,0,2359296,0
1500,blocks.3.mlp.fc.weight,104,0,2359296,0
1500,blocks.3.mlp.fc.weight,105,0,2359296,0
1500,blocks.3.mlp.fc.weight,106,0,2359296,0
1500,blocks.3.mlp.fc.weight,107,0,2359296,0
1500,blocks.3.mlp.fc.weight,108,0,2359296,0
1500,blocks.3.mlp.fc.weight,109,0,2359296,0
1500,blocks.3.mlp.fc.weight,110,0,2359296,0
1500,blocks.3.mlp.fc.weight,111,0,2359296,0
1500,blocks.3.mlp.fc.weight,112,0,2359296,0
1500,blocks.3.mlp.fc.weight,113,0,2359296,0
1500,blocks.3.mlp.fc.weight,114,0,2359296,0
1500,blocks.3.mlp.fc.weight,115,0,2359296,0
1500,blocks.3.mlp.fc.weight,116,0,2359296,0
1500,blocks.3.mlp.fc.weight,117,0,2359296,0
1500,blocks.3.mlp.fc.weight,118,0,2359296,0
1500,blocks.3.mlp.fc.weight,119,0,2359296,0
1500,blocks.3.mlp.fc.weight,120,0,2359296,0
1500,blocks.3.mlp.fc.weight,121,0,2359296,0
1500,blocks.3.mlp.fc.weight,122,0,2359296,0
1500,blocks.3.mlp.fc.weight,123,0,2359296,0
1500,blocks.3.mlp.fc.weight,124,0,2359296,0
1500,blocks.3.mlp.fc.weight,125,0,2359296,0
1500,blocks.3.mlp.fc.weight,126,0,2359296,0
1500,blocks.3.mlp.fc.weight,127,0,2359296,0
1500,blocks.3.mlp.fc.weight,128,0,2359296,0
1500,blocks.3.mlp.proj.weight,-127,0,2359296,0
1500,blocks.3.mlp.proj.weight,-126,0,2359296,0
1500,blocks.3.mlp.proj.weight,-125,0,2359296,0
1500,blocks.3.mlp.proj.weight,-124,0,2359296,0
1500,blocks.3.mlp.proj.weight,-123,0,2359296,0
1500,blocks.3.mlp.proj.weight,-122,0,2359296,0
1500,blocks.3.mlp.proj.weight,-121,0,2359296,0
1500,blocks.3.mlp.proj.weight,-120,0,2359296,0
1500,blocks.3.mlp.proj.weight,-119,0,2359296,0
1500,blocks.3.mlp.proj.weight,-118,0,2359296,0
1500,blocks.3.mlp.proj.weight,-117,0,2359296,0
1500,blocks.3.mlp.proj.weight,-116,0,2359296,0
1500,blocks.3.mlp.proj.weight,-115,0,2359296,0
1500,blocks.3.mlp.proj.weight,-114,0,2359296,0
1500,blocks.3.mlp.proj.weight,-113,0,2359296,0
1500,blocks.3.mlp.proj.weight,-112,0,2359296,0
1500,blocks.3.mlp.proj.weight,-111,0,2359296,0
1500,blocks.3.mlp.proj.weight,-110,0,2359296,0
1500,blocks.3.mlp.proj.weight,-109,0,2359296,0
1500,blocks.3.mlp.proj.weight,-108,0,2359296,0
1500,blocks.3.mlp.proj.weight,-107,0,2359296,0
1500,blocks.3.mlp.proj.weight,-106,0,2359296,0
1500,blocks.3.mlp.proj.weight,-105,0,2359296,0
1500,blocks.3.mlp.proj.weight,-104,0,2359296,0
1500,blocks.3.mlp.proj.weight,-103,0,2359296,0
1500,blocks.3.mlp.proj.weight,-102,0,2359296,0
1500,blocks.3.mlp.proj.weight,-101,0,2359296,0
1500,blocks.3.mlp.proj.weight,-100,0,2359296,0
1500,blocks.3.mlp.proj.weight,-99,0,2359296,0
1500,blocks.3.mlp.proj.weight,-98,0,2359296,0
1500,blocks.3.mlp.proj.weight,-97,0,2359296,0
1500,blocks.3.mlp.proj.weight,-96,0,2359296,0
1500,blocks.3.mlp.proj.weight,-95,0,2359296,0
1500,blocks.3.mlp.proj.weight,-94,0,2359296,0
1500,blocks.3.mlp.proj.weight,-93,0,2359296,0
1500,blocks.3.mlp.proj.weight,-92,0,2359296,0
1500,blocks.3.mlp.proj.weight,-91,0,2359296,0
1500,blocks.3.mlp.proj.weight,-90,0,2359296,0
1500,blocks.3.mlp.proj.weight,-89,0,2359296,0
1500,blocks.3.mlp.proj.weight,-88,0,2359296,0
1500,blocks.3.mlp.proj.weight,-87,0,2359296,0
1500,blocks.3.mlp.proj.weight,-86,0,2359296,0
1500,blocks.3.mlp.proj.weight,-85,0,2359296,0
1500,blocks.3.mlp.proj.weight,-84,0,2359296,0
1500,blocks.3.mlp.proj.weight,-83,0,2359296,0
1500,blocks.3.mlp.proj.weight,-82,0,2359296,0
1500,blocks.3.mlp.proj.weight,-81,0,2359296,0
1500,blocks.3.mlp.proj.weight,-80,0,2359296,0
1500,blocks.3.mlp.proj.weight,-79,0,2359296,0
1500,blocks.3.mlp.proj.weight,-78,0,2359296,0
1500,blocks.3.mlp.proj.weight,-77,0,2359296,0
1500,blocks.3.mlp.proj.weight,-76,0,2359296,0
1500,blocks.3.mlp.proj.weight,-75,0,2359296,0
1500,blocks.3.mlp.proj.weight,-74,0,2359296,0
1500,blocks.3.mlp.proj.weight,-73,0,2359296,0
1500,blocks.3.mlp.proj.weight,-72,0,2359296,0
1500,blocks.3.mlp.proj.weight,-71,0,2359296,0
1500,blocks.3.mlp.proj.weight,-70,0,2359296,0
1500,blocks.3.mlp.proj.weight,-69,0,2359296,0
1500,blocks.3.mlp.proj.weight,-68,0,2359296,0
1500,blocks.3.mlp.proj.weight,-67,0,2359296,0
1500,blocks.3.mlp.proj.weight,-66,0,2359296,0
1500,blocks.3.mlp.proj.weight,-65,0,2359296,0
1500,blocks.3.mlp.proj.weight,-64,0,2359296,0
1500,blocks.3.mlp.proj.weight,-63,0,2359296,0
1500,blocks.3.mlp.proj.weight,-62,0,2359296,0
1500,blocks.3.mlp.proj.weight,-61,0,2359296,0
1500,blocks.3.mlp.proj.weight,-60,0,2359296,0
1500,blocks.3.mlp.proj.weight,-59,0,2359296,0
1500,blocks.3.mlp.proj.weight,-58,0,2359296,0
1500,blocks.3.mlp.proj.weight,-57,0,2359296,0
1500,blocks.3.mlp.proj.weight,-56,0,2359296,0
1500,blocks.3.mlp.proj.weight,-55,0,2359296,0
1500,blocks.3.mlp.proj.weight,-54,0,2359296,0
1500,blocks.3.mlp.proj.weight,-53,0,2359296,0
1500,blocks.3.mlp.proj.weight,-52,0,2359296,0
1500,blocks.3.mlp.proj.weight,-51,0,2359296,0
1500,blocks.3.mlp.proj.weight,-50,0,2359296,0
1500,blocks.3.mlp.proj.weight,-49,0,2359296,0
1500,blocks.3.mlp.proj.weight,-48,0,2359296,0
1500,blocks.3.mlp.proj.weight,-47,0,2359296,0
1500,blocks.3.mlp.proj.weight,-46,0,2359296,0
1500,blocks.3.mlp.proj.weight,-45,0,2359296,0
1500,blocks.3.mlp.proj.weight,-44,0,2359296,0
1500,blocks.3.mlp.proj.weight,-43,0,2359296,0
1500,blocks.3.mlp.proj.weight,-42,0,2359296,0
1500,blocks.3.mlp.proj.weight,-41,0,2359296,0
1500,blocks.3.mlp.proj.weight,-40,0,2359296,0
1500,blocks.3.mlp.proj.weight,-39,0,2359296,0
1500,blocks.3.mlp.proj.weight,-38,0,2359296,0
1500,blocks.3.mlp.proj.weight,-37,0,2359296,0
1500,blocks.3.mlp.proj.weight,-36,0,2359296,0
1500,blocks.3.mlp.proj.weight,-35,0,2359296,0
1500,blocks.3.mlp.proj.weight,-34,1,2359296,0
1500,blocks.3.mlp.proj.weight,-33,0,2359296,0
1500,blocks.3.mlp.proj.weight,-32,3,2359296,0
1500,blocks.3.mlp.proj.weight,-31,9,2359296,0
1500,blocks.3.mlp.proj.weight,-30,44,2359296,0
1500,blocks.3.mlp.proj.weight,-29,48,2359296,0
1500,blocks.3.mlp.proj.weight,-28,20,2359296,0
1500,blocks.3.mlp.proj.weight,-27,1,2359296,0
1500,blocks.3.mlp.proj.weight,-26,0,2359296,0
1500,blocks.3.mlp.proj.weight,-25,0,2359296,0
1500,blocks.3.mlp.proj.weight,-24,0,2359296,0
1500,blocks.3.mlp.proj.weight,-23,0,2359296,0
1500,blocks.3.mlp.proj.weight,-22,1,2359296,0
1500,blocks.3.mlp.proj.weight,-21,0,2359296,0
1500,blocks.3.mlp.proj.weight,-20,0,2359296,0
1500,blocks.3.mlp.proj.weight,-19,2,2359296,0
1500,blocks.3.mlp.proj.weight,-18,15,2359296,0
1500,blocks.3.mlp.proj.weight,-17,41,2359296,0
1500,blocks.3.mlp.proj.weight,-16,142,2359296,0
1500,blocks.3.mlp.proj.weight,-15,302,2359296,0
1500,blocks.3.mlp.proj.weight,-14,566,2359296,0
1500,blocks.3.mlp.proj.weight,-13,1234,2359296,0
1500,blocks.3.mlp.proj.weight,-12,2573,2359296,0
1500,blocks.3.mlp.proj.weight,-11,5089,2359296,0
1500,blocks.3.mlp.proj.weight,-10,9963,2359296,0
1500,blocks.3.mlp.proj.weight,-9,20039,2359296,0
1500,blocks.3.mlp.proj.weight,-8,40165,2359296,0
1500,blocks.3.mlp.proj.weight,-7,79624,2359296,0
1500,blocks.3.mlp.proj.weight,-6,154566,2359296,0
1500,blocks.3.mlp.proj.weight,-5,294664,2359296,0
1500,blocks.3.mlp.proj.weight,-4,518817,2359296,0
1500,blocks.3.mlp.proj.weight,-3,711416,2359296,0
1500,blocks.3.mlp.proj.weight,-2,457132,2359296,0
1500,blocks.3.mlp.proj.weight,-1,59678,2359296,0
1500,blocks.3.mlp.proj.weight,0,2076,2359296,0
1500,blocks.3.mlp.proj.weight,1,534,2359296,0
1500,blocks.3.mlp.proj.weight,2,403,2359296,0
1500,blocks.3.mlp.proj.weight,3,125,2359296,0
1500,blocks.3.mlp.proj.weight,4,3,2359296,0
1500,blocks.3.mlp.proj.weight,5,0,2359296,0
1500,blocks.3.mlp.proj.weight,6,0,2359296,0
1500,blocks.3.mlp.proj.weight,7,0,2359296,0
1500,blocks.3.mlp.proj.weight,8,0,2359296,0
1500,blocks.3.mlp.proj.weight,9,0,2359296,0
1500,blocks.3.mlp.proj.weight,10,0,2359296,0
1500,blocks.3.mlp.proj.weight,11,0,2359296,0
1500,blocks.3.mlp.proj.weight,12,0,2359296,0
1500,blocks.3.mlp.proj.weight,13,0,2359296,0
1500,blocks.3.mlp.proj.weight,14,0,2359296,0
1500,blocks.3.mlp.proj.weight,15,0,2359296,0
1500,blocks.3.mlp.proj.weight,16,0,2359296,0
1500,blocks.3.mlp.proj.weight,17,0,2359296,0
1500,blocks.3.mlp.proj.weight,18,0,2359296,0
1500,blocks.3.mlp.proj.weight,19,0,2359296,0
1500,blocks.3.mlp.proj.weight,20,0,2359296,0
1500,blocks.3.mlp.proj.weight,21,0,2359296,0
1500,blocks.3.mlp.proj.weight,22,0,2359296,0
1500,blocks.3.mlp.proj.weight,23,0,2359296,0
1500,blocks.3.mlp.proj.weight,24,0,2359296,0
1500,blocks.3.mlp.proj.weight,25,0,2359296,0
1500,blocks.3.mlp.proj.weight,26,0,2359296,0
1500,blocks.3.mlp.proj.weight,27,0,2359296,0
1500,blocks.3.mlp.proj.weight,28,0,2359296,0
1500,blocks.3.mlp.proj.weight,29,0,2359296,0
1500,blocks.3.mlp.proj.weight,30,0,2359296,0
1500,blocks.3.mlp.proj.weight,31,0,2359296,0
1500,blocks.3.mlp.proj.weight,32,0,2359296,0
1500,blocks.3.mlp.proj.weight,33,0,2359296,0
1500,blocks.3.mlp.proj.weight,34,0,2359296,0
1500,blocks.3.mlp.proj.weight,35,0,2359296,0
1500,blocks.3.mlp.proj.weight,36,0,2359296,0
1500,blocks.3.mlp.proj.weight,37,0,2359296,0
1500,blocks.3.mlp.proj.weight,38,0,2359296,0
1500,blocks.3.mlp.proj.weight,39,0,2359296,0
1500,blocks.3.mlp.proj.weight,40,0,2359296,0
1500,blocks.3.mlp.proj.weight,41,0,2359296,0
1500,blocks.3.mlp.proj.weight,42,0,2359296,0
1500,blocks.3.mlp.proj.weight,43,0,2359296,0
1500,blocks.3.mlp.proj.weight,44,0,2359296,0
1500,blocks.3.mlp.proj.weight,45,0,2359296,0
1500,blocks.3.mlp.proj.weight,46,0,2359296,0
1500,blocks.3.mlp.proj.weight,47,0,2359296,0
1500,blocks.3.mlp.proj.weight,48,0,2359296,0
1500,blocks.3.mlp.proj.weight,49,0,2359296,0
1500,blocks.3.mlp.proj.weight,50,0,2359296,0
1500,blocks.3.mlp.proj.weight,51,0,2359296,0
1500,blocks.3.mlp.proj.weight,52,0,2359296,0
1500,blocks.3.mlp.proj.weight,53,0,2359296,0
1500,blocks.3.mlp.proj.weight,54,0,2359296,0
1500,blocks.3.mlp.proj.weight,55,0,2359296,0
1500,blocks.3.mlp.proj.weight,56,0,2359296,0
1500,blocks.3.mlp.proj.weight,57,0,2359296,0
1500,blocks.3.mlp.proj.weight,58,0,2359296,0
1500,blocks.3.mlp.proj.weight,59,0,2359296,0
1500,blocks.3.mlp.proj.weight,60,0,2359296,0
1500,blocks.3.mlp.proj.weight,61,0,2359296,0
1500,blocks.3.mlp.proj.weight,62,0,2359296,0
1500,blocks.3.mlp.proj.weight,63,0,2359296,0
1500,blocks.3.mlp.proj.weight,64,0,2359296,0
1500,blocks.3.mlp.proj.weight,65,0,2359296,0
1500,blocks.3.mlp.proj.weight,66,0,2359296,0
1500,blocks.3.mlp.proj.weight,67,0,2359296,0
1500,blocks.3.mlp.proj.weight,68,0,2359296,0
1500,blocks.3.mlp.proj.weight,69,0,2359296,0
1500,blocks.3.mlp.proj.weight,70,0,2359296,0
1500,blocks.3.mlp.proj.weight,71,0,2359296,0
1500,blocks.3.mlp.proj.weight,72,0,2359296,0
1500,blocks.3.mlp.proj.weight,73,0,2359296,0
1500,blocks.3.mlp.proj.weight,74,0,2359296,0
1500,blocks.3.mlp.proj.weight,75,0,2359296,0
1500,blocks.3.mlp.proj.weight,76,0,2359296,0
1500,blocks.3.mlp.proj.weight,77,0,2359296,0
1500,blocks.3.mlp.proj.weight,78,0,2359296,0
1500,blocks.3.mlp.proj.weight,79,0,2359296,0
1500,blocks.3.mlp.proj.weight,80,0,2359296,0
1500,blocks.3.mlp.proj.weight,81,0,2359296,0
1500,blocks.3.mlp.proj.weight,82,0,2359296,0
1500,blocks.3.mlp.proj.weight,83,0,2359296,0
1500,blocks.3.mlp.proj.weight,84,0,2359296,0
1500,blocks.3.mlp.proj.weight,85,0,2359296,0
1500,blocks.3.mlp.proj.weight,86,0,2359296,0
1500,blocks.3.mlp.proj.weight,87,0,2359296,0
1500,blocks.3.mlp.proj.weight,88,0,2359296,0
1500,blocks.3.mlp.proj.weight,89,0,2359296,0
1500,blocks.3.mlp.proj.weight,90,0,2359296,0
1500,blocks.3.mlp.proj.weight,91,0,2359296,0
1500,blocks.3.mlp.proj.weight,92,0,2359296,0
1500,blocks.3.mlp.proj.weight,93,0,2359296,0
1500,blocks.3.mlp.proj.weight,94,0,2359296,0
1500,blocks.3.mlp.proj.weight,95,0,2359296,0
1500,blocks.3.mlp.proj.weight,96,0,2359296,0
1500,blocks.3.mlp.proj.weight,97,0,2359296,0
1500,blocks.3.mlp.proj.weight,98,0,2359296,0
1500,blocks.3.mlp.proj.weight,99,0,2359296,0
1500,blocks.3.mlp.proj.weight,100,0,2359296,0
1500,blocks.3.mlp.proj.weight,101,0,2359296,0
1500,blocks.3.mlp.proj.weight,102,0,2359296,0
1500,blocks.3.mlp.proj.weight,103,0,2359296,0
1500,blocks.3.mlp.proj.weight,104,0,2359296,0
1500,blocks.3.mlp.proj.weight,105,0,2359296,0
1500,blocks.3.mlp.proj.weight,106,0,2359296,0
1500,blocks.3.mlp.proj.weight,107,0,2359296,0
1500,blocks.3.mlp.proj.weight,108,0,2359296,0
1500,blocks.3.mlp.proj.weight,109,0,2359296,0
1500,blocks.3.mlp.proj.weight,110,0,2359296,0
1500,blocks.3.mlp.proj.weight,111,0,2359296,0
1500,blocks.3.mlp.proj.weight,112,0,2359296,0
1500,blocks.3.mlp.proj.weight,113,0,2359296,0
1500,blocks.3.mlp.proj.weight,114,0,2359296,0
1500,blocks.3.mlp.proj.weight,115,0,2359296,0
1500,blocks.3.mlp.proj.weight,116,0,2359296,0
1500,blocks.3.mlp.proj.weight,117,0,2359296,0
1500,blocks.3.mlp.proj.weight,118,0,2359296,0
1500,blocks.3.mlp.proj.weight,119,0,2359296,0
1500,blocks.3.mlp.proj.weight,120,0,2359296,0
1500,blocks.3.mlp.proj.weight,121,0,2359296,0
1500,blocks.3.mlp.proj.weight,122,0,2359296,0
1500,blocks.3.mlp.proj.weight,123,0,2359296,0
1500,blocks.3.mlp.proj.weight,124,0,2359296,0
1500,blocks.3.mlp.proj.weight,125,0,2359296,0
1500,blocks.3.mlp.proj.weight,126,0,2359296,0
1500,blocks.3.mlp.proj.weight,127,0,2359296,0
1500,blocks.3.mlp.proj.weight,128,0,2359296,0
1500,blocks.4.mlp.fc.weight,-127,0,2359296,0
1500,blocks.4.mlp.fc.weight,-126,0,2359296,0
1500,blocks.4.mlp.fc.weight,-125,0,2359296,0
1500,blocks.4.mlp.fc.weight,-124,0,2359296,0
1500,blocks.4.mlp.fc.weight,-123,0,2359296,0
1500,blocks.4.mlp.fc.weight,-122,0,2359296,0
1500,blocks.4.mlp.fc.weight,-121,0,2359296,0
1500,blocks.4.mlp.fc.weight,-120,0,2359296,0
1500,blocks.4.mlp.fc.weight,-119,0,2359296,0
1500,blocks.4.mlp.fc.weight,-118,0,2359296,0
1500,blocks.4.mlp.fc.weight,-117,0,2359296,0
1500,blocks.4.mlp.fc.weight,-116,0,2359296,0
1500,blocks.4.mlp.fc.weight,-115,0,2359296,0
1500,blocks.4.mlp.fc.weight,-114,0,2359296,0
1500,blocks.4.mlp.fc.weight,-113,0,2359296,0
1500,blocks.4.mlp.fc.weight,-112,0,2359296,0
1500,blocks.4.mlp.fc.weight,-111,0,2359296,0
1500,blocks.4.mlp.fc.weight,-110,0,2359296,0
1500,blocks.4.mlp.fc.weight,-109,0,2359296,0
1500,blocks.4.mlp.fc.weight,-108,0,2359296,0
1500,blocks.4.mlp.fc.weight,-107,0,2359296,0
1500,blocks.4.mlp.fc.weight,-106,0,2359296,0
1500,blocks.4.mlp.fc.weight,-105,0,2359296,0
1500,blocks.4.mlp.fc.weight,-104,0,2359296,0
1500,blocks.4.mlp.fc.weight,-103,0,2359296,0
1500,blocks.4.mlp.fc.weight,-102,0,2359296,0
1500,blocks.4.mlp.fc.weight,-101,0,2359296,0
1500,blocks.4.mlp.fc.weight,-100,0,2359296,0
1500,blocks.4.mlp.fc.weight,-99,0,2359296,0
1500,blocks.4.mlp.fc.weight,-98,0,2359296,0
1500,blocks.4.mlp.fc.weight,-97,0,2359296,0
1500,blocks.4.mlp.fc.weight,-96,0,2359296,0
1500,blocks.4.mlp.fc.weight,-95,0,2359296,0
1500,blocks.4.mlp.fc.weight,-94,0,2359296,0
1500,blocks.4.mlp.fc.weight,-93,0,2359296,0
1500,blocks.4.mlp.fc.weight,-92,0,2359296,0
1500,blocks.4.mlp.fc.weight,-91,0,2359296,0
1500,blocks.4.mlp.fc.weight,-90,0,2359296,0
1500,blocks.4.mlp.fc.weight,-89,0,2359296,0
1500,blocks.4.mlp.fc.weight,-88,0,2359296,0
1500,blocks.4.mlp.fc.weight,-87,0,2359296,0
1500,blocks.4.mlp.fc.weight,-86,0,2359296,0
1500,blocks.4.mlp.fc.weight,-85,0,2359296,0
1500,blocks.4.mlp.fc.weight,-84,0,2359296,0
1500,blocks.4.mlp.fc.weight,-83,0,2359296,0
1500,blocks.4.mlp.fc.weight,-82,0,2359296,0
1500,blocks.4.mlp.fc.weight,-81,0,2359296,0
1500,blocks.4.mlp.fc.weight,-80,0,2359296,0
1500,blocks.4.mlp.fc.weight,-79,0,2359296,0
1500,blocks.4.mlp.fc.weight,-78,0,2359296,0
1500,blocks.4.mlp.fc.weight,-77,0,2359296,0
1500,blocks.4.mlp.fc.weight,-76,0,2359296,0
1500,blocks.4.mlp.fc.weight,-75,0,2359296,0
1500,blocks.4.mlp.fc.weight,-74,0,2359296,0
1500,blocks.4.mlp.fc.weight,-73,0,2359296,0
1500,blocks.4.mlp.fc.weight,-72,0,2359296,0
1500,blocks.4.mlp.fc.weight,-71,0,2359296,0
1500,blocks.4.mlp.fc.weight,-70,0,2359296,0
1500,blocks.4.mlp.fc.weight,-69,0,2359296,0
1500,blocks.4.mlp.fc.weight,-68,0,2359296,0
1500,blocks.4.mlp.fc.weight,-67,0,2359296,0
1500,blocks.4.mlp.fc.weight,-66,0,2359296,0
1500,blocks.4.mlp.fc.weight,-65,0,2359296,0
1500,blocks.4.mlp.fc.weight,-64,0,2359296,0
1500,blocks.4.mlp.fc.weight,-63,0,2359296,0
1500,blocks.4.mlp.fc.weight,-62,0,2359296,0
1500,blocks.4.mlp.fc.weight,-61,0,2359296,0
1500,blocks.4.mlp.fc.weight,-60,0,2359296,0
1500,blocks.4.mlp.fc.weight,-59,0,2359296,0
1500,blocks.4.mlp.fc.weight,-58,0,2359296,0
1500,blocks.4.mlp.fc.weight,-57,0,2359296,0
1500,blocks.4.mlp.fc.weight,-56,0,2359296,0
1500,blocks.4.mlp.fc.weight,-55,0,2359296,0
1500,blocks.4.mlp.fc.weight,-54,0,2359296,0
1500,blocks.4.mlp.fc.weight,-53,0,2359296,0
1500,blocks.4.mlp.fc.weight,-52,0,2359296,0
1500,blocks.4.mlp.fc.weight,-51,0,2359296,0
1500,blocks.4.mlp.fc.weight,-50,0,2359296,0
1500,blocks.4.mlp.fc.weight,-49,0,2359296,0
1500,blocks.4.mlp.fc.weight,-48,0,2359296,0
1500,blocks.4.mlp.fc.weight,-47,0,2359296,0
1500,blocks.4.mlp.fc.weight,-46,0,2359296,0
1500,blocks.4.mlp.fc.weight,-45,0,2359296,0
1500,blocks.4.mlp.fc.weight,-44,0,2359296,0
1500,blocks.4.mlp.fc.weight,-43,0,2359296,0
1500,blocks.4.mlp.fc.weight,-42,0,2359296,0
1500,blocks.4.mlp.fc.weight,-41,0,2359296,0
1500,blocks.4.mlp.fc.weight,-40,0,2359296,0
1500,blocks.4.mlp.fc.weight,-39,0,2359296,0
1500,blocks.4.mlp.fc.weight,-38,0,2359296,0
1500,blocks.4.mlp.fc.weight,-37,1,2359296,0
1500,blocks.4.mlp.fc.weight,-36,0,2359296,0
1500,blocks.4.mlp.fc.weight,-35,0,2359296,0
1500,blocks.4.mlp.fc.weight,-34,3,2359296,0
1500,blocks.4.mlp.fc.weight,-33,3,2359296,0
1500,blocks.4.mlp.fc.weight,-32,9,2359296,0
1500,blocks.4.mlp.fc.weight,-31,26,2359296,0
1500,blocks.4.mlp.fc.weight,-30,37,2359296,0
1500,blocks.4.mlp.fc.weight,-29,22,2359296,0
1500,blocks.4.mlp.fc.weight,-28,6,2359296,0
1500,blocks.4.mlp.fc.weight,-27,0,2359296,0
1500,blocks.4.mlp.fc.weight,-26,0,2359296,0
1500,blocks.4.mlp.fc.weight,-25,0,2359296,0
1500,blocks.4.mlp.fc.weight,-24,0,2359296,0
1500,blocks.4.mlp.fc.weight,-23,0,2359296,0
1500,blocks.4.mlp.fc.weight,-22,0,2359296,0
1500,blocks.4.mlp.fc.weight,-21,1,2359296,0
1500,blocks.4.mlp.fc.weight,-20,4,2359296,0
1500,blocks.4.mlp.fc.weight,-19,10,2359296,0
1500,blocks.4.mlp.fc.weight,-18,48,2359296,0
1500,blocks.4.mlp.fc.weight,-17,121,2359296,0
1500,blocks.4.mlp.fc.weight,-16,265,2359296,0
1500,blocks.4.mlp.fc.weight,-15,477,2359296,0
1500,blocks.4.mlp.fc.weight,-14,982,2359296,0
1500,blocks.4.mlp.fc.weight,-13,2148,2359296,0
1500,blocks.4.mlp.fc.weight,-12,4175,2359296,0
1500,blocks.4.mlp.fc.weight,-11,8434,2359296,0
1500,blocks.4.mlp.fc.weight,-10,16666,2359296,0
1500,blocks.4.mlp.fc.weight,-9,32879,2359296,0
1500,blocks.4.mlp.fc.weight,-8,64519,2359296,0
1500,blocks.4.mlp.fc.weight,-7,124508,2359296,0
1500,blocks.4.mlp.fc.weight,-6,232707,2359296,0
1500,blocks.4.mlp.fc.weight,-5,419856,2359296,0
1500,blocks.4.mlp.fc.weight,-4,642127,2359296,0
1500,blocks.4.mlp.fc.weight,-3,584260,2359296,0
1500,blocks.4.mlp.fc.weight,-2,195782,2359296,0
1500,blocks.4.mlp.fc.weight,-1,27304,2359296,0
1500,blocks.4.mlp.fc.weight,0,1893,2359296,0
1500,blocks.4.mlp.fc.weight,1,23,2359296,0
1500,blocks.4.mlp.fc.weight,2,0,2359296,0
1500,blocks.4.mlp.fc.weight,3,0,2359296,0
1500,blocks.4.mlp.fc.weight,4,0,2359296,0
1500,blocks.4.mlp.fc.weight,5,0,2359296,0
1500,blocks.4.mlp.fc.weight,6,0,2359296,0
1500,blocks.4.mlp.fc.weight,7,0,2359296,0
1500,blocks.4.mlp.fc.weight,8,0,2359296,0
1500,blocks.4.mlp.fc.weight,9,0,2359296,0
1500,blocks.4.mlp.fc.weight,10,0,2359296,0
1500,blocks.4.mlp.fc.weight,11,0,2359296,0
1500,blocks.4.mlp.fc.weight,12,0,2359296,0
1500,blocks.4.mlp.fc.weight,13,0,2359296,0
1500,blocks.4.mlp.fc.weight,14,0,2359296,0
1500,blocks.4.mlp.fc.weight,15,0,2359296,0
1500,blocks.4.mlp.fc.weight,16,0,2359296,0
1500,blocks.4.mlp.fc.weight,17,0,2359296,0
1500,blocks.4.mlp.fc.weight,18,0,2359296,0
1500,blocks.4.mlp.fc.weight,19,0,2359296,0
1500,blocks.4.mlp.fc.weight,20,0,2359296,0
1500,blocks.4.mlp.fc.weight,21,0,2359296,0
1500,blocks.4.mlp.fc.weight,22,0,2359296,0
1500,blocks.4.mlp.fc.weight,23,0,2359296,0
1500,blocks.4.mlp.fc.weight,24,0,2359296,0
1500,blocks.4.mlp.fc.weight,25,0,2359296,0
1500,blocks.4.mlp.fc.weight,26,0,2359296,0
1500,blocks.4.mlp.fc.weight,27,0,2359296,0
1500,blocks.4.mlp.fc.weight,28,0,2359296,0
1500,blocks.4.mlp.fc.weight,29,0,2359296,0
1500,blocks.4.mlp.fc.weight,30,0,2359296,0
1500,blocks.4.mlp.fc.weight,31,0,2359296,0
1500,blocks.4.mlp.fc.weight,32,0,2359296,0
1500,blocks.4.mlp.fc.weight,33,0,2359296,0
1500,blocks.4.mlp.fc.weight,34,0,2359296,0
1500,blocks.4.mlp.fc.weight,35,0,2359296,0
1500,blocks.4.mlp.fc.weight,36,0,2359296,0
1500,blocks.4.mlp.fc.weight,37,0,2359296,0
1500,blocks.4.mlp.fc.weight,38,0,2359296,0
1500,blocks.4.mlp.fc.weight,39,0,2359296,0
1500,blocks.4.mlp.fc.weight,40,0,2359296,0
1500,blocks.4.mlp.fc.weight,41,0,2359296,0
1500,blocks.4.mlp.fc.weight,42,0,2359296,0
1500,blocks.4.mlp.fc.weight,43,0,2359296,0
1500,blocks.4.mlp.fc.weight,44,0,2359296,0
1500,blocks.4.mlp.fc.weight,45,0,2359296,0
1500,blocks.4.mlp.fc.weight,46,0,2359296,0
1500,blocks.4.mlp.fc.weight,47,0,2359296,0
1500,blocks.4.mlp.fc.weight,48,0,2359296,0
1500,blocks.4.mlp.fc.weight,49,0,2359296,0
1500,blocks.4.mlp.fc.weight,50,0,2359296,0
1500,blocks.4.mlp.fc.weight,51,0,2359296,0
1500,blocks.4.mlp.fc.weight,52,0,2359296,0
1500,blocks.4.mlp.fc.weight,53,0,2359296,0
1500,blocks.4.mlp.fc.weight,54,0,2359296,0
1500,blocks.4.mlp.fc.weight,55,0,2359296,0
1500,blocks.4.mlp.fc.weight,56,0,2359296,0
1500,blocks.4.mlp.fc.weight,57,0,2359296,0
1500,blocks.4.mlp.fc.weight,58,0,2359296,0
1500,blocks.4.mlp.fc.weight,59,0,2359296,0
1500,blocks.4.mlp.fc.weight,60,0,2359296,0
1500,blocks.4.mlp.fc.weight,61,0,2359296,0
1500,blocks.4.mlp.fc.weight,62,0,2359296,0
1500,blocks.4.mlp.fc.weight,63,0,2359296,0
1500,blocks.4.mlp.fc.weight,64,0,2359296,0
1500,blocks.4.mlp.fc.weight,65,0,2359296,0
1500,blocks.4.mlp.fc.weight,66,0,2359296,0
1500,blocks.4.mlp.fc.weight,67,0,2359296,0
1500,blocks.4.mlp.fc.weight,68,0,2359296,0
1500,blocks.4.mlp.fc.weight,69,0,2359296,0
1500,blocks.4.mlp.fc.weight,70,0,2359296,0
1500,blocks.4.mlp.fc.weight,71,0,2359296,0
1500,blocks.4.mlp.fc.weight,72,0,2359296,0
1500,blocks.4.mlp.fc.weight,73,0,2359296,0
1500,blocks.4.mlp.fc.weight,74,0,2359296,0
1500,blocks.4.mlp.fc.weight,75,0,2359296,0
1500,blocks.4.mlp.fc.weight,76,0,2359296,0
1500,blocks.4.mlp.fc.weight,77,0,2359296,0
1500,blocks.4.mlp.fc.weight,78,0,2359296,0
1500,blocks.4.mlp.fc.weight,79,0,2359296,0
1500,blocks.4.mlp.fc.weight,80,0,2359296,0
1500,blocks.4.mlp.fc.weight,81,0,2359296,0
1500,blocks.4.mlp.fc.weight,82,0,2359296,0
1500,blocks.4.mlp.fc.weight,83,0,2359296,0
1500,blocks.4.mlp.fc.weight,84,0,2359296,0
1500,blocks.4.mlp.fc.weight,85,0,2359296,0
1500,blocks.4.mlp.fc.weight,86,0,2359296,0
1500,blocks.4.mlp.fc.weight,87,0,2359296,0
1500,blocks.4.mlp.fc.weight,88,0,2359296,0
1500,blocks.4.mlp.fc.weight,89,0,2359296,0
1500,blocks.4.mlp.fc.weight,90,0,2359296,0
1500,blocks.4.mlp.fc.weight,91,0,2359296,0
1500,blocks.4.mlp.fc.weight,92,0,2359296,0
1500,blocks.4.mlp.fc.weight,93,0,2359296,0
1500,blocks.4.mlp.fc.weight,94,0,2359296,0
1500,blocks.4.mlp.fc.weight,95,0,2359296,0
1500,blocks.4.mlp.fc.weight,96,0,2359296,0
1500,blocks.4.mlp.fc.weight,97,0,2359296,0
1500,blocks.4.mlp.fc.weight,98,0,2359296,0
1500,blocks.4.mlp.fc.weight,99,0,2359296,0
1500,blocks.4.mlp.fc.weight,100,0,2359296,0
1500,blocks.4.mlp.fc.weight,101,0,2359296,0
1500,blocks.4.mlp.fc.weight,102,0,2359296,0
1500,blocks.4.mlp.fc.weight,103,0,2359296,0
1500,blocks.4.mlp.fc.weight,104,0,2359296,0
1500,blocks.4.mlp.fc.weight,105,0,2359296,0
1500,blocks.4.mlp.fc.weight,106,0,2359296,0
1500,blocks.4.mlp.fc.weight,107,0,2359296,0
1500,blocks.4.mlp.fc.weight,108,0,2359296,0
1500,blocks.4.mlp.fc.weight,109,0,2359296,0
1500,blocks.4.mlp.fc.weight,110,0,2359296,0
1500,blocks.4.mlp.fc.weight,111,0,2359296,0
1500,blocks.4.mlp.fc.weight,112,0,2359296,0
1500,blocks.4.mlp.fc.weight,113,0,2359296,0
1500,blocks.4.mlp.fc.weight,114,0,2359296,0
1500,blocks.4.mlp.fc.weight,115,0,2359296,0
1500,blocks.4.mlp.fc.weight,116,0,2359296,0
1500,blocks.4.mlp.fc.weight,117,0,2359296,0
1500,blocks.4.mlp.fc.weight,118,0,2359296,0
1500,blocks.4.mlp.fc.weight,119,0,2359296,0
1500,blocks.4.mlp.fc.weight,120,0,2359296,0
1500,blocks.4.mlp.fc.weight,121,0,2359296,0
1500,blocks.4.mlp.fc.weight,122,0,2359296,0
1500,blocks.4.mlp.fc.weight,123,0,2359296,0
1500,blocks.4.mlp.fc.weight,124,0,2359296,0
1500,blocks.4.mlp.fc.weight,125,0,2359296,0
1500,blocks.4.mlp.fc.weight,126,0,2359296,0
1500,blocks.4.mlp.fc.weight,127,0,2359296,0
1500,blocks.4.mlp.fc.weight,128,0,2359296,0
1500,blocks.4.mlp.proj.weight,-127,0,2359296,0
1500,blocks.4.mlp.proj.weight,-126,0,2359296,0
1500,blocks.4.mlp.proj.weight,-125,0,2359296,0
1500,blocks.4.mlp.proj.weight,-124,0,2359296,0
1500,blocks.4.mlp.proj.weight,-123,0,2359296,0
1500,blocks.4.mlp.proj.weight,-122,0,2359296,0
1500,blocks.4.mlp.proj.weight,-121,0,2359296,0
1500,blocks.4.mlp.proj.weight,-120,0,2359296,0
1500,blocks.4.mlp.proj.weight,-119,0,2359296,0
1500,blocks.4.mlp.proj.weight,-118,0,2359296,0
1500,blocks.4.mlp.proj.weight,-117,0,2359296,0
1500,blocks.4.mlp.proj.weight,-116,0,2359296,0
1500,blocks.4.mlp.proj.weight,-115,0,2359296,0
1500,blocks.4.mlp.proj.weight,-114,0,2359296,0
1500,blocks.4.mlp.proj.weight,-113,0,2359296,0
1500,blocks.4.mlp.proj.weight,-112,0,2359296,0
1500,blocks.4.mlp.proj.weight,-111,0,2359296,0
1500,blocks.4.mlp.proj.weight,-110,0,2359296,0
1500,blocks.4.mlp.proj.weight,-109,0,2359296,0
1500,blocks.4.mlp.proj.weight,-108,0,2359296,0
1500,blocks.4.mlp.proj.weight,-107,0,2359296,0
1500,blocks.4.mlp.proj.weight,-106,0,2359296,0
1500,blocks.4.mlp.proj.weight,-105,0,2359296,0
1500,blocks.4.mlp.proj.weight,-104,0,2359296,0
1500,blocks.4.mlp.proj.weight,-103,0,2359296,0
1500,blocks.4.mlp.proj.weight,-102,0,2359296,0
1500,blocks.4.mlp.proj.weight,-101,0,2359296,0
1500,blocks.4.mlp.proj.weight,-100,0,2359296,0
1500,blocks.4.mlp.proj.weight,-99,0,2359296,0
1500,blocks.4.mlp.proj.weight,-98,0,2359296,0
1500,blocks.4.mlp.proj.weight,-97,0,2359296,0
1500,blocks.4.mlp.proj.weight,-96,0,2359296,0
1500,blocks.4.mlp.proj.weight,-95,0,2359296,0
1500,blocks.4.mlp.proj.weight,-94,0,2359296,0
1500,blocks.4.mlp.proj.weight,-93,0,2359296,0
1500,blocks.4.mlp.proj.weight,-92,0,2359296,0
1500,blocks.4.mlp.proj.weight,-91,0,2359296,0
1500,blocks.4.mlp.proj.weight,-90,0,2359296,0
1500,blocks.4.mlp.proj.weight,-89,0,2359296,0
1500,blocks.4.mlp.proj.weight,-88,0,2359296,0
1500,blocks.4.mlp.proj.weight,-87,0,2359296,0
1500,blocks.4.mlp.proj.weight,-86,0,2359296,0
1500,blocks.4.mlp.proj.weight,-85,0,2359296,0
1500,blocks.4.mlp.proj.weight,-84,0,2359296,0
1500,blocks.4.mlp.proj.weight,-83,0,2359296,0
1500,blocks.4.mlp.proj.weight,-82,0,2359296,0
1500,blocks.4.mlp.proj.weight,-81,0,2359296,0
1500,blocks.4.mlp.proj.weight,-80,0,2359296,0
1500,blocks.4.mlp.proj.weight,-79,0,2359296,0
1500,blocks.4.mlp.proj.weight,-78,0,2359296,0
1500,blocks.4.mlp.proj.weight,-77,0,2359296,0
1500,blocks.4.mlp.proj.weight,-76,0,2359296,0
1500,blocks.4.mlp.proj.weight,-75,0,2359296,0
1500,blocks.4.mlp.proj.weight,-74,0,2359296,0
1500,blocks.4.mlp.proj.weight,-73,0,2359296,0
1500,blocks.4.mlp.proj.weight,-72,0,2359296,0
1500,blocks.4.mlp.proj.weight,-71,0,2359296,0
1500,blocks.4.mlp.proj.weight,-70,0,2359296,0
1500,blocks.4.mlp.proj.weight,-69,0,2359296,0
1500,blocks.4.mlp.proj.weight,-68,0,2359296,0
1500,blocks.4.mlp.proj.weight,-67,0,2359296,0
1500,blocks.4.mlp.proj.weight,-66,0,2359296,0
1500,blocks.4.mlp.proj.weight,-65,0,2359296,0
1500,blocks.4.mlp.proj.weight,-64,0,2359296,0
1500,blocks.4.mlp.proj.weight,-63,0,2359296,0
1500,blocks.4.mlp.proj.weight,-62,0,2359296,0
1500,blocks.4.mlp.proj.weight,-61,0,2359296,0
1500,blocks.4.mlp.proj.weight,-60,0,2359296,0
1500,blocks.4.mlp.proj.weight,-59,0,2359296,0
1500,blocks.4.mlp.proj.weight,-58,0,2359296,0
1500,blocks.4.mlp.proj.weight,-57,0,2359296,0
1500,blocks.4.mlp.proj.weight,-56,0,2359296,0
1500,blocks.4.mlp.proj.weight,-55,0,2359296,0
1500,blocks.4.mlp.proj.weight,-54,0,2359296,0
1500,blocks.4.mlp.proj.weight,-53,0,2359296,0
1500,blocks.4.mlp.proj.weight,-52,0,2359296,0
1500,blocks.4.mlp.proj.weight,-51,0,2359296,0
1500,blocks.4.mlp.proj.weight,-50,0,2359296,0
1500,blocks.4.mlp.proj.weight,-49,0,2359296,0
1500,blocks.4.mlp.proj.weight,-48,0,2359296,0
1500,blocks.4.mlp.proj.weight,-47,0,2359296,0
1500,blocks.4.mlp.proj.weight,-46,0,2359296,0
1500,blocks.4.mlp.proj.weight,-45,0,2359296,0
1500,blocks.4.mlp.proj.weight,-44,0,2359296,0
1500,blocks.4.mlp.proj.weight,-43,0,2359296,0
1500,blocks.4.mlp.proj.weight,-42,0,2359296,0
1500,blocks.4.mlp.proj.weight,-41,0,2359296,0
1500,blocks.4.mlp.proj.weight,-40,0,2359296,0
1500,blocks.4.mlp.proj.weight,-39,0,2359296,0
1500,blocks.4.mlp.proj.weight,-38,0,2359296,0
1500,blocks.4.mlp.proj.weight,-37,0,2359296,0
1500,blocks.4.mlp.proj.weight,-36,0,2359296,0
1500,blocks.4.mlp.proj.weight,-35,0,2359296,0
1500,blocks.4.mlp.proj.weight,-34,1,2359296,0
1500,blocks.4.mlp.proj.weight,-33,2,2359296,0
1500,blocks.4.mlp.proj.weight,-32,4,2359296,0
1500,blocks.4.mlp.proj.weight,-31,14,2359296,0
1500,blocks.4.mlp.proj.weight,-30,47,2359296,0
1500,blocks.4.mlp.proj.weight,-29,47,2359296,0
1500,blocks.4.mlp.proj.weight,-28,5,2359296,0
1500,blocks.4.mlp.proj.weight,-27,0,2359296,0
1500,blocks.4.mlp.proj.weight,-26,0,2359296,0
1500,blocks.4.mlp.proj.weight,-25,0,2359296,0
1500,blocks.4.mlp.proj.weight,-24,0,2359296,0
1500,blocks.4.mlp.proj.weight,-23,0,2359296,0
1500,blocks.4.mlp.proj.weight,-22,0,2359296,0
1500,blocks.4.mlp.proj.weight,-21,0,2359296,0
1500,blocks.4.mlp.proj.weight,-20,1,2359296,0
1500,blocks.4.mlp.proj.weight,-19,8,2359296,0
1500,blocks.4.mlp.proj.weight,-18,13,2359296,0
1500,blocks.4.mlp.proj.weight,-17,61,2359296,0
1500,blocks.4.mlp.proj.weight,-16,185,2359296,0
1500,blocks.4.mlp.proj.weight,-15,322,2359296,0
1500,blocks.4.mlp.proj.weight,-14,632,2359296,0
1500,blocks.4.mlp.proj.weight,-13,1251,2359296,0
1500,blocks.4.mlp.proj.weight,-12,2686,2359296,0
1500,blocks.4.mlp.proj.weight,-11,5360,2359296,0
1500,blocks.4.mlp.proj.weight,-10,10682,2359296,0
1500,blocks.4.mlp.proj.weight,-9,21316,2359296,0
1500,blocks.4.mlp.proj.weight,-8,42474,2359296,0
1500,blocks.4.mlp.proj.weight,-7,83835,2359296,0
1500,blocks.4.mlp.proj.weight,-6,162611,2359296,0
1500,blocks.4.mlp.proj.weight,-5,304380,2359296,0
1500,blocks.4.mlp.proj.weight,-4,533975,2359296,0
1500,blocks.4.mlp.proj.weight,-3,718226,2359296,0
1500,blocks.4.mlp.proj.weight,-2,424113,2359296,0
1500,blocks.4.mlp.proj.weight,-1,45333,2359296,0
1500,blocks.4.mlp.proj.weight,0,1065,2359296,0
1500,blocks.4.mlp.proj.weight,1,259,2359296,0
1500,blocks.4.mlp.proj.weight,2,240,2359296,0
1500,blocks.4.mlp.proj.weight,3,143,2359296,0
1500,blocks.4.mlp.proj.weight,4,5,2359296,0
1500,blocks.4.mlp.proj.weight,5,0,2359296,0
1500,blocks.4.mlp.proj.weight,6,0,2359296,0
1500,blocks.4.mlp.proj.weight,7,0,2359296,0
1500,blocks.4.mlp.proj.weight,8,0,2359296,0
1500,blocks.4.mlp.proj.weight,9,0,2359296,0
1500,blocks.4.mlp.proj.weight,10,0,2359296,0
1500,blocks.4.mlp.proj.weight,11,0,2359296,0
1500,blocks.4.mlp.proj.weight,12,0,2359296,0
1500,blocks.4.mlp.proj.weight,13,0,2359296,0
1500,blocks.4.mlp.proj.weight,14,0,2359296,0
1500,blocks.4.mlp.proj.weight,15,0,2359296,0
1500,blocks.4.mlp.proj.weight,16,0,2359296,0
1500,blocks.4.mlp.proj.weight,17,0,2359296,0
1500,blocks.4.mlp.proj.weight,18,0,2359296,0
1500,blocks.4.mlp.proj.weight,19,0,2359296,0
1500,blocks.4.mlp.proj.weight,20,0,2359296,0
1500,blocks.4.mlp.proj.weight,21,0,2359296,0
1500,blocks.4.mlp.proj.weight,22,0,2359296,0
1500,blocks.4.mlp.proj.weight,23,0,2359296,0
1500,blocks.4.mlp.proj.weight,24,0,2359296,0
1500,blocks.4.mlp.proj.weight,25,0,2359296,0
1500,blocks.4.mlp.proj.weight,26,0,2359296,0
1500,blocks.4.mlp.proj.weight,27,0,2359296,0
1500,blocks.4.mlp.proj.weight,28,0,2359296,0
1500,blocks.4.mlp.proj.weight,29,0,2359296,0
1500,blocks.4.mlp.proj.weight,30,0,2359296,0
1500,blocks.4.mlp.proj.weight,31,0,2359296,0
1500,blocks.4.mlp.proj.weight,32,0,2359296,0
1500,blocks.4.mlp.proj.weight,33,0,2359296,0
1500,blocks.4.mlp.proj.weight,34,0,2359296,0
1500,blocks.4.mlp.proj.weight,35,0,2359296,0
1500,blocks.4.mlp.proj.weight,36,0,2359296,0
1500,blocks.4.mlp.proj.weight,37,0,2359296,0
1500,blocks.4.mlp.proj.weight,38,0,2359296,0
1500,blocks.4.mlp.proj.weight,39,0,2359296,0
1500,blocks.4.mlp.proj.weight,40,0,2359296,0
1500,blocks.4.mlp.proj.weight,41,0,2359296,0
1500,blocks.4.mlp.proj.weight,42,0,2359296,0
1500,blocks.4.mlp.proj.weight,43,0,2359296,0
1500,blocks.4.mlp.proj.weight,44,0,2359296,0
1500,blocks.4.mlp.proj.weight,45,0,2359296,0
1500,blocks.4.mlp.proj.weight,46,0,2359296,0
1500,blocks.4.mlp.proj.weight,47,0,2359296,0
1500,blocks.4.mlp.proj.weight,48,0,2359296,0
1500,blocks.4.mlp.proj.weight,49,0,2359296,0
1500,blocks.4.mlp.proj.weight,50,0,2359296,0
1500,blocks.4.mlp.proj.weight,51,0,2359296,0
1500,blocks.4.mlp.proj.weight,52,0,2359296,0
1500,blocks.4.mlp.proj.weight,53,0,2359296,0
1500,blocks.4.mlp.proj.weight,54,0,2359296,0
1500,blocks.4.mlp.proj.weight,55,0,2359296,0
1500,blocks.4.mlp.proj.weight,56,0,2359296,0
1500,blocks.4.mlp.proj.weight,57,0,2359296,0
1500,blocks.4.mlp.proj.weight,58,0,2359296,0
1500,blocks.4.mlp.proj.weight,59,0,2359296,0
1500,blocks.4.mlp.proj.weight,60,0,2359296,0
1500,blocks.4.mlp.proj.weight,61,0,2359296,0
1500,blocks.4.mlp.proj.weight,62,0,2359296,0
1500,blocks.4.mlp.proj.weight,63,0,2359296,0
1500,blocks.4.mlp.proj.weight,64,0,2359296,0
1500,blocks.4.mlp.proj.weight,65,0,2359296,0
1500,blocks.4.mlp.proj.weight,66,0,2359296,0
1500,blocks.4.mlp.proj.weight,67,0,2359296,0
1500,blocks.4.mlp.proj.weight,68,0,2359296,0
1500,blocks.4.mlp.proj.weight,69,0,2359296,0
1500,blocks.4.mlp.proj.weight,70,0,2359296,0
1500,blocks.4.mlp.proj.weight,71,0,2359296,0
1500,blocks.4.mlp.proj.weight,72,0,2359296,0
1500,blocks.4.mlp.proj.weight,73,0,2359296,0
1500,blocks.4.mlp.proj.weight,74,0,2359296,0
1500,blocks.4.mlp.proj.weight,75,0,2359296,0
1500,blocks.4.mlp.proj.weight,76,0,2359296,0
1500,blocks.4.mlp.proj.weight,77,0,2359296,0
1500,blocks.4.mlp.proj.weight,78,0,2359296,0
1500,blocks.4.mlp.proj.weight,79,0,2359296,0
1500,blocks.4.mlp.proj.weight,80,0,2359296,0
1500,blocks.4.mlp.proj.weight,81,0,2359296,0
1500,blocks.4.mlp.proj.weight,82,0,2359296,0
1500,blocks.4.mlp.proj.weight,83,0,2359296,0
1500,blocks.4.mlp.proj.weight,84,0,2359296,0
1500,blocks.4.mlp.proj.weight,85,0,2359296,0
1500,blocks.4.mlp.proj.weight,86,0,2359296,0
1500,blocks.4.mlp.proj.weight,87,0,2359296,0
1500,blocks.4.mlp.proj.weight,88,0,2359296,0
1500,blocks.4.mlp.proj.weight,89,0,2359296,0
1500,blocks.4.mlp.proj.weight,90,0,2359296,0
1500,blocks.4.mlp.proj.weight,91,0,2359296,0
1500,blocks.4.mlp.proj.weight,92,0,2359296,0
1500,blocks.4.mlp.proj.weight,93,0,2359296,0
1500,blocks.4.mlp.proj.weight,94,0,2359296,0
1500,blocks.4.mlp.proj.weight,95,0,2359296,0
1500,blocks.4.mlp.proj.weight,96,0,2359296,0
1500,blocks.4.mlp.proj.weight,97,0,2359296,0
1500,blocks.4.mlp.proj.weight,98,0,2359296,0
1500,blocks.4.mlp.proj.weight,99,0,2359296,0
1500,blocks.4.mlp.proj.weight,100,0,2359296,0
1500,blocks.4.mlp.proj.weight,101,0,2359296,0
1500,blocks.4.mlp.proj.weight,102,0,2359296,0
1500,blocks.4.mlp.proj.weight,103,0,2359296,0
1500,blocks.4.mlp.proj.weight,104,0,2359296,0
1500,blocks.4.mlp.proj.weight,105,0,2359296,0
1500,blocks.4.mlp.proj.weight,106,0,2359296,0
1500,blocks.4.mlp.proj.weight,107,0,2359296,0
1500,blocks.4.mlp.proj.weight,108,0,2359296,0
1500,blocks.4.mlp.proj.weight,109,0,2359296,0
1500,blocks.4.mlp.proj.weight,110,0,2359296,0
1500,blocks.4.mlp.proj.weight,111,0,2359296,0
1500,blocks.4.mlp.proj.weight,112,0,2359296,0
1500,blocks.4.mlp.proj.weight,113,0,2359296,0
1500,blocks.4.mlp.proj.weight,114,0,2359296,0
1500,blocks.4.mlp.proj.weight,115,0,2359296,0
1500,blocks.4.mlp.proj.weight,116,0,2359296,0
1500,blocks.4.mlp.proj.weight,117,0,2359296,0
1500,blocks.4.mlp.proj.weight,118,0,2359296,0
1500,blocks.4.mlp.proj.weight,119,0,2359296,0
1500,blocks.4.mlp.proj.weight,120,0,2359296,0
1500,blocks.4.mlp.proj.weight,121,0,2359296,0
1500,blocks.4.mlp.proj.weight,122,0,2359296,0
1500,blocks.4.mlp.proj.weight,123,0,2359296,0
1500,blocks.4.mlp.proj.weight,124,0,2359296,0
1500,blocks.4.mlp.proj.weight,125,0,2359296,0
1500,blocks.4.mlp.proj.weight,126,0,2359296,0
1500,blocks.4.mlp.proj.weight,127,0,2359296,0
1500,blocks.4.mlp.proj.weight,128,0,2359296,0
1500,blocks.5.mlp.fc.weight,-127,0,2359296,0
1500,blocks.5.mlp.fc.weight,-126,0,2359296,0
1500,blocks.5.mlp.fc.weight,-125,0,2359296,0
1500,blocks.5.mlp.fc.weight,-124,0,2359296,0
1500,blocks.5.mlp.fc.weight,-123,0,2359296,0
1500,blocks.5.mlp.fc.weight,-122,0,2359296,0
1500,blocks.5.mlp.fc.weight,-121,0,2359296,0
1500,blocks.5.mlp.fc.weight,-120,0,2359296,0
1500,blocks.5.mlp.fc.weight,-119,0,2359296,0
1500,blocks.5.mlp.fc.weight,-118,0,2359296,0
1500,blocks.5.mlp.fc.weight,-117,0,2359296,0
1500,blocks.5.mlp.fc.weight,-116,0,2359296,0
1500,blocks.5.mlp.fc.weight,-115,0,2359296,0
1500,blocks.5.mlp.fc.weight,-114,0,2359296,0
1500,blocks.5.mlp.fc.weight,-113,0,2359296,0
1500,blocks.5.mlp.fc.weight,-112,0,2359296,0
1500,blocks.5.mlp.fc.weight,-111,0,2359296,0
1500,blocks.5.mlp.fc.weight,-110,0,2359296,0
1500,blocks.5.mlp.fc.weight,-109,0,2359296,0
1500,blocks.5.mlp.fc.weight,-108,0,2359296,0
1500,blocks.5.mlp.fc.weight,-107,0,2359296,0
1500,blocks.5.mlp.fc.weight,-106,0,2359296,0
1500,blocks.5.mlp.fc.weight,-105,0,2359296,0
1500,blocks.5.mlp.fc.weight,-104,0,2359296,0
1500,blocks.5.mlp.fc.weight,-103,0,2359296,0
1500,blocks.5.mlp.fc.weight,-102,0,2359296,0
1500,blocks.5.mlp.fc.weight,-101,0,2359296,0
1500,blocks.5.mlp.fc.weight,-100,0,2359296,0
1500,blocks.5.mlp.fc.weight,-99,0,2359296,0
1500,blocks.5.mlp.fc.weight,-98,0,2359296,0
1500,blocks.5.mlp.fc.weight,-97,0,2359296,0
1500,blocks.5.mlp.fc.weight,-96,0,2359296,0
1500,blocks.5.mlp.fc.weight,-95,0,2359296,0
1500,blocks.5.mlp.fc.weight,-94,0,2359296,0
1500,blocks.5.mlp.fc.weight,-93,0,2359296,0
1500,blocks.5.mlp.fc.weight,-92,0,2359296,0
1500,blocks.5.mlp.fc.weight,-91,0,2359296,0
1500,blocks.5.mlp.fc.weight,-90,0,2359296,0
1500,blocks.5.mlp.fc.weight,-89,0,2359296,0
1500,blocks.5.mlp.fc.weight,-88,0,2359296,0
1500,blocks.5.mlp.fc.weight,-87,0,2359296,0
1500,blocks.5.mlp.fc.weight,-86,0,2359296,0
1500,blocks.5.mlp.fc.weight,-85,0,2359296,0
1500,blocks.5.mlp.fc.weight,-84,0,2359296,0
1500,blocks.5.mlp.fc.weight,-83,0,2359296,0
1500,blocks.5.mlp.fc.weight,-82,0,2359296,0
1500,blocks.5.mlp.fc.weight,-81,0,2359296,0
1500,blocks.5.mlp.fc.weight,-80,0,2359296,0
1500,blocks.5.mlp.fc.weight,-79,0,2359296,0
1500,blocks.5.mlp.fc.weight,-78,0,2359296,0
1500,blocks.5.mlp.fc.weight,-77,0,2359296,0
1500,blocks.5.mlp.fc.weight,-76,0,2359296,0
1500,blocks.5.mlp.fc.weight,-75,0,2359296,0
1500,blocks.5.mlp.fc.weight,-74,0,2359296,0
1500,blocks.5.mlp.fc.weight,-73,0,2359296,0
1500,blocks.5.mlp.fc.weight,-72,0,2359296,0
1500,blocks.5.mlp.fc.weight,-71,0,2359296,0
1500,blocks.5.mlp.fc.weight,-70,0,2359296,0
1500,blocks.5.mlp.fc.weight,-69,0,2359296,0
1500,blocks.5.mlp.fc.weight,-68,0,2359296,0
1500,blocks.5.mlp.fc.weight,-67,0,2359296,0
1500,blocks.5.mlp.fc.weight,-66,0,2359296,0
1500,blocks.5.mlp.fc.weight,-65,0,2359296,0
1500,blocks.5.mlp.fc.weight,-64,0,2359296,0
1500,blocks.5.mlp.fc.weight,-63,0,2359296,0
1500,blocks.5.mlp.fc.weight,-62,0,2359296,0
1500,blocks.5.mlp.fc.weight,-61,0,2359296,0
1500,blocks.5.mlp.fc.weight,-60,0,2359296,0
1500,blocks.5.mlp.fc.weight,-59,0,2359296,0
1500,blocks.5.mlp.fc.weight,-58,0,2359296,0
1500,blocks.5.mlp.fc.weight,-57,0,2359296,0
1500,blocks.5.mlp.fc.weight,-56,0,2359296,0
1500,blocks.5.mlp.fc.weight,-55,0,2359296,0
1500,blocks.5.mlp.fc.weight,-54,0,2359296,0
1500,blocks.5.mlp.fc.weight,-53,0,2359296,0
1500,blocks.5.mlp.fc.weight,-52,0,2359296,0
1500,blocks.5.mlp.fc.weight,-51,0,2359296,0
1500,blocks.5.mlp.fc.weight,-50,0,2359296,0
1500,blocks.5.mlp.fc.weight,-49,0,2359296,0
1500,blocks.5.mlp.fc.weight,-48,0,2359296,0
1500,blocks.5.mlp.fc.weight,-47,0,2359296,0
1500,blocks.5.mlp.fc.weight,-46,0,2359296,0
1500,blocks.5.mlp.fc.weight,-45,0,2359296,0
1500,blocks.5.mlp.fc.weight,-44,0,2359296,0
1500,blocks.5.mlp.fc.weight,-43,0,2359296,0
1500,blocks.5.mlp.fc.weight,-42,0,2359296,0
1500,blocks.5.mlp.fc.weight,-41,0,2359296,0
1500,blocks.5.mlp.fc.weight,-40,0,2359296,0
1500,blocks.5.mlp.fc.weight,-39,0,2359296,0
1500,blocks.5.mlp.fc.weight,-38,0,2359296,0
1500,blocks.5.mlp.fc.weight,-37,0,2359296,0
1500,blocks.5.mlp.fc.weight,-36,0,2359296,0
1500,blocks.5.mlp.fc.weight,-35,0,2359296,0
1500,blocks.5.mlp.fc.weight,-34,1,2359296,0
1500,blocks.5.mlp.fc.weight,-33,2,2359296,0
1500,blocks.5.mlp.fc.weight,-32,8,2359296,0
1500,blocks.5.mlp.fc.weight,-31,26,2359296,0
1500,blocks.5.mlp.fc.weight,-30,41,2359296,0
1500,blocks.5.mlp.fc.weight,-29,24,2359296,0
1500,blocks.5.mlp.fc.weight,-28,7,2359296,0
1500,blocks.5.mlp.fc.weight,-27,3,2359296,0
1500,blocks.5.mlp.fc.weight,-26,0,2359296,0
1500,blocks.5.mlp.fc.weight,-25,0,2359296,0
1500,blocks.5.mlp.fc.weight,-24,0,2359296,0
1500,blocks.5.mlp.fc.weight,-23,0,2359296,0
1500,blocks.5.mlp.fc.weight,-22,0,2359296,0
1500,blocks.5.mlp.fc.weight,-21,1,2359296,0
1500,blocks.5.mlp.fc.weight,-20,5,2359296,0
1500,blocks.5.mlp.fc.weight,-19,8,2359296,0
1500,blocks.5.mlp.fc.weight,-18,34,2359296,0
1500,blocks.5.mlp.fc.weight,-17,103,2359296,0
1500,blocks.5.mlp.fc.weight,-16,223,2359296,0
1500,blocks.5.mlp.fc.weight,-15,452,2359296,0
1500,blocks.5.mlp.fc.weight,-14,932,2359296,0
1500,blocks.5.mlp.fc.weight,-13,1860,2359296,0
1500,blocks.5.mlp.fc.weight,-12,3896,2359296,0
1500,blocks.5.mlp.fc.weight,-11,7824,2359296,0
1500,blocks.5.mlp.fc.weight,-10,15478,2359296,0
1500,blocks.5.mlp.fc.weight,-9,31172,2359296,0
1500,blocks.5.mlp.fc.weight,-8,61202,2359296,0
1500,blocks.5.mlp.fc.weight,-7,118617,2359296,0
1500,blocks.5.mlp.fc.weight,-6,226544,2359296,0
1500,blocks.5.mlp.fc.weight,-5,411815,2359296,0
1500,blocks.5.mlp.fc.weight,-4,641729,2359296,0
1500,blocks.5.mlp.fc.weight,-3,602470,2359296,0
1500,blocks.5.mlp.fc.weight,-2,205279,2359296,0
1500,blocks.5.mlp.fc.weight,-1,27550,2359296,0
1500,blocks.5.mlp.fc.weight,0,1941,2359296,0
1500,blocks.5.mlp.fc.weight,1,49,2359296,0
1500,blocks.5.mlp.fc.weight,2,0,2359296,0
1500,blocks.5.mlp.fc.weight,3,0,2359296,0
1500,blocks.5.mlp.fc.weight,4,0,2359296,0
1500,blocks.5.mlp.fc.weight,5,0,2359296,0
1500,blocks.5.mlp.fc.weight,6,0,2359296,0
1500,blocks.5.mlp.fc.weight,7,0,2359296,0
1500,blocks.5.mlp.fc.weight,8,0,2359296,0
1500,blocks.5.mlp.fc.weight,9,0,2359296,0
1500,blocks.5.mlp.fc.weight,10,0,2359296,0
1500,blocks.5.mlp.fc.weight,11,0,2359296,0
1500,blocks.5.mlp.fc.weight,12,0,2359296,0
1500,blocks.5.mlp.fc.weight,13,0,2359296,0
1500,blocks.5.mlp.fc.weight,14,0,2359296,0
1500,blocks.5.mlp.fc.weight,15,0,2359296,0
1500,blocks.5.mlp.fc.weight,16,0,2359296,0
1500,blocks.5.mlp.fc.weight,17,0,2359296,0
1500,blocks.5.mlp.fc.weight,18,0,2359296,0
1500,blocks.5.mlp.fc.weight,19,0,2359296,0
1500,blocks.5.mlp.fc.weight,20,0,2359296,0
1500,blocks.5.mlp.fc.weight,21,0,2359296,0
1500,blocks.5.mlp.fc.weight,22,0,2359296,0
1500,blocks.5.mlp.fc.weight,23,0,2359296,0
1500,blocks.5.mlp.fc.weight,24,0,2359296,0
1500,blocks.5.mlp.fc.weight,25,0,2359296,0
1500,blocks.5.mlp.fc.weight,26,0,2359296,0
1500,blocks.5.mlp.fc.weight,27,0,2359296,0
1500,blocks.5.mlp.fc.weight,28,0,2359296,0
1500,blocks.5.mlp.fc.weight,29,0,2359296,0
1500,blocks.5.mlp.fc.weight,30,0,2359296,0
1500,blocks.5.mlp.fc.weight,31,0,2359296,0
1500,blocks.5.mlp.fc.weight,32,0,2359296,0
1500,blocks.5.mlp.fc.weight,33,0,2359296,0
1500,blocks.5.mlp.fc.weight,34,0,2359296,0
1500,blocks.5.mlp.fc.weight,35,0,2359296,0
1500,blocks.5.mlp.fc.weight,36,0,2359296,0
1500,blocks.5.mlp.fc.weight,37,0,2359296,0
1500,blocks.5.mlp.fc.weight,38,0,2359296,0
1500,blocks.5.mlp.fc.weight,39,0,2359296,0
1500,blocks.5.mlp.fc.weight,40,0,2359296,0
1500,blocks.5.mlp.fc.weight,41,0,2359296,0
1500,blocks.5.mlp.fc.weight,42,0,2359296,0
1500,blocks.5.mlp.fc.weight,43,0,2359296,0
1500,blocks.5.mlp.fc.weight,44,0,2359296,0
1500,blocks.5.mlp.fc.weight,45,0,2359296,0
1500,blocks.5.mlp.fc.weight,46,0,2359296,0
1500,blocks.5.mlp.fc.weight,47,0,2359296,0
1500,blocks.5.mlp.fc.weight,48,0,2359296,0
1500,blocks.5.mlp.fc.weight,49,0,2359296,0
1500,blocks.5.mlp.fc.weight,50,0,2359296,0
1500,blocks.5.mlp.fc.weight,51,0,2359296,0
1500,blocks.5.mlp.fc.weight,52,0,2359296,0
1500,blocks.5.mlp.fc.weight,53,0,2359296,0
1500,blocks.5.mlp.fc.weight,54,0,2359296,0
1500,blocks.5.mlp.fc.weight,55,0,2359296,0
1500,blocks.5.mlp.fc.weight,56,0,2359296,0
1500,blocks.5.mlp.fc.weight,57,0,2359296,0
1500,blocks.5.mlp.fc.weight,58,0,2359296,0
1500,blocks.5.mlp.fc.weight,59,0,2359296,0
1500,blocks.5.mlp.fc.weight,60,0,2359296,0
1500,blocks.5.mlp.fc.weight,61,0,2359296,0
1500,blocks.5.mlp.fc.weight,62,0,2359296,0
1500,blocks.5.mlp.fc.weight,63,0,2359296,0
1500,blocks.5.mlp.fc.weight,64,0,2359296,0
1500,blocks.5.mlp.fc.weight,65,0,2359296,0
1500,blocks.5.mlp.fc.weight,66,0,2359296,0
1500,blocks.5.mlp.fc.weight,67,0,2359296,0
1500,blocks.5.mlp.fc.weight,68,0,2359296,0
1500,blocks.5.mlp.fc.weight,69,0,2359296,0
1500,blocks.5.mlp.fc.weight,70,0,2359296,0
1500,blocks.5.mlp.fc.weight,71,0,2359296,0
1500,blocks.5.mlp.fc.weight,72,0,2359296,0
1500,blocks.5.mlp.fc.weight,73,0,2359296,0
1500,blocks.5.mlp.fc.weight,74,0,2359296,0
1500,blocks.5.mlp.fc.weight,75,0,2359296,0
1500,blocks.5.mlp.fc.weight,76,0,2359296,0
1500,blocks.5.mlp.fc.weight,77,0,2359296,0
1500,blocks.5.mlp.fc.weight,78,0,2359296,0
1500,blocks.5.mlp.fc.weight,79,0,2359296,0
1500,blocks.5.mlp.fc.weight,80,0,2359296,0
1500,blocks.5.mlp.fc.weight,81,0,2359296,0
1500,blocks.5.mlp.fc.weight,82,0,2359296,0
1500,blocks.5.mlp.fc.weight,83,0,2359296,0
1500,blocks.5.mlp.fc.weight,84,0,2359296,0
1500,blocks.5.mlp.fc.weight,85,0,2359296,0
1500,blocks.5.mlp.fc.weight,86,0,2359296,0
1500,blocks.5.mlp.fc.weight,87,0,2359296,0
1500,blocks.5.mlp.fc.weight,88,0,2359296,0
1500,blocks.5.mlp.fc.weight,89,0,2359296,0
1500,blocks.5.mlp.fc.weight,90,0,2359296,0
1500,blocks.5.mlp.fc.weight,91,0,2359296,0
1500,blocks.5.mlp.fc.weight,92,0,2359296,0
1500,blocks.5.mlp.fc.weight,93,0,2359296,0
1500,blocks.5.mlp.fc.weight,94,0,2359296,0
1500,blocks.5.mlp.fc.weight,95,0,2359296,0
1500,blocks.5.mlp.fc.weight,96,0,2359296,0
1500,blocks.5.mlp.fc.weight,97,0,2359296,0
1500,blocks.5.mlp.fc.weight,98,0,2359296,0
1500,blocks.5.mlp.fc.weight,99,0,2359296,0
1500,blocks.5.mlp.fc.weight,100,0,2359296,0
1500,blocks.5.mlp.fc.weight,101,0,2359296,0
1500,blocks.5.mlp.fc.weight,102,0,2359296,0
1500,blocks.5.mlp.fc.weight,103,0,2359296,0
1500,blocks.5.mlp.fc.weight,104,0,2359296,0
1500,blocks.5.mlp.fc.weight,105,0,2359296,0
1500,blocks.5.mlp.fc.weight,106,0,2359296,0
1500,blocks.5.mlp.fc.weight,107,0,2359296,0
1500,blocks.5.mlp.fc.weight,108,0,2359296,0
1500,blocks.5.mlp.fc.weight,109,0,2359296,0
1500,blocks.5.mlp.fc.weight,110,0,2359296,0
1500,blocks.5.mlp.fc.weight,111,0,2359296,0
1500,blocks.5.mlp.fc.weight,112,0,2359296,0
1500,blocks.5.mlp.fc.weight,113,0,2359296,0
1500,blocks.5.mlp.fc.weight,114,0,2359296,0
1500,blocks.5.mlp.fc.weight,115,0,2359296,0
1500,blocks.5.mlp.fc.weight,116,0,2359296,0
1500,blocks.5.mlp.fc.weight,117,0,2359296,0
1500,blocks.5.mlp.fc.weight,118,0,2359296,0
1500,blocks.5.mlp.fc.weight,119,0,2359296,0
1500,blocks.5.mlp.fc.weight,120,0,2359296,0
1500,blocks.5.mlp.fc.weight,121,0,2359296,0
1500,blocks.5.mlp.fc.weight,122,0,2359296,0
1500,blocks.5.mlp.fc.weight,123,0,2359296,0
1500,blocks.5.mlp.fc.weight,124,0,2359296,0
1500,blocks.5.mlp.fc.weight,125,0,2359296,0
1500,blocks.5.mlp.fc.weight,126,0,2359296,0
1500,blocks.5.mlp.fc.weight,127,0,2359296,0
1500,blocks.5.mlp.fc.weight,128,0,2359296,0
1500,blocks.5.mlp.proj.weight,-127,0,2359296,0
1500,blocks.5.mlp.proj.weight,-126,0,2359296,0
1500,blocks.5.mlp.proj.weight,-125,0,2359296,0
1500,blocks.5.mlp.proj.weight,-124,0,2359296,0
1500,blocks.5.mlp.proj.weight,-123,0,2359296,0
1500,blocks.5.mlp.proj.weight,-122,0,2359296,0
1500,blocks.5.mlp.proj.weight,-121,0,2359296,0
1500,blocks.5.mlp.proj.weight,-120,0,2359296,0
1500,blocks.5.mlp.proj.weight,-119,0,2359296,0
1500,blocks.5.mlp.proj.weight,-118,0,2359296,0
1500,blocks.5.mlp.proj.weight,-117,0,2359296,0
1500,blocks.5.mlp.proj.weight,-116,0,2359296,0
1500,blocks.5.mlp.proj.weight,-115,0,2359296,0
1500,blocks.5.mlp.proj.weight,-114,0,2359296,0
1500,blocks.5.mlp.proj.weight,-113,0,2359296,0
1500,blocks.5.mlp.proj.weight,-112,0,2359296,0
1500,blocks.5.mlp.proj.weight,-111,0,2359296,0
1500,blocks.5.mlp.proj.weight,-110,0,2359296,0
1500,blocks.5.mlp.proj.weight,-109,0,2359296,0
1500,blocks.5.mlp.proj.weight,-108,0,2359296,0
1500,blocks.5.mlp.proj.weight,-107,0,2359296,0
1500,blocks.5.mlp.proj.weight,-106,0,2359296,0
1500,blocks.5.mlp.proj.weight,-105,0,2359296,0
1500,blocks.5.mlp.proj.weight,-104,0,2359296,0
1500,blocks.5.mlp.proj.weight,-103,0,2359296,0
1500,blocks.5.mlp.proj.weight,-102,0,2359296,0
1500,blocks.5.mlp.proj.weight,-101,0,2359296,0
1500,blocks.5.mlp.proj.weight,-100,0,2359296,0
1500,blocks.5.mlp.proj.weight,-99,0,2359296,0
1500,blocks.5.mlp.proj.weight,-98,0,2359296,0
1500,blocks.5.mlp.proj.weight,-97,0,2359296,0
1500,blocks.5.mlp.proj.weight,-96,0,2359296,0
1500,blocks.5.mlp.proj.weight,-95,0,2359296,0
1500,blocks.5.mlp.proj.weight,-94,0,2359296,0
1500,blocks.5.mlp.proj.weight,-93,0,2359296,0
1500,blocks.5.mlp.proj.weight,-92,0,2359296,0
1500,blocks.5.mlp.proj.weight,-91,0,2359296,0
1500,blocks.5.mlp.proj.weight,-90,0,2359296,0
1500,blocks.5.mlp.proj.weight,-89,0,2359296,0
1500,blocks.5.mlp.proj.weight,-88,0,2359296,0
1500,blocks.5.mlp.proj.weight,-87,0,2359296,0
1500,blocks.5.mlp.proj.weight,-86,0,2359296,0
1500,blocks.5.mlp.proj.weight,-85,0,2359296,0
1500,blocks.5.mlp.proj.weight,-84,0,2359296,0
1500,blocks.5.mlp.proj.weight,-83,0,2359296,0
1500,blocks.5.mlp.proj.weight,-82,0,2359296,0
1500,blocks.5.mlp.proj.weight,-81,0,2359296,0
1500,blocks.5.mlp.proj.weight,-80,0,2359296,0
1500,blocks.5.mlp.proj.weight,-79,0,2359296,0
1500,blocks.5.mlp.proj.weight,-78,0,2359296,0
1500,blocks.5.mlp.proj.weight,-77,0,2359296,0
1500,blocks.5.mlp.proj.weight,-76,0,2359296,0
1500,blocks.5.mlp.proj.weight,-75,0,2359296,0
1500,blocks.5.mlp.proj.weight,-74,0,2359296,0
1500,blocks.5.mlp.proj.weight,-73,0,2359296,0
1500,blocks.5.mlp.proj.weight,-72,0,2359296,0
1500,blocks.5.mlp.proj.weight,-71,0,2359296,0
1500,blocks.5.mlp.proj.weight,-70,0,2359296,0
1500,blocks.5.mlp.proj.weight,-69,0,2359296,0
1500,blocks.5.mlp.proj.weight,-68,0,2359296,0
1500,blocks.5.mlp.proj.weight,-67,0,2359296,0
1500,blocks.5.mlp.proj.weight,-66,0,2359296,0
1500,blocks.5.mlp.proj.weight,-65,0,2359296,0
1500,blocks.5.mlp.proj.weight,-64,0,2359296,0
1500,blocks.5.mlp.proj.weight,-63,0,2359296,0
1500,blocks.5.mlp.proj.weight,-62,0,2359296,0
1500,blocks.5.mlp.proj.weight,-61,0,2359296,0
1500,blocks.5.mlp.proj.weight,-60,0,2359296,0
1500,blocks.5.mlp.proj.weight,-59,0,2359296,0
1500,blocks.5.mlp.proj.weight,-58,0,2359296,0
1500,blocks.5.mlp.proj.weight,-57,0,2359296,0
1500,blocks.5.mlp.proj.weight,-56,0,2359296,0
1500,blocks.5.mlp.proj.weight,-55,0,2359296,0
1500,blocks.5.mlp.proj.weight,-54,0,2359296,0
1500,blocks.5.mlp.proj.weight,-53,0,2359296,0
1500,blocks.5.mlp.proj.weight,-52,0,2359296,0
1500,blocks.5.mlp.proj.weight,-51,0,2359296,0
1500,blocks.5.mlp.proj.weight,-50,0,2359296,0
1500,blocks.5.mlp.proj.weight,-49,0,2359296,0
1500,blocks.5.mlp.proj.weight,-48,0,2359296,0
1500,blocks.5.mlp.proj.weight,-47,0,2359296,0
1500,blocks.5.mlp.proj.weight,-46,0,2359296,0
1500,blocks.5.mlp.proj.weight,-45,0,2359296,0
1500,blocks.5.mlp.proj.weight,-44,0,2359296,0
1500,blocks.5.mlp.proj.weight,-43,0,2359296,0
1500,blocks.5.mlp.proj.weight,-42,0,2359296,0
1500,blocks.5.mlp.proj.weight,-41,0,2359296,0
1500,blocks.5.mlp.proj.weight,-40,0,2359296,0
1500,blocks.5.mlp.proj.weight,-39,0,2359296,0
1500,blocks.5.mlp.proj.weight,-38,0,2359296,0
1500,blocks.5.mlp.proj.weight,-37,0,2359296,0
1500,blocks.5.mlp.proj.weight,-36,0,2359296,0
1500,blocks.5.mlp.proj.weight,-35,0,2359296,0
1500,blocks.5.mlp.proj.weight,-34,0,2359296,0
1500,blocks.5.mlp.proj.weight,-33,0,2359296,0
1500,blocks.5.mlp.proj.weight,-32,5,2359296,0
1500,blocks.5.mlp.proj.weight,-31,15,2359296,0
1500,blocks.5.mlp.proj.weight,-30,46,2359296,0
1500,blocks.5.mlp.proj.weight,-29,50,2359296,0
1500,blocks.5.mlp.proj.weight,-28,16,2359296,0
1500,blocks.5.mlp.proj.weight,-27,0,2359296,0
1500,blocks.5.mlp.proj.weight,-26,0,2359296,0
1500,blocks.5.mlp.proj.weight,-25,0,2359296,0
1500,blocks.5.mlp.proj.weight,-24,0,2359296,0
1500,blocks.5.mlp.proj.weight,-23,0,2359296,0
1500,blocks.5.mlp.proj.weight,-22,0,2359296,0
1500,blocks.5.mlp.proj.weight,-21,0,2359296,0
1500,blocks.5.mlp.proj.weight,-20,1,2359296,0
1500,blocks.5.mlp.proj.weight,-19,4,2359296,0
1500,blocks.5.mlp.proj.weight,-18,15,2359296,0
1500,blocks.5.mlp.proj.weight,-17,49,2359296,0
1500,blocks.5.mlp.proj.weight,-16,150,2359296,0
1500,blocks.5.mlp.proj.weight,-15,307,2359296,0
1500,blocks.5.mlp.proj.weight,-14,559,2359296,0
1500,blocks.5.mlp.proj.weight,-13,1215,2359296,0
1500,blocks.5.mlp.proj.weight,-12,2540,2359296,0
1500,blocks.5.mlp.proj.weight,-11,4980,2359296,0
1500,blocks.5.mlp.proj.weight,-10,9894,2359296,0
1500,blocks.5.mlp.proj.weight,-9,19755,2359296,0
1500,blocks.5.mlp.proj.weight,-8,39242,2359296,0
1500,blocks.5.mlp.proj.weight,-7,78510,2359296,0
1500,blocks.5.mlp.proj.weight,-6,153534,2359296,0
1500,blocks.5.mlp.proj.weight,-5,292995,2359296,0
1500,blocks.5.mlp.proj.weight,-4,519176,2359296,0
1500,blocks.5.mlp.proj.weight,-3,721851,2359296,0
1500,blocks.5.mlp.proj.weight,-2,461547,2359296,0
1500,blocks.5.mlp.proj.weight,-1,52208,2359296,0
1500,blocks.5.mlp.proj.weight,0,626,2359296,0
1500,blocks.5.mlp.proj.weight,1,6,2359296,0
1500,blocks.5.mlp.proj.weight,2,0,2359296,0
1500,blocks.5.mlp.proj.weight,3,0,2359296,0
1500,blocks.5.mlp.proj.weight,4,0,2359296,0
1500,blocks.5.mlp.proj.weight,5,0,2359296,0
1500,blocks.5.mlp.proj.weight,6,0,2359296,0
1500,blocks.5.mlp.proj.weight,7,0,2359296,0
1500,blocks.5.mlp.proj.weight,8,0,2359296,0
1500,blocks.5.mlp.proj.weight,9,0,2359296,0
1500,blocks.5.mlp.proj.weight,10,0,2359296,0
1500,blocks.5.mlp.proj.weight,11,0,2359296,0
1500,blocks.5.mlp.proj.weight,12,0,2359296,0
1500,blocks.5.mlp.proj.weight,13,0,2359296,0
1500,blocks.5.mlp.proj.weight,14,0,2359296,0
1500,blocks.5.mlp.proj.weight,15,0,2359296,0
1500,blocks.5.mlp.proj.weight,16,0,2359296,0
1500,blocks.5.mlp.proj.weight,17,0,2359296,0
1500,blocks.5.mlp.proj.weight,18,0,2359296,0
1500,blocks.5.mlp.proj.weight,19,0,2359296,0
1500,blocks.5.mlp.proj.weight,20,0,2359296,0
1500,blocks.5.mlp.proj.weight,21,0,2359296,0
1500,blocks.5.mlp.proj.weight,22,0,2359296,0
1500,blocks.5.mlp.proj.weight,23,0,2359296,0
1500,blocks.5.mlp.proj.weight,24,0,2359296,0
1500,blocks.5.mlp.proj.weight,25,0,2359296,0
1500,blocks.5.mlp.proj.weight,26,0,2359296,0
1500,blocks.5.mlp.proj.weight,27,0,2359296,0
1500,blocks.5.mlp.proj.weight,28,0,2359296,0
1500,blocks.5.mlp.proj.weight,29,0,2359296,0
1500,blocks.5.mlp.proj.weight,30,0,2359296,0
1500,blocks.5.mlp.proj.weight,31,0,2359296,0
1500,blocks.5.mlp.proj.weight,32,0,2359296,0
1500,blocks.5.mlp.proj.weight,33,0,2359296,0
1500,blocks.5.mlp.proj.weight,34,0,2359296,0
1500,blocks.5.mlp.proj.weight,35,0,2359296,0
1500,blocks.5.mlp.proj.weight,36,0,2359296,0
1500,blocks.5.mlp.proj.weight,37,0,2359296,0
1500,blocks.5.mlp.proj.weight,38,0,2359296,0
1500,blocks.5.mlp.proj.weight,39,0,2359296,0
1500,blocks.5.mlp.proj.weight,40,0,2359296,0
1500,blocks.5.mlp.proj.weight,41,0,2359296,0
1500,blocks.5.mlp.proj.weight,42,0,2359296,0
1500,blocks.5.mlp.proj.weight,43,0,2359296,0
1500,blocks.5.mlp.proj.weight,44,0,2359296,0
1500,blocks.5.mlp.proj.weight,45,0,2359296,0
1500,blocks.5.mlp.proj.weight,46,0,2359296,0
1500,blocks.5.mlp.proj.weight,47,0,2359296,0
1500,blocks.5.mlp.proj.weight,48,0,2359296,0
1500,blocks.5.mlp.proj.weight,49,0,2359296,0
1500,blocks.5.mlp.proj.weight,50,0,2359296,0
1500,blocks.5.mlp.proj.weight,51,0,2359296,0
1500,blocks.5.mlp.proj.weight,52,0,2359296,0
1500,blocks.5.mlp.proj.weight,53,0,2359296,0
1500,blocks.5.mlp.proj.weight,54,0,2359296,0
1500,blocks.5.mlp.proj.weight,55,0,2359296,0
1500,blocks.5.mlp.proj.weight,56,0,2359296,0
1500,blocks.5.mlp.proj.weight,57,0,2359296,0
1500,blocks.5.mlp.proj.weight,58,0,2359296,0
1500,blocks.5.mlp.proj.weight,59,0,2359296,0
1500,blocks.5.mlp.proj.weight,60,0,2359296,0
1500,blocks.5.mlp.proj.weight,61,0,2359296,0
1500,blocks.5.mlp.proj.weight,62,0,2359296,0
1500,blocks.5.mlp.proj.weight,63,0,2359296,0
1500,blocks.5.mlp.proj.weight,64,0,2359296,0
1500,blocks.5.mlp.proj.weight,65,0,2359296,0
1500,blocks.5.mlp.proj.weight,66,0,2359296,0
1500,blocks.5.mlp.proj.weight,67,0,2359296,0
1500,blocks.5.mlp.proj.weight,68,0,2359296,0
1500,blocks.5.mlp.proj.weight,69,0,2359296,0
1500,blocks.5.mlp.proj.weight,70,0,2359296,0
1500,blocks.5.mlp.proj.weight,71,0,2359296,0
1500,blocks.5.mlp.proj.weight,72,0,2359296,0
1500,blocks.5.mlp.proj.weight,73,0,2359296,0
1500,blocks.5.mlp.proj.weight,74,0,2359296,0
1500,blocks.5.mlp.proj.weight,75,0,2359296,0
1500,blocks.5.mlp.proj.weight,76,0,2359296,0
1500,blocks.5.mlp.proj.weight,77,0,2359296,0
1500,blocks.5.mlp.proj.weight,78,0,2359296,0
1500,blocks.5.mlp.proj.weight,79,0,2359296,0
1500,blocks.5.mlp.proj.weight,80,0,2359296,0
1500,blocks.5.mlp.proj.weight,81,0,2359296,0
1500,blocks.5.mlp.proj.weight,82,0,2359296,0
1500,blocks.5.mlp.proj.weight,83,0,2359296,0
1500,blocks.5.mlp.proj.weight,84,0,2359296,0
1500,blocks.5.mlp.proj.weight,85,0,2359296,0
1500,blocks.5.mlp.proj.weight,86,0,2359296,0
1500,blocks.5.mlp.proj.weight,87,0,2359296,0
1500,blocks.5.mlp.proj.weight,88,0,2359296,0
1500,blocks.5.mlp.proj.weight,89,0,2359296,0
1500,blocks.5.mlp.proj.weight,90,0,2359296,0
1500,blocks.5.mlp.proj.weight,91,0,2359296,0
1500,blocks.5.mlp.proj.weight,92,0,2359296,0
1500,blocks.5.mlp.proj.weight,93,0,2359296,0
1500,blocks.5.mlp.proj.weight,94,0,2359296,0
1500,blocks.5.mlp.proj.weight,95,0,2359296,0
1500,blocks.5.mlp.proj.weight,96,0,2359296,0
1500,blocks.5.mlp.proj.weight,97,0,2359296,0
1500,blocks.5.mlp.proj.weight,98,0,2359296,0
1500,blocks.5.mlp.proj.weight,99,0,2359296,0
1500,blocks.5.mlp.proj.weight,100,0,2359296,0
1500,blocks.5.mlp.proj.weight,101,0,2359296,0
1500,blocks.5.mlp.proj.weight,102,0,2359296,0
1500,blocks.5.mlp.proj.weight,103,0,2359296,0
1500,blocks.5.mlp.proj.weight,104,0,2359296,0
1500,blocks.5.mlp.proj.weight,105,0,2359296,0
1500,blocks.5.mlp.proj.weight,106,0,2359296,0
1500,blocks.5.mlp.proj.weight,107,0,2359296,0
1500,blocks.5.mlp.proj.weight,108,0,2359296,0
1500,blocks.5.mlp.proj.weight,109,0,2359296,0
1500,blocks.5.mlp.proj.weight,110,0,2359296,0
1500,blocks.5.mlp.proj.weight,111,0,2359296,0
1500,blocks.5.mlp.proj.weight,112,0,2359296,0
1500,blocks.5.mlp.proj.weight,113,0,2359296,0
1500,blocks.5.mlp.proj.weight,114,0,2359296,0
1500,blocks.5.mlp.proj.weight,115,0,2359296,0
1500,blocks.5.mlp.proj.weight,116,0,2359296,0
1500,blocks.5.mlp.proj.weight,117,0,2359296,0
1500,blocks.5.mlp.proj.weight,118,0,2359296,0
1500,blocks.5.mlp.proj.weight,119,0,2359296,0
1500,blocks.5.mlp.proj.weight,120,0,2359296,0
1500,blocks.5.mlp.proj.weight,121,0,2359296,0
1500,blocks.5.mlp.proj.weight,122,0,2359296,0
1500,blocks.5.mlp.proj.weight,123,0,2359296,0
1500,blocks.5.mlp.proj.weight,124,0,2359296,0
1500,blocks.5.mlp.proj.weight,125,0,2359296,0
1500,blocks.5.mlp.proj.weight,126,0,2359296,0
1500,blocks.5.mlp.proj.weight,127,0,2359296,0
1500,blocks.5.mlp.proj.weight,128,0,2359296,0
1500,blocks.6.mlp.fc.weight,-127,0,2359296,0
1500,blocks.6.mlp.fc.weight,-126,0,2359296,0
1500,blocks.6.mlp.fc.weight,-125,0,2359296,0
1500,blocks.6.mlp.fc.weight,-124,0,2359296,0
1500,blocks.6.mlp.fc.weight,-123,0,2359296,0
1500,blocks.6.mlp.fc.weight,-122,0,2359296,0
1500,blocks.6.mlp.fc.weight,-121,0,2359296,0
1500,blocks.6.mlp.fc.weight,-120,0,2359296,0
1500,blocks.6.mlp.fc.weight,-119,0,2359296,0
1500,blocks.6.mlp.fc.weight,-118,0,2359296,0
1500,blocks.6.mlp.fc.weight,-117,0,2359296,0
1500,blocks.6.mlp.fc.weight,-116,0,2359296,0
1500,blocks.6.mlp.fc.weight,-115,0,2359296,0
1500,blocks.6.mlp.fc.weight,-114,0,2359296,0
1500,blocks.6.mlp.fc.weight,-113,0,2359296,0
1500,blocks.6.mlp.fc.weight,-112,0,2359296,0
1500,blocks.6.mlp.fc.weight,-111,0,2359296,0
1500,blocks.6.mlp.fc.weight,-110,0,2359296,0
1500,blocks.6.mlp.fc.weight,-109,0,2359296,0
1500,blocks.6.mlp.fc.weight,-108,0,2359296,0
1500,blocks.6.mlp.fc.weight,-107,0,2359296,0
1500,blocks.6.mlp.fc.weight,-106,0,2359296,0
1500,blocks.6.mlp.fc.weight,-105,0,2359296,0
1500,blocks.6.mlp.fc.weight,-104,0,2359296,0
1500,blocks.6.mlp.fc.weight,-103,0,2359296,0
1500,blocks.6.mlp.fc.weight,-102,0,2359296,0
1500,blocks.6.mlp.fc.weight,-101,0,2359296,0
1500,blocks.6.mlp.fc.weight,-100,0,2359296,0
1500,blocks.6.mlp.fc.weight,-99,0,2359296,0
1500,blocks.6.mlp.fc.weight,-98,0,2359296,0
1500,blocks.6.mlp.fc.weight,-97,0,2359296,0
1500,blocks.6.mlp.fc.weight,-96,0,2359296,0
1500,blocks.6.mlp.fc.weight,-95,0,2359296,0
1500,blocks.6.mlp.fc.weight,-94,0,2359296,0
1500,blocks.6.mlp.fc.weight,-93,0,2359296,0
1500,blocks.6.mlp.fc.weight,-92,0,2359296,0
1500,blocks.6.mlp.fc.weight,-91,0,2359296,0
1500,blocks.6.mlp.fc.weight,-90,0,2359296,0
1500,blocks.6.mlp.fc.weight,-89,0,2359296,0
1500,blocks.6.mlp.fc.weight,-88,0,2359296,0
1500,blocks.6.mlp.fc.weight,-87,0,2359296,0
1500,blocks.6.mlp.fc.weight,-86,0,2359296,0
1500,blocks.6.mlp.fc.weight,-85,0,2359296,0
1500,blocks.6.mlp.fc.weight,-84,0,2359296,0
1500,blocks.6.mlp.fc.weight,-83,0,2359296,0
1500,blocks.6.mlp.fc.weight,-82,0,2359296,0
1500,blocks.6.mlp.fc.weight,-81,0,2359296,0
1500,blocks.6.mlp.fc.weight,-80,0,2359296,0
1500,blocks.6.mlp.fc.weight,-79,0,2359296,0
1500,blocks.6.mlp.fc.weight,-78,0,2359296,0
1500,blocks.6.mlp.fc.weight,-77,0,2359296,0
1500,blocks.6.mlp.fc.weight,-76,0,2359296,0
1500,blocks.6.mlp.fc.weight,-75,0,2359296,0
1500,blocks.6.mlp.fc.weight,-74,0,2359296,0
1500,blocks.6.mlp.fc.weight,-73,0,2359296,0
1500,blocks.6.mlp.fc.weight,-72,0,2359296,0
1500,blocks.6.mlp.fc.weight,-71,0,2359296,0
1500,blocks.6.mlp.fc.weight,-70,0,2359296,0
1500,blocks.6.mlp.fc.weight,-69,0,2359296,0
1500,blocks.6.mlp.fc.weight,-68,0,2359296,0
1500,blocks.6.mlp.fc.weight,-67,0,2359296,0
1500,blocks.6.mlp.fc.weight,-66,0,2359296,0
1500,blocks.6.mlp.fc.weight,-65,0,2359296,0
1500,blocks.6.mlp.fc.weight,-64,0,2359296,0
1500,blocks.6.mlp.fc.weight,-63,0,2359296,0
1500,blocks.6.mlp.fc.weight,-62,0,2359296,0
1500,blocks.6.mlp.fc.weight,-61,0,2359296,0
1500,blocks.6.mlp.fc.weight,-60,0,2359296,0
1500,blocks.6.mlp.fc.weight,-59,0,2359296,0
1500,blocks.6.mlp.fc.weight,-58,0,2359296,0
1500,blocks.6.mlp.fc.weight,-57,0,2359296,0
1500,blocks.6.mlp.fc.weight,-56,0,2359296,0
1500,blocks.6.mlp.fc.weight,-55,0,2359296,0
1500,blocks.6.mlp.fc.weight,-54,0,2359296,0
1500,blocks.6.mlp.fc.weight,-53,0,2359296,0
1500,blocks.6.mlp.fc.weight,-52,0,2359296,0
1500,blocks.6.mlp.fc.weight,-51,0,2359296,0
1500,blocks.6.mlp.fc.weight,-50,0,2359296,0
1500,blocks.6.mlp.fc.weight,-49,0,2359296,0
1500,blocks.6.mlp.fc.weight,-48,0,2359296,0
1500,blocks.6.mlp.fc.weight,-47,0,2359296,0
1500,blocks.6.mlp.fc.weight,-46,0,2359296,0
1500,blocks.6.mlp.fc.weight,-45,0,2359296,0
1500,blocks.6.mlp.fc.weight,-44,0,2359296,0
1500,blocks.6.mlp.fc.weight,-43,0,2359296,0
1500,blocks.6.mlp.fc.weight,-42,0,2359296,0
1500,blocks.6.mlp.fc.weight,-41,0,2359296,0
1500,blocks.6.mlp.fc.weight,-40,0,2359296,0
1500,blocks.6.mlp.fc.weight,-39,0,2359296,0
1500,blocks.6.mlp.fc.weight,-38,0,2359296,0
1500,blocks.6.mlp.fc.weight,-37,0,2359296,0
1500,blocks.6.mlp.fc.weight,-36,0,2359296,0
1500,blocks.6.mlp.fc.weight,-35,1,2359296,0
1500,blocks.6.mlp.fc.weight,-34,2,2359296,0
1500,blocks.6.mlp.fc.weight,-33,3,2359296,0
1500,blocks.6.mlp.fc.weight,-32,10,2359296,0
1500,blocks.6.mlp.fc.weight,-31,22,2359296,0
1500,blocks.6.mlp.fc.weight,-30,31,2359296,0
1500,blocks.6.mlp.fc.weight,-29,16,2359296,0
1500,blocks.6.mlp.fc.weight,-28,5,2359296,0
1500,blocks.6.mlp.fc.weight,-27,1,2359296,0
1500,blocks.6.mlp.fc.weight,-26,0,2359296,0
1500,blocks.6.mlp.fc.weight,-25,0,2359296,0
1500,blocks.6.mlp.fc.weight,-24,0,2359296,0
1500,blocks.6.mlp.fc.weight,-23,0,2359296,0
1500,blocks.6.mlp.fc.weight,-22,0,2359296,0
1500,blocks.6.mlp.fc.weight,-21,2,2359296,0
1500,blocks.6.mlp.fc.weight,-20,1,2359296,0
1500,blocks.6.mlp.fc.weight,-19,17,2359296,0
1500,blocks.6.mlp.fc.weight,-18,43,2359296,0
1500,blocks.6.mlp.fc.weight,-17,108,2359296,0
1500,blocks.6.mlp.fc.weight,-16,236,2359296,0
1500,blocks.6.mlp.fc.weight,-15,461,2359296,0
1500,blocks.6.mlp.fc.weight,-14,961,2359296,0
1500,blocks.6.mlp.fc.weight,-13,1983,2359296,0
1500,blocks.6.mlp.fc.weight,-12,4053,2359296,0
1500,blocks.6.mlp.fc.weight,-11,8005,2359296,0
1500,blocks.6.mlp.fc.weight,-10,16218,2359296,0
1500,blocks.6.mlp.fc.weight,-9,32266,2359296,0
1500,blocks.6.mlp.fc.weight,-8,63121,2359296,0
1500,blocks.6.mlp.fc.weight,-7,122059,2359296,0
1500,blocks.6.mlp.fc.weight,-6,231670,2359296,0
1500,blocks.6.mlp.fc.weight,-5,420971,2359296,0
1500,blocks.6.mlp.fc.weight,-4,647101,2359296,0
1500,blocks.6.mlp.fc.weight,-3,596024,2359296,0
1500,blocks.6.mlp.fc.weight,-2,189942,2359296,0
1500,blocks.6.mlp.fc.weight,-1,22621,2359296,0
1500,blocks.6.mlp.fc.weight,0,1316,2359296,0
1500,blocks.6.mlp.fc.weight,1,26,2359296,0
1500,blocks.6.mlp.fc.weight,2,0,2359296,0
1500,blocks.6.mlp.fc.weight,3,0,2359296,0
1500,blocks.6.mlp.fc.weight,4,0,2359296,0
1500,blocks.6.mlp.fc.weight,5,0,2359296,0
1500,blocks.6.mlp.fc.weight,6,0,2359296,0
1500,blocks.6.mlp.fc.weight,7,0,2359296,0
1500,blocks.6.mlp.fc.weight,8,0,2359296,0
1500,blocks.6.mlp.fc.weight,9,0,2359296,0
1500,blocks.6.mlp.fc.weight,10,0,2359296,0
1500,blocks.6.mlp.fc.weight,11,0,2359296,0
1500,blocks.6.mlp.fc.weight,12,0,2359296,0
1500,blocks.6.mlp.fc.weight,13,0,2359296,0
1500,blocks.6.mlp.fc.weight,14,0,2359296,0
1500,blocks.6.mlp.fc.weight,15,0,2359296,0
1500,blocks.6.mlp.fc.weight,16,0,2359296,0
1500,blocks.6.mlp.fc.weight,17,0,2359296,0
1500,blocks.6.mlp.fc.weight,18,0,2359296,0
1500,blocks.6.mlp.fc.weight,19,0,2359296,0
1500,blocks.6.mlp.fc.weight,20,0,2359296,0
1500,blocks.6.mlp.fc.weight,21,0,2359296,0
1500,blocks.6.mlp.fc.weight,22,0,2359296,0
1500,blocks.6.mlp.fc.weight,23,0,2359296,0
1500,blocks.6.mlp.fc.weight,24,0,2359296,0
1500,blocks.6.mlp.fc.weight,25,0,2359296,0
1500,blocks.6.mlp.fc.weight,26,0,2359296,0
1500,blocks.6.mlp.fc.weight,27,0,2359296,0
1500,blocks.6.mlp.fc.weight,28,0,2359296,0
1500,blocks.6.mlp.fc.weight,29,0,2359296,0
1500,blocks.6.mlp.fc.weight,30,0,2359296,0
1500,blocks.6.mlp.fc.weight,31,0,2359296,0
1500,blocks.6.mlp.fc.weight,32,0,2359296,0
1500,blocks.6.mlp.fc.weight,33,0,2359296,0
1500,blocks.6.mlp.fc.weight,34,0,2359296,0
1500,blocks.6.mlp.fc.weight,35,0,2359296,0
1500,blocks.6.mlp.fc.weight,36,0,2359296,0
1500,blocks.6.mlp.fc.weight,37,0,2359296,0
1500,blocks.6.mlp.fc.weight,38,0,2359296,0
1500,blocks.6.mlp.fc.weight,39,0,2359296,0
1500,blocks.6.mlp.fc.weight,40,0,2359296,0
1500,blocks.6.mlp.fc.weight,41,0,2359296,0
1500,blocks.6.mlp.fc.weight,42,0,2359296,0
1500,blocks.6.mlp.fc.weight,43,0,2359296,0
1500,blocks.6.mlp.fc.weight,44,0,2359296,0
1500,blocks.6.mlp.fc.weight,45,0,2359296,0
1500,blocks.6.mlp.fc.weight,46,0,2359296,0
1500,blocks.6.mlp.fc.weight,47,0,2359296,0
1500,blocks.6.mlp.fc.weight,48,0,2359296,0
1500,blocks.6.mlp.fc.weight,49,0,2359296,0
1500,blocks.6.mlp.fc.weight,50,0,2359296,0
1500,blocks.6.mlp.fc.weight,51,0,2359296,0
1500,blocks.6.mlp.fc.weight,52,0,2359296,0
1500,blocks.6.mlp.fc.weight,53,0,2359296,0
1500,blocks.6.mlp.fc.weight,54,0,2359296,0
1500,blocks.6.mlp.fc.weight,55,0,2359296,0
1500,blocks.6.mlp.fc.weight,56,0,2359296,0
1500,blocks.6.mlp.fc.weight,57,0,2359296,0
1500,blocks.6.mlp.fc.weight,58,0,2359296,0
1500,blocks.6.mlp.fc.weight,59,0,2359296,0
1500,blocks.6.mlp.fc.weight,60,0,2359296,0
1500,blocks.6.mlp.fc.weight,61,0,2359296,0
1500,blocks.6.mlp.fc.weight,62,0,2359296,0
1500,blocks.6.mlp.fc.weight,63,0,2359296,0
1500,blocks.6.mlp.fc.weight,64,0,2359296,0
1500,blocks.6.mlp.fc.weight,65,0,2359296,0
1500,blocks.6.mlp.fc.weight,66,0,2359296,0
1500,blocks.6.mlp.fc.weight,67,0,2359296,0
1500,blocks.6.mlp.fc.weight,68,0,2359296,0
1500,blocks.6.mlp.fc.weight,69,0,2359296,0
1500,blocks.6.mlp.fc.weight,70,0,2359296,0
1500,blocks.6.mlp.fc.weight,71,0,2359296,0
1500,blocks.6.mlp.fc.weight,72,0,2359296,0
1500,blocks.6.mlp.fc.weight,73,0,2359296,0
1500,blocks.6.mlp.fc.weight,74,0,2359296,0
1500,blocks.6.mlp.fc.weight,75,0,2359296,0
1500,blocks.6.mlp.fc.weight,76,0,2359296,0
1500,blocks.6.mlp.fc.weight,77,0,2359296,0
1500,blocks.6.mlp.fc.weight,78,0,2359296,0
1500,blocks.6.mlp.fc.weight,79,0,2359296,0
1500,blocks.6.mlp.fc.weight,80,0,2359296,0
1500,blocks.6.mlp.fc.weight,81,0,2359296,0
1500,blocks.6.mlp.fc.weight,82,0,2359296,0
1500,blocks.6.mlp.fc.weight,83,0,2359296,0
1500,blocks.6.mlp.fc.weight,84,0,2359296,0
1500,blocks.6.mlp.fc.weight,85,0,2359296,0
1500,blocks.6.mlp.fc.weight,86,0,2359296,0
1500,blocks.6.mlp.fc.weight,87,0,2359296,0
1500,blocks.6.mlp.fc.weight,88,0,2359296,0
1500,blocks.6.mlp.fc.weight,89,0,2359296,0
1500,blocks.6.mlp.fc.weight,90,0,2359296,0
1500,blocks.6.mlp.fc.weight,91,0,2359296,0
1500,blocks.6.mlp.fc.weight,92,0,2359296,0
1500,blocks.6.mlp.fc.weight,93,0,2359296,0
1500,blocks.6.mlp.fc.weight,94,0,2359296,0
1500,blocks.6.mlp.fc.weight,95,0,2359296,0
1500,blocks.6.mlp.fc.weight,96,0,2359296,0
1500,blocks.6.mlp.fc.weight,97,0,2359296,0
1500,blocks.6.mlp.fc.weight,98,0,2359296,0
1500,blocks.6.mlp.fc.weight,99,0,2359296,0
1500,blocks.6.mlp.fc.weight,100,0,2359296,0
1500,blocks.6.mlp.fc.weight,101,0,2359296,0
1500,blocks.6.mlp.fc.weight,102,0,2359296,0
1500,blocks.6.mlp.fc.weight,103,0,2359296,0
1500,blocks.6.mlp.fc.weight,104,0,2359296,0
1500,blocks.6.mlp.fc.weight,105,0,2359296,0
1500,blocks.6.mlp.fc.weight,106,0,2359296,0
1500,blocks.6.mlp.fc.weight,107,0,2359296,0
1500,blocks.6.mlp.fc.weight,108,0,2359296,0
1500,blocks.6.mlp.fc.weight,109,0,2359296,0
1500,blocks.6.mlp.fc.weight,110,0,2359296,0
1500,blocks.6.mlp.fc.weight,111,0,2359296,0
1500,blocks.6.mlp.fc.weight,112,0,2359296,0
1500,blocks.6.mlp.fc.weight,113,0,2359296,0
1500,blocks.6.mlp.fc.weight,114,0,2359296,0
1500,blocks.6.mlp.fc.weight,115,0,2359296,0
1500,blocks.6.mlp.fc.weight,116,0,2359296,0
1500,blocks.6.mlp.fc.weight,117,0,2359296,0
1500,blocks.6.mlp.fc.weight,118,0,2359296,0
1500,blocks.6.mlp.fc.weight,119,0,2359296,0
1500,blocks.6.mlp.fc.weight,120,0,2359296,0
1500,blocks.6.mlp.fc.weight,121,0,2359296,0
1500,blocks.6.mlp.fc.weight,122,0,2359296,0
1500,blocks.6.mlp.fc.weight,123,0,2359296,0
1500,blocks.6.mlp.fc.weight,124,0,2359296,0
1500,blocks.6.mlp.fc.weight,125,0,2359296,0
1500,blocks.6.mlp.fc.weight,126,0,2359296,0
1500,blocks.6.mlp.fc.weight,127,0,2359296,0
1500,blocks.6.mlp.fc.weight,128,0,2359296,0
1500,blocks.6.mlp.proj.weight,-127,0,2359296,0
1500,blocks.6.mlp.proj.weight,-126,0,2359296,0
1500,blocks.6.mlp.proj.weight,-125,0,2359296,0
1500,blocks.6.mlp.proj.weight,-124,0,2359296,0
1500,blocks.6.mlp.proj.weight,-123,0,2359296,0
1500,blocks.6.mlp.proj.weight,-122,0,2359296,0
1500,blocks.6.mlp.proj.weight,-121,0,2359296,0
1500,blocks.6.mlp.proj.weight,-120,0,2359296,0
1500,blocks.6.mlp.proj.weight,-119,0,2359296,0
1500,blocks.6.mlp.proj.weight,-118,0,2359296,0
1500,blocks.6.mlp.proj.weight,-117,0,2359296,0
1500,blocks.6.mlp.proj.weight,-116,0,2359296,0
1500,blocks.6.mlp.proj.weight,-115,0,2359296,0
1500,blocks.6.mlp.proj.weight,-114,0,2359296,0
1500,blocks.6.mlp.proj.weight,-113,0,2359296,0
1500,blocks.6.mlp.proj.weight,-112,0,2359296,0
1500,blocks.6.mlp.proj.weight,-111,0,2359296,0
1500,blocks.6.mlp.proj.weight,-110,0,2359296,0
1500,blocks.6.mlp.proj.weight,-109,0,2359296,0
1500,blocks.6.mlp.proj.weight,-108,0,2359296,0
1500,blocks.6.mlp.proj.weight,-107,0,2359296,0
1500,blocks.6.mlp.proj.weight,-106,0,2359296,0
1500,blocks.6.mlp.proj.weight,-105,0,2359296,0
1500,blocks.6.mlp.proj.weight,-104,0,2359296,0
1500,blocks.6.mlp.proj.weight,-103,0,2359296,0
1500,blocks.6.mlp.proj.weight,-102,0,2359296,0
1500,blocks.6.mlp.proj.weight,-101,0,2359296,0
1500,blocks.6.mlp.proj.weight,-100,0,2359296,0
1500,blocks.6.mlp.proj.weight,-99,0,2359296,0
1500,blocks.6.mlp.proj.weight,-98,0,2359296,0
1500,blocks.6.mlp.proj.weight,-97,0,2359296,0
1500,blocks.6.mlp.proj.weight,-96,0,2359296,0
1500,blocks.6.mlp.proj.weight,-95,0,2359296,0
1500,blocks.6.mlp.proj.weight,-94,0,2359296,0
1500,blocks.6.mlp.proj.weight,-93,0,2359296,0
1500,blocks.6.mlp.proj.weight,-92,0,2359296,0
1500,blocks.6.mlp.proj.weight,-91,0,2359296,0
1500,blocks.6.mlp.proj.weight,-90,0,2359296,0
1500,blocks.6.mlp.proj.weight,-89,0,2359296,0
1500,blocks.6.mlp.proj.weight,-88,0,2359296,0
1500,blocks.6.mlp.proj.weight,-87,0,2359296,0
1500,blocks.6.mlp.proj.weight,-86,0,2359296,0
1500,blocks.6.mlp.proj.weight,-85,0,2359296,0
1500,blocks.6.mlp.proj.weight,-84,0,2359296,0
1500,blocks.6.mlp.proj.weight,-83,0,2359296,0
1500,blocks.6.mlp.proj.weight,-82,0,2359296,0
1500,blocks.6.mlp.proj.weight,-81,0,2359296,0
1500,blocks.6.mlp.proj.weight,-80,0,2359296,0
1500,blocks.6.mlp.proj.weight,-79,0,2359296,0
1500,blocks.6.mlp.proj.weight,-78,0,2359296,0
1500,blocks.6.mlp.proj.weight,-77,0,2359296,0
1500,blocks.6.mlp.proj.weight,-76,0,2359296,0
1500,blocks.6.mlp.proj.weight,-75,0,2359296,0
1500,blocks.6.mlp.proj.weight,-74,0,2359296,0
1500,blocks.6.mlp.proj.weight,-73,0,2359296,0
1500,blocks.6.mlp.proj.weight,-72,0,2359296,0
1500,blocks.6.mlp.proj.weight,-71,0,2359296,0
1500,blocks.6.mlp.proj.weight,-70,0,2359296,0
1500,blocks.6.mlp.proj.weight,-69,0,2359296,0
1500,blocks.6.mlp.proj.weight,-68,0,2359296,0
1500,blocks.6.mlp.proj.weight,-67,0,2359296,0
1500,blocks.6.mlp.proj.weight,-66,0,2359296,0
1500,blocks.6.mlp.proj.weight,-65,0,2359296,0
1500,blocks.6.mlp.proj.weight,-64,0,2359296,0
1500,blocks.6.mlp.proj.weight,-63,0,2359296,0
1500,blocks.6.mlp.proj.weight,-62,0,2359296,0
1500,blocks.6.mlp.proj.weight,-61,0,2359296,0
1500,blocks.6.mlp.proj.weight,-60,0,2359296,0
1500,blocks.6.mlp.proj.weight,-59,0,2359296,0
1500,blocks.6.mlp.proj.weight,-58,0,2359296,0
1500,blocks.6.mlp.proj.weight,-57,0,2359296,0
1500,blocks.6.mlp.proj.weight,-56,0,2359296,0
1500,blocks.6.mlp.proj.weight,-55,0,2359296,0
1500,blocks.6.mlp.proj.weight,-54,0,2359296,0
1500,blocks.6.mlp.proj.weight,-53,0,2359296,0
1500,blocks.6.mlp.proj.weight,-52,0,2359296,0
1500,blocks.6.mlp.proj.weight,-51,0,2359296,0
1500,blocks.6.mlp.proj.weight,-50,0,2359296,0
1500,blocks.6.mlp.proj.weight,-49,0,2359296,0
1500,blocks.6.mlp.proj.weight,-48,0,2359296,0
1500,blocks.6.mlp.proj.weight,-47,0,2359296,0
1500,blocks.6.mlp.proj.weight,-46,0,2359296,0
1500,blocks.6.mlp.proj.weight,-45,0,2359296,0
1500,blocks.6.mlp.proj.weight,-44,0,2359296,0
1500,blocks.6.mlp.proj.weight,-43,0,2359296,0
1500,blocks.6.mlp.proj.weight,-42,0,2359296,0
1500,blocks.6.mlp.proj.weight,-41,0,2359296,0
1500,blocks.6.mlp.proj.weight,-40,0,2359296,0
1500,blocks.6.mlp.proj.weight,-39,0,2359296,0
1500,blocks.6.mlp.proj.weight,-38,0,2359296,0
1500,blocks.6.mlp.proj.weight,-37,0,2359296,0
1500,blocks.6.mlp.proj.weight,-36,0,2359296,0
1500,blocks.6.mlp.proj.weight,-35,0,2359296,0
1500,blocks.6.mlp.proj.weight,-34,0,2359296,0
1500,blocks.6.mlp.proj.weight,-33,0,2359296,0
1500,blocks.6.mlp.proj.weight,-32,6,2359296,0
1500,blocks.6.mlp.proj.weight,-31,14,2359296,0
1500,blocks.6.mlp.proj.weight,-30,38,2359296,0
1500,blocks.6.mlp.proj.weight,-29,50,2359296,0
1500,blocks.6.mlp.proj.weight,-28,12,2359296,0
1500,blocks.6.mlp.proj.weight,-27,0,2359296,0
1500,blocks.6.mlp.proj.weight,-26,0,2359296,0
1500,blocks.6.mlp.proj.weight,-25,0,2359296,0
1500,blocks.6.mlp.proj.weight,-24,0,2359296,0
1500,blocks.6.mlp.proj.weight,-23,0,2359296,0
1500,blocks.6.mlp.proj.weight,-22,0,2359296,0
1500,blocks.6.mlp.proj.weight,-21,0,2359296,0
1500,blocks.6.mlp.proj.weight,-20,0,2359296,0
1500,blocks.6.mlp.proj.weight,-19,4,2359296,0
1500,blocks.6.mlp.proj.weight,-18,16,2359296,0
1500,blocks.6.mlp.proj.weight,-17,52,2359296,0
1500,blocks.6.mlp.proj.weight,-16,150,2359296,0
1500,blocks.6.mlp.proj.weight,-15,315,2359296,0
1500,blocks.6.mlp.proj.weight,-14,564,2359296,0
1500,blocks.6.mlp.proj.weight,-13,1262,2359296,0
1500,blocks.6.mlp.proj.weight,-12,2551,2359296,0
1500,blocks.6.mlp.proj.weight,-11,5033,2359296,0
1500,blocks.6.mlp.proj.weight,-10,10342,2359296,0
1500,blocks.6.mlp.proj.weight,-9,20571,2359296,0
1500,blocks.6.mlp.proj.weight,-8,41084,2359296,0
1500,blocks.6.mlp.proj.weight,-7,81050,2359296,0
1500,blocks.6.mlp.proj.weight,-6,158049,2359296,0
1500,blocks.6.mlp.proj.weight,-5,299712,2359296,0
1500,blocks.6.mlp.proj.weight,-4,528511,2359296,0
1500,blocks.6.mlp.proj.weight,-3,720775,2359296,0
1500,blocks.6.mlp.proj.weight,-2,442565,2359296,0
1500,blocks.6.mlp.proj.weight,-1,46241,2359296,0
1500,blocks.6.mlp.proj.weight,0,329,2359296,0
1500,blocks.6.mlp.proj.weight,1,0,2359296,0
1500,blocks.6.mlp.proj.weight,2,0,2359296,0
1500,blocks.6.mlp.proj.weight,3,0,2359296,0
1500,blocks.6.mlp.proj.weight,4,0,2359296,0
1500,blocks.6.mlp.proj.weight,5,0,2359296,0
1500,blocks.6.mlp.proj.weight,6,0,2359296,0
1500,blocks.6.mlp.proj.weight,7,0,2359296,0
1500,blocks.6.mlp.proj.weight,8,0,2359296,0
1500,blocks.6.mlp.proj.weight,9,0,2359296,0
1500,blocks.6.mlp.proj.weight,10,0,2359296,0
1500,blocks.6.mlp.proj.weight,11,0,2359296,0
1500,blocks.6.mlp.proj.weight,12,0,2359296,0
1500,blocks.6.mlp.proj.weight,13,0,2359296,0
1500,blocks.6.mlp.proj.weight,14,0,2359296,0
1500,blocks.6.mlp.proj.weight,15,0,2359296,0
1500,blocks.6.mlp.proj.weight,16,0,2359296,0
1500,blocks.6.mlp.proj.weight,17,0,2359296,0
1500,blocks.6.mlp.proj.weight,18,0,2359296,0
1500,blocks.6.mlp.proj.weight,19,0,2359296,0
1500,blocks.6.mlp.proj.weight,20,0,2359296,0
1500,blocks.6.mlp.proj.weight,21,0,2359296,0
1500,blocks.6.mlp.proj.weight,22,0,2359296,0
1500,blocks.6.mlp.proj.weight,23,0,2359296,0
1500,blocks.6.mlp.proj.weight,24,0,2359296,0
1500,blocks.6.mlp.proj.weight,25,0,2359296,0
1500,blocks.6.mlp.proj.weight,26,0,2359296,0
1500,blocks.6.mlp.proj.weight,27,0,2359296,0
1500,blocks.6.mlp.proj.weight,28,0,2359296,0
1500,blocks.6.mlp.proj.weight,29,0,2359296,0
1500,blocks.6.mlp.proj.weight,30,0,2359296,0
1500,blocks.6.mlp.proj.weight,31,0,2359296,0
1500,blocks.6.mlp.proj.weight,32,0,2359296,0
1500,blocks.6.mlp.proj.weight,33,0,2359296,0
1500,blocks.6.mlp.proj.weight,34,0,2359296,0
1500,blocks.6.mlp.proj.weight,35,0,2359296,0
1500,blocks.6.mlp.proj.weight,36,0,2359296,0
1500,blocks.6.mlp.proj.weight,37,0,2359296,0
1500,blocks.6.mlp.proj.weight,38,0,2359296,0
1500,blocks.6.mlp.proj.weight,39,0,2359296,0
1500,blocks.6.mlp.proj.weight,40,0,2359296,0
1500,blocks.6.mlp.proj.weight,41,0,2359296,0
1500,blocks.6.mlp.proj.weight,42,0,2359296,0
1500,blocks.6.mlp.proj.weight,43,0,2359296,0
1500,blocks.6.mlp.proj.weight,44,0,2359296,0
1500,blocks.6.mlp.proj.weight,45,0,2359296,0
1500,blocks.6.mlp.proj.weight,46,0,2359296,0
1500,blocks.6.mlp.proj.weight,47,0,2359296,0
1500,blocks.6.mlp.proj.weight,48,0,2359296,0
1500,blocks.6.mlp.proj.weight,49,0,2359296,0
1500,blocks.6.mlp.proj.weight,50,0,2359296,0
1500,blocks.6.mlp.proj.weight,51,0,2359296,0
1500,blocks.6.mlp.proj.weight,52,0,2359296,0
1500,blocks.6.mlp.proj.weight,53,0,2359296,0
1500,blocks.6.mlp.proj.weight,54,0,2359296,0
1500,blocks.6.mlp.proj.weight,55,0,2359296,0
1500,blocks.6.mlp.proj.weight,56,0,2359296,0
1500,blocks.6.mlp.proj.weight,57,0,2359296,0
1500,blocks.6.mlp.proj.weight,58,0,2359296,0
1500,blocks.6.mlp.proj.weight,59,0,2359296,0
1500,blocks.6.mlp.proj.weight,60,0,2359296,0
1500,blocks.6.mlp.proj.weight,61,0,2359296,0
1500,blocks.6.mlp.proj.weight,62,0,2359296,0
1500,blocks.6.mlp.proj.weight,63,0,2359296,0
1500,blocks.6.mlp.proj.weight,64,0,2359296,0
1500,blocks.6.mlp.proj.weight,65,0,2359296,0
1500,blocks.6.mlp.proj.weight,66,0,2359296,0
1500,blocks.6.mlp.proj.weight,67,0,2359296,0
1500,blocks.6.mlp.proj.weight,68,0,2359296,0
1500,blocks.6.mlp.proj.weight,69,0,2359296,0
1500,blocks.6.mlp.proj.weight,70,0,2359296,0
1500,blocks.6.mlp.proj.weight,71,0,2359296,0
1500,blocks.6.mlp.proj.weight,72,0,2359296,0
1500,blocks.6.mlp.proj.weight,73,0,2359296,0
1500,blocks.6.mlp.proj.weight,74,0,2359296,0
1500,blocks.6.mlp.proj.weight,75,0,2359296,0
1500,blocks.6.mlp.proj.weight,76,0,2359296,0
1500,blocks.6.mlp.proj.weight,77,0,2359296,0
1500,blocks.6.mlp.proj.weight,78,0,2359296,0
1500,blocks.6.mlp.proj.weight,79,0,2359296,0
1500,blocks.6.mlp.proj.weight,80,0,2359296,0
1500,blocks.6.mlp.proj.weight,81,0,2359296,0
1500,blocks.6.mlp.proj.weight,82,0,2359296,0
1500,blocks.6.mlp.proj.weight,83,0,2359296,0
1500,blocks.6.mlp.proj.weight,84,0,2359296,0
1500,blocks.6.mlp.proj.weight,85,0,2359296,0
1500,blocks.6.mlp.proj.weight,86,0,2359296,0
1500,blocks.6.mlp.proj.weight,87,0,2359296,0
1500,blocks.6.mlp.proj.weight,88,0,2359296,0
1500,blocks.6.mlp.proj.weight,89,0,2359296,0
1500,blocks.6.mlp.proj.weight,90,0,2359296,0
1500,blocks.6.mlp.proj.weight,91,0,2359296,0
1500,blocks.6.mlp.proj.weight,92,0,2359296,0
1500,blocks.6.mlp.proj.weight,93,0,2359296,0
1500,blocks.6.mlp.proj.weight,94,0,2359296,0
1500,blocks.6.mlp.proj.weight,95,0,2359296,0
1500,blocks.6.mlp.proj.weight,96,0,2359296,0
1500,blocks.6.mlp.proj.weight,97,0,2359296,0
1500,blocks.6.mlp.proj.weight,98,0,2359296,0
1500,blocks.6.mlp.proj.weight,99,0,2359296,0
1500,blocks.6.mlp.proj.weight,100,0,2359296,0
1500,blocks.6.mlp.proj.weight,101,0,2359296,0
1500,blocks.6.mlp.proj.weight,102,0,2359296,0
1500,blocks.6.mlp.proj.weight,103,0,2359296,0
1500,blocks.6.mlp.proj.weight,104,0,2359296,0
1500,blocks.6.mlp.proj.weight,105,0,2359296,0
1500,blocks.6.mlp.proj.weight,106,0,2359296,0
1500,blocks.6.mlp.proj.weight,107,0,2359296,0
1500,blocks.6.mlp.proj.weight,108,0,2359296,0
1500,blocks.6.mlp.proj.weight,109,0,2359296,0
1500,blocks.6.mlp.proj.weight,110,0,2359296,0
1500,blocks.6.mlp.proj.weight,111,0,2359296,0
1500,blocks.6.mlp.proj.weight,112,0,2359296,0
1500,blocks.6.mlp.proj.weight,113,0,2359296,0
1500,blocks.6.mlp.proj.weight,114,0,2359296,0
1500,blocks.6.mlp.proj.weight,115,0,2359296,0
1500,blocks.6.mlp.proj.weight,116,0,2359296,0
1500,blocks.6.mlp.proj.weight,117,0,2359296,0
1500,blocks.6.mlp.proj.weight,118,0,2359296,0
1500,blocks.6.mlp.proj.weight,119,0,2359296,0
1500,blocks.6.mlp.proj.weight,120,0,2359296,0
1500,blocks.6.mlp.proj.weight,121,0,2359296,0
1500,blocks.6.mlp.proj.weight,122,0,2359296,0
1500,blocks.6.mlp.proj.weight,123,0,2359296,0
1500,blocks.6.mlp.proj.weight,124,0,2359296,0
1500,blocks.6.mlp.proj.weight,125,0,2359296,0
1500,blocks.6.mlp.proj.weight,126,0,2359296,0
1500,blocks.6.mlp.proj.weight,127,0,2359296,0
1500,blocks.6.mlp.proj.weight,128,0,2359296,0
1500,blocks.7.mlp.fc.weight,-127,0,2359296,0
1500,blocks.7.mlp.fc.weight,-126,0,2359296,0
1500,blocks.7.mlp.fc.weight,-125,0,2359296,0
1500,blocks.7.mlp.fc.weight,-124,0,2359296,0
1500,blocks.7.mlp.fc.weight,-123,0,2359296,0
1500,blocks.7.mlp.fc.weight,-122,0,2359296,0
1500,blocks.7.mlp.fc.weight,-121,0,2359296,0
1500,blocks.7.mlp.fc.weight,-120,0,2359296,0
1500,blocks.7.mlp.fc.weight,-119,0,2359296,0
1500,blocks.7.mlp.fc.weight,-118,0,2359296,0
1500,blocks.7.mlp.fc.weight,-117,0,2359296,0
1500,blocks.7.mlp.fc.weight,-116,0,2359296,0
1500,blocks.7.mlp.fc.weight,-115,0,2359296,0
1500,blocks.7.mlp.fc.weight,-114,0,2359296,0
1500,blocks.7.mlp.fc.weight,-113,0,2359296,0
1500,blocks.7.mlp.fc.weight,-112,0,2359296,0
1500,blocks.7.mlp.fc.weight,-111,0,2359296,0
1500,blocks.7.mlp.fc.weight,-110,0,2359296,0
1500,blocks.7.mlp.fc.weight,-109,0,2359296,0
1500,blocks.7.mlp.fc.weight,-108,0,2359296,0
1500,blocks.7.mlp.fc.weight,-107,0,2359296,0
1500,blocks.7.mlp.fc.weight,-106,0,2359296,0
1500,blocks.7.mlp.fc.weight,-105,0,2359296,0
1500,blocks.7.mlp.fc.weight,-104,0,2359296,0
1500,blocks.7.mlp.fc.weight,-103,0,2359296,0
1500,blocks.7.mlp.fc.weight,-102,0,2359296,0
1500,blocks.7.mlp.fc.weight,-101,0,2359296,0
1500,blocks.7.mlp.fc.weight,-100,0,2359296,0
1500,blocks.7.mlp.fc.weight,-99,0,2359296,0
1500,blocks.7.mlp.fc.weight,-98,0,2359296,0
1500,blocks.7.mlp.fc.weight,-97,0,2359296,0
1500,blocks.7.mlp.fc.weight,-96,0,2359296,0
1500,blocks.7.mlp.fc.weight,-95,0,2359296,0
1500,blocks.7.mlp.fc.weight,-94,0,2359296,0
1500,blocks.7.mlp.fc.weight,-93,0,2359296,0
1500,blocks.7.mlp.fc.weight,-92,0,2359296,0
1500,blocks.7.mlp.fc.weight,-91,0,2359296,0
1500,blocks.7.mlp.fc.weight,-90,0,2359296,0
1500,blocks.7.mlp.fc.weight,-89,0,2359296,0
1500,blocks.7.mlp.fc.weight,-88,0,2359296,0
1500,blocks.7.mlp.fc.weight,-87,0,2359296,0
1500,blocks.7.mlp.fc.weight,-86,0,2359296,0
1500,blocks.7.mlp.fc.weight,-85,0,2359296,0
1500,blocks.7.mlp.fc.weight,-84,0,2359296,0
1500,blocks.7.mlp.fc.weight,-83,0,2359296,0
1500,blocks.7.mlp.fc.weight,-82,0,2359296,0
1500,blocks.7.mlp.fc.weight,-81,0,2359296,0
1500,blocks.7.mlp.fc.weight,-80,0,2359296,0
1500,blocks.7.mlp.fc.weight,-79,0,2359296,0
1500,blocks.7.mlp.fc.weight,-78,0,2359296,0
1500,blocks.7.mlp.fc.weight,-77,0,2359296,0
1500,blocks.7.mlp.fc.weight,-76,0,2359296,0
1500,blocks.7.mlp.fc.weight,-75,0,2359296,0
1500,blocks.7.mlp.fc.weight,-74,0,2359296,0
1500,blocks.7.mlp.fc.weight,-73,0,2359296,0
1500,blocks.7.mlp.fc.weight,-72,0,2359296,0
1500,blocks.7.mlp.fc.weight,-71,0,2359296,0
1500,blocks.7.mlp.fc.weight,-70,0,2359296,0
1500,blocks.7.mlp.fc.weight,-69,0,2359296,0
1500,blocks.7.mlp.fc.weight,-68,0,2359296,0
1500,blocks.7.mlp.fc.weight,-67,0,2359296,0
1500,blocks.7.mlp.fc.weight,-66,0,2359296,0
1500,blocks.7.mlp.fc.weight,-65,0,2359296,0
1500,blocks.7.mlp.fc.weight,-64,0,2359296,0
1500,blocks.7.mlp.fc.weight,-63,0,2359296,0
1500,blocks.7.mlp.fc.weight,-62,0,2359296,0
1500,blocks.7.mlp.fc.weight,-61,0,2359296,0
1500,blocks.7.mlp.fc.weight,-60,0,2359296,0
1500,blocks.7.mlp.fc.weight,-59,0,2359296,0
1500,blocks.7.mlp.fc.weight,-58,0,2359296,0
1500,blocks.7.mlp.fc.weight,-57,0,2359296,0
1500,blocks.7.mlp.fc.weight,-56,0,2359296,0
1500,blocks.7.mlp.fc.weight,-55,0,2359296,0
1500,blocks.7.mlp.fc.weight,-54,0,2359296,0
1500,blocks.7.mlp.fc.weight,-53,0,2359296,0
1500,blocks.7.mlp.fc.weight,-52,0,2359296,0
1500,blocks.7.mlp.fc.weight,-51,0,2359296,0
1500,blocks.7.mlp.fc.weight,-50,0,2359296,0
1500,blocks.7.mlp.fc.weight,-49,0,2359296,0
1500,blocks.7.mlp.fc.weight,-48,0,2359296,0
1500,blocks.7.mlp.fc.weight,-47,0,2359296,0
1500,blocks.7.mlp.fc.weight,-46,0,2359296,0
1500,blocks.7.mlp.fc.weight,-45,0,2359296,0
1500,blocks.7.mlp.fc.weight,-44,0,2359296,0
1500,blocks.7.mlp.fc.weight,-43,0,2359296,0
1500,blocks.7.mlp.fc.weight,-42,0,2359296,0
1500,blocks.7.mlp.fc.weight,-41,0,2359296,0
1500,blocks.7.mlp.fc.weight,-40,0,2359296,0
1500,blocks.7.mlp.fc.weight,-39,0,2359296,0
1500,blocks.7.mlp.fc.weight,-38,0,2359296,0
1500,blocks.7.mlp.fc.weight,-37,0,2359296,0
1500,blocks.7.mlp.fc.weight,-36,0,2359296,0
1500,blocks.7.mlp.fc.weight,-35,0,2359296,0
1500,blocks.7.mlp.fc.weight,-34,1,2359296,0
1500,blocks.7.mlp.fc.weight,-33,2,2359296,0
1500,blocks.7.mlp.fc.weight,-32,11,2359296,0
1500,blocks.7.mlp.fc.weight,-31,30,2359296,0
1500,blocks.7.mlp.fc.weight,-30,39,2359296,0
1500,blocks.7.mlp.fc.weight,-29,29,2359296,0
1500,blocks.7.mlp.fc.weight,-28,2,2359296,0
1500,blocks.7.mlp.fc.weight,-27,1,2359296,0
1500,blocks.7.mlp.fc.weight,-26,0,2359296,0
1500,blocks.7.mlp.fc.weight,-25,1,2359296,0
1500,blocks.7.mlp.fc.weight,-24,0,2359296,0
1500,blocks.7.mlp.fc.weight,-23,0,2359296,0
1500,blocks.7.mlp.fc.weight,-22,0,2359296,0
1500,blocks.7.mlp.fc.weight,-21,0,2359296,0
1500,blocks.7.mlp.fc.weight,-20,7,2359296,0
1500,blocks.7.mlp.fc.weight,-19,17,2359296,0
1500,blocks.7.mlp.fc.weight,-18,38,2359296,0
1500,blocks.7.mlp.fc.weight,-17,110,2359296,0
1500,blocks.7.mlp.fc.weight,-16,220,2359296,0
1500,blocks.7.mlp.fc.weight,-15,415,2359296,0
1500,blocks.7.mlp.fc.weight,-14,944,2359296,0
1500,blocks.7.mlp.fc.weight,-13,1996,2359296,0
1500,blocks.7.mlp.fc.weight,-12,3944,2359296,0
1500,blocks.7.mlp.fc.weight,-11,7826,2359296,0
1500,blocks.7.mlp.fc.weight,-10,16096,2359296,0
1500,blocks.7.mlp.fc.weight,-9,31695,2359296,0
1500,blocks.7.mlp.fc.weight,-8,62467,2359296,0
1500,blocks.7.mlp.fc.weight,-7,119768,2359296,0
1500,blocks.7.mlp.fc.weight,-6,224176,2359296,0
1500,blocks.7.mlp.fc.weight,-5,408765,2359296,0
1500,blocks.7.mlp.fc.weight,-4,643374,2359296,0
1500,blocks.7.mlp.fc.weight,-3,614680,2359296,0
1500,blocks.7.mlp.fc.weight,-2,200233,2359296,0
1500,blocks.7.mlp.fc.weight,-1,21472,2359296,0
1500,blocks.7.mlp.fc.weight,0,931,2359296,0
1500,blocks.7.mlp.fc.weight,1,6,2359296,0
1500,blocks.7.mlp.fc.weight,2,0,2359296,0
1500,blocks.7.mlp.fc.weight,3,0,2359296,0
1500,blocks.7.mlp.fc.weight,4,0,2359296,0
1500,blocks.7.mlp.fc.weight,5,0,2359296,0
1500,blocks.7.mlp.fc.weight,6,0,2359296,0
1500,blocks.7.mlp.fc.weight,7,0,2359296,0
1500,blocks.7.mlp.fc.weight,8,0,2359296,0
1500,blocks.7.mlp.fc.weight,9,0,2359296,0
1500,blocks.7.mlp.fc.weight,10,0,2359296,0
1500,blocks.7.mlp.fc.weight,11,0,2359296,0
1500,blocks.7.mlp.fc.weight,12,0,2359296,0
1500,blocks.7.mlp.fc.weight,13,0,2359296,0
1500,blocks.7.mlp.fc.weight,14,0,2359296,0
1500,blocks.7.mlp.fc.weight,15,0,2359296,0
1500,blocks.7.mlp.fc.weight,16,0,2359296,0
1500,blocks.7.mlp.fc.weight,17,0,2359296,0
1500,blocks.7.mlp.fc.weight,18,0,2359296,0
1500,blocks.7.mlp.fc.weight,19,0,2359296,0
1500,blocks.7.mlp.fc.weight,20,0,2359296,0
1500,blocks.7.mlp.fc.weight,21,0,2359296,0
1500,blocks.7.mlp.fc.weight,22,0,2359296,0
1500,blocks.7.mlp.fc.weight,23,0,2359296,0
1500,blocks.7.mlp.fc.weight,24,0,2359296,0
1500,blocks.7.mlp.fc.weight,25,0,2359296,0
1500,blocks.7.mlp.fc.weight,26,0,2359296,0
1500,blocks.7.mlp.fc.weight,27,0,2359296,0
1500,blocks.7.mlp.fc.weight,28,0,2359296,0
1500,blocks.7.mlp.fc.weight,29,0,2359296,0
1500,blocks.7.mlp.fc.weight,30,0,2359296,0
1500,blocks.7.mlp.fc.weight,31,0,2359296,0
1500,blocks.7.mlp.fc.weight,32,0,2359296,0
1500,blocks.7.mlp.fc.weight,33,0,2359296,0
1500,blocks.7.mlp.fc.weight,34,0,2359296,0
1500,blocks.7.mlp.fc.weight,35,0,2359296,0
1500,blocks.7.mlp.fc.weight,36,0,2359296,0
1500,blocks.7.mlp.fc.weight,37,0,2359296,0
1500,blocks.7.mlp.fc.weight,38,0,2359296,0
1500,blocks.7.mlp.fc.weight,39,0,2359296,0
1500,blocks.7.mlp.fc.weight,40,0,2359296,0
1500,blocks.7.mlp.fc.weight,41,0,2359296,0
1500,blocks.7.mlp.fc.weight,42,0,2359296,0
1500,blocks.7.mlp.fc.weight,43,0,2359296,0
1500,blocks.7.mlp.fc.weight,44,0,2359296,0
1500,blocks.7.mlp.fc.weight,45,0,2359296,0
1500,blocks.7.mlp.fc.weight,46,0,2359296,0
1500,blocks.7.mlp.fc.weight,47,0,2359296,0
1500,blocks.7.mlp.fc.weight,48,0,2359296,0
1500,blocks.7.mlp.fc.weight,49,0,2359296,0
1500,blocks.7.mlp.fc.weight,50,0,2359296,0
1500,blocks.7.mlp.fc.weight,51,0,2359296,0
1500,blocks.7.mlp.fc.weight,52,0,2359296,0
1500,blocks.7.mlp.fc.weight,53,0,2359296,0
1500,blocks.7.mlp.fc.weight,54,0,2359296,0
1500,blocks.7.mlp.fc.weight,55,0,2359296,0
1500,blocks.7.mlp.fc.weight,56,0,2359296,0
1500,blocks.7.mlp.fc.weight,57,0,2359296,0
1500,blocks.7.mlp.fc.weight,58,0,2359296,0
1500,blocks.7.mlp.fc.weight,59,0,2359296,0
1500,blocks.7.mlp.fc.weight,60,0,2359296,0
1500,blocks.7.mlp.fc.weight,61,0,2359296,0
1500,blocks.7.mlp.fc.weight,62,0,2359296,0
1500,blocks.7.mlp.fc.weight,63,0,2359296,0
1500,blocks.7.mlp.fc.weight,64,0,2359296,0
1500,blocks.7.mlp.fc.weight,65,0,2359296,0
1500,blocks.7.mlp.fc.weight,66,0,2359296,0
1500,blocks.7.mlp.fc.weight,67,0,2359296,0
1500,blocks.7.mlp.fc.weight,68,0,2359296,0
1500,blocks.7.mlp.fc.weight,69,0,2359296,0
1500,blocks.7.mlp.fc.weight,70,0,2359296,0
1500,blocks.7.mlp.fc.weight,71,0,2359296,0
1500,blocks.7.mlp.fc.weight,72,0,2359296,0
1500,blocks.7.mlp.fc.weight,73,0,2359296,0
1500,blocks.7.mlp.fc.weight,74,0,2359296,0
1500,blocks.7.mlp.fc.weight,75,0,2359296,0
1500,blocks.7.mlp.fc.weight,76,0,2359296,0
1500,blocks.7.mlp.fc.weight,77,0,2359296,0
1500,blocks.7.mlp.fc.weight,78,0,2359296,0
1500,blocks.7.mlp.fc.weight,79,0,2359296,0
1500,blocks.7.mlp.fc.weight,80,0,2359296,0
1500,blocks.7.mlp.fc.weight,81,0,2359296,0
1500,blocks.7.mlp.fc.weight,82,0,2359296,0
1500,blocks.7.mlp.fc.weight,83,0,2359296,0
1500,blocks.7.mlp.fc.weight,84,0,2359296,0
1500,blocks.7.mlp.fc.weight,85,0,2359296,0
1500,blocks.7.mlp.fc.weight,86,0,2359296,0
1500,blocks.7.mlp.fc.weight,87,0,2359296,0
1500,blocks.7.mlp.fc.weight,88,0,2359296,0
1500,blocks.7.mlp.fc.weight,89,0,2359296,0
1500,blocks.7.mlp.fc.weight,90,0,2359296,0
1500,blocks.7.mlp.fc.weight,91,0,2359296,0
1500,blocks.7.mlp.fc.weight,92,0,2359296,0
1500,blocks.7.mlp.fc.weight,93,0,2359296,0
1500,blocks.7.mlp.fc.weight,94,0,2359296,0
1500,blocks.7.mlp.fc.weight,95,0,2359296,0
1500,blocks.7.mlp.fc.weight,96,0,2359296,0
1500,blocks.7.mlp.fc.weight,97,0,2359296,0
1500,blocks.7.mlp.fc.weight,98,0,2359296,0
1500,blocks.7.mlp.fc.weight,99,0,2359296,0
1500,blocks.7.mlp.fc.weight,100,0,2359296,0
1500,blocks.7.mlp.fc.weight,101,0,2359296,0
1500,blocks.7.mlp.fc.weight,102,0,2359296,0
1500,blocks.7.mlp.fc.weight,103,0,2359296,0
1500,blocks.7.mlp.fc.weight,104,0,2359296,0
1500,blocks.7.mlp.fc.weight,105,0,2359296,0
1500,blocks.7.mlp.fc.weight,106,0,2359296,0
1500,blocks.7.mlp.fc.weight,107,0,2359296,0
1500,blocks.7.mlp.fc.weight,108,0,2359296,0
1500,blocks.7.mlp.fc.weight,109,0,2359296,0
1500,blocks.7.mlp.fc.weight,110,0,2359296,0
1500,blocks.7.mlp.fc.weight,111,0,2359296,0
1500,blocks.7.mlp.fc.weight,112,0,2359296,0
1500,blocks.7.mlp.fc.weight,113,0,2359296,0
1500,blocks.7.mlp.fc.weight,114,0,2359296,0
1500,blocks.7.mlp.fc.weight,115,0,2359296,0
1500,blocks.7.mlp.fc.weight,116,0,2359296,0
1500,blocks.7.mlp.fc.weight,117,0,2359296,0
1500,blocks.7.mlp.fc.weight,118,0,2359296,0
1500,blocks.7.mlp.fc.weight,119,0,2359296,0
1500,blocks.7.mlp.fc.weight,120,0,2359296,0
1500,blocks.7.mlp.fc.weight,121,0,2359296,0
1500,blocks.7.mlp.fc.weight,122,0,2359296,0
1500,blocks.7.mlp.fc.weight,123,0,2359296,0
1500,blocks.7.mlp.fc.weight,124,0,2359296,0
1500,blocks.7.mlp.fc.weight,125,0,2359296,0
1500,blocks.7.mlp.fc.weight,126,0,2359296,0
1500,blocks.7.mlp.fc.weight,127,0,2359296,0
1500,blocks.7.mlp.fc.weight,128,0,2359296,0
1500,blocks.7.mlp.proj.weight,-127,0,2359296,0
1500,blocks.7.mlp.proj.weight,-126,0,2359296,0
1500,blocks.7.mlp.proj.weight,-125,0,2359296,0
1500,blocks.7.mlp.proj.weight,-124,0,2359296,0
1500,blocks.7.mlp.proj.weight,-123,0,2359296,0
1500,blocks.7.mlp.proj.weight,-122,0,2359296,0
1500,blocks.7.mlp.proj.weight,-121,0,2359296,0
1500,blocks.7.mlp.proj.weight,-120,0,2359296,0
1500,blocks.7.mlp.proj.weight,-119,0,2359296,0
1500,blocks.7.mlp.proj.weight,-118,0,2359296,0
1500,blocks.7.mlp.proj.weight,-117,0,2359296,0
1500,blocks.7.mlp.proj.weight,-116,0,2359296,0
1500,blocks.7.mlp.proj.weight,-115,0,2359296,0
1500,blocks.7.mlp.proj.weight,-114,0,2359296,0
1500,blocks.7.mlp.proj.weight,-113,0,2359296,0
1500,blocks.7.mlp.proj.weight,-112,0,2359296,0
1500,blocks.7.mlp.proj.weight,-111,0,2359296,0
1500,blocks.7.mlp.proj.weight,-110,0,2359296,0
1500,blocks.7.mlp.proj.weight,-109,0,2359296,0
1500,blocks.7.mlp.proj.weight,-108,0,2359296,0
1500,blocks.7.mlp.proj.weight,-107,0,2359296,0
1500,blocks.7.mlp.proj.weight,-106,0,2359296,0
1500,blocks.7.mlp.proj.weight,-105,0,2359296,0
1500,blocks.7.mlp.proj.weight,-104,0,2359296,0
1500,blocks.7.mlp.proj.weight,-103,0,2359296,0
1500,blocks.7.mlp.proj.weight,-102,0,2359296,0
1500,blocks.7.mlp.proj.weight,-101,0,2359296,0
1500,blocks.7.mlp.proj.weight,-100,0,2359296,0
1500,blocks.7.mlp.proj.weight,-99,0,2359296,0
1500,blocks.7.mlp.proj.weight,-98,0,2359296,0
1500,blocks.7.mlp.proj.weight,-97,0,2359296,0
1500,blocks.7.mlp.proj.weight,-96,0,2359296,0
1500,blocks.7.mlp.proj.weight,-95,0,2359296,0
1500,blocks.7.mlp.proj.weight,-94,0,2359296,0
1500,blocks.7.mlp.proj.weight,-93,0,2359296,0
1500,blocks.7.mlp.proj.weight,-92,0,2359296,0
1500,blocks.7.mlp.proj.weight,-91,0,2359296,0
1500,blocks.7.mlp.proj.weight,-90,0,2359296,0
1500,blocks.7.mlp.proj.weight,-89,0,2359296,0
1500,blocks.7.mlp.proj.weight,-88,0,2359296,0
1500,blocks.7.mlp.proj.weight,-87,0,2359296,0
1500,blocks.7.mlp.proj.weight,-86,0,2359296,0
1500,blocks.7.mlp.proj.weight,-85,0,2359296,0
1500,blocks.7.mlp.proj.weight,-84,0,2359296,0
1500,blocks.7.mlp.proj.weight,-83,0,2359296,0
1500,blocks.7.mlp.proj.weight,-82,0,2359296,0
1500,blocks.7.mlp.proj.weight,-81,0,2359296,0
1500,blocks.7.mlp.proj.weight,-80,0,2359296,0
1500,blocks.7.mlp.proj.weight,-79,0,2359296,0
1500,blocks.7.mlp.proj.weight,-78,0,2359296,0
1500,blocks.7.mlp.proj.weight,-77,0,2359296,0
1500,blocks.7.mlp.proj.weight,-76,0,2359296,0
1500,blocks.7.mlp.proj.weight,-75,0,2359296,0
1500,blocks.7.mlp.proj.weight,-74,0,2359296,0
1500,blocks.7.mlp.proj.weight,-73,0,2359296,0
1500,blocks.7.mlp.proj.weight,-72,0,2359296,0
1500,blocks.7.mlp.proj.weight,-71,0,2359296,0
1500,blocks.7.mlp.proj.weight,-70,0,2359296,0
1500,blocks.7.mlp.proj.weight,-69,0,2359296,0
1500,blocks.7.mlp.proj.weight,-68,0,2359296,0
1500,blocks.7.mlp.proj.weight,-67,0,2359296,0
1500,blocks.7.mlp.proj.weight,-66,0,2359296,0
1500,blocks.7.mlp.proj.weight,-65,0,2359296,0
1500,blocks.7.mlp.proj.weight,-64,0,2359296,0
1500,blocks.7.mlp.proj.weight,-63,0,2359296,0
1500,blocks.7.mlp.proj.weight,-62,0,2359296,0
1500,blocks.7.mlp.proj.weight,-61,0,2359296,0
1500,blocks.7.mlp.proj.weight,-60,0,2359296,0
1500,blocks.7.mlp.proj.weight,-59,0,2359296,0
1500,blocks.7.mlp.proj.weight,-58,0,2359296,0
1500,blocks.7.mlp.proj.weight,-57,0,2359296,0
1500,blocks.7.mlp.proj.weight,-56,0,2359296,0
1500,blocks.7.mlp.proj.weight,-55,0,2359296,0
1500,blocks.7.mlp.proj.weight,-54,0,2359296,0
1500,blocks.7.mlp.proj.weight,-53,0,2359296,0
1500,blocks.7.mlp.proj.weight,-52,0,2359296,0
1500,blocks.7.mlp.proj.weight,-51,0,2359296,0
1500,blocks.7.mlp.proj.weight,-50,0,2359296,0
1500,blocks.7.mlp.proj.weight,-49,0,2359296,0
1500,blocks.7.mlp.proj.weight,-48,0,2359296,0
1500,blocks.7.mlp.proj.weight,-47,0,2359296,0
1500,blocks.7.mlp.proj.weight,-46,0,2359296,0
1500,blocks.7.mlp.proj.weight,-45,0,2359296,0
1500,blocks.7.mlp.proj.weight,-44,0,2359296,0
1500,blocks.7.mlp.proj.weight,-43,0,2359296,0
1500,blocks.7.mlp.proj.weight,-42,0,2359296,0
1500,blocks.7.mlp.proj.weight,-41,0,2359296,0
1500,blocks.7.mlp.proj.weight,-40,0,2359296,0
1500,blocks.7.mlp.proj.weight,-39,0,2359296,0
1500,blocks.7.mlp.proj.weight,-38,0,2359296,0
1500,blocks.7.mlp.proj.weight,-37,0,2359296,0
1500,blocks.7.mlp.proj.weight,-36,0,2359296,0
1500,blocks.7.mlp.proj.weight,-35,0,2359296,0
1500,blocks.7.mlp.proj.weight,-34,0,2359296,0
1500,blocks.7.mlp.proj.weight,-33,0,2359296,0
1500,blocks.7.mlp.proj.weight,-32,3,2359296,0
1500,blocks.7.mlp.proj.weight,-31,7,2359296,0
1500,blocks.7.mlp.proj.weight,-30,45,2359296,0
1500,blocks.7.mlp.proj.weight,-29,49,2359296,0
1500,blocks.7.mlp.proj.weight,-28,10,2359296,0
1500,blocks.7.mlp.proj.weight,-27,1,2359296,0
1500,blocks.7.mlp.proj.weight,-26,0,2359296,0
1500,blocks.7.mlp.proj.weight,-25,0,2359296,0
1500,blocks.7.mlp.proj.weight,-24,0,2359296,0
1500,blocks.7.mlp.proj.weight,-23,0,2359296,0
1500,blocks.7.mlp.proj.weight,-22,0,2359296,0
1500,blocks.7.mlp.proj.weight,-21,1,2359296,0
1500,blocks.7.mlp.proj.weight,-20,5,2359296,0
1500,blocks.7.mlp.proj.weight,-19,8,2359296,0
1500,blocks.7.mlp.proj.weight,-18,13,2359296,0
1500,blocks.7.mlp.proj.weight,-17,44,2359296,0
1500,blocks.7.mlp.proj.weight,-16,149,2359296,0
1500,blocks.7.mlp.proj.weight,-15,300,2359296,0
1500,blocks.7.mlp.proj.weight,-14,563,2359296,0
1500,blocks.7.mlp.proj.weight,-13,1225,2359296,0
1500,blocks.7.mlp.proj.weight,-12,2445,2359296,0
1500,blocks.7.mlp.proj.weight,-11,5059,2359296,0
1500,blocks.7.mlp.proj.weight,-10,10405,2359296,0
1500,blocks.7.mlp.proj.weight,-9,20301,2359296,0
1500,blocks.7.mlp.proj.weight,-8,40958,2359296,0
1500,blocks.7.mlp.proj.weight,-7,81300,2359296,0
1500,blocks.7.mlp.proj.weight,-6,157554,2359296,0
1500,blocks.7.mlp.proj.weight,-5,297287,2359296,0
1500,blocks.7.mlp.proj.weight,-4,524711,2359296,0
1500,blocks.7.mlp.proj.weight,-3,722170,2359296,0
1500,blocks.7.mlp.proj.weight,-2,448357,2359296,0
1500,blocks.7.mlp.proj.weight,-1,46010,2359296,0
1500,blocks.7.mlp.proj.weight,0,316,2359296,0
1500,blocks.7.mlp.proj.weight,1,0,2359296,0
1500,blocks.7.mlp.proj.weight,2,0,2359296,0
1500,blocks.7.mlp.proj.weight,3,0,2359296,0
1500,blocks.7.mlp.proj.weight,4,0,2359296,0
1500,blocks.7.mlp.proj.weight,5,0,2359296,0
1500,blocks.7.mlp.proj.weight,6,0,2359296,0
1500,blocks.7.mlp.proj.weight,7,0,2359296,0
1500,blocks.7.mlp.proj.weight,8,0,2359296,0
1500,blocks.7.mlp.proj.weight,9,0,2359296,0
1500,blocks.7.mlp.proj.weight,10,0,2359296,0
1500,blocks.7.mlp.proj.weight,11,0,2359296,0
1500,blocks.7.mlp.proj.weight,12,0,2359296,0
1500,blocks.7.mlp.proj.weight,13,0,2359296,0
1500,blocks.7.mlp.proj.weight,14,0,2359296,0
1500,blocks.7.mlp.proj.weight,15,0,2359296,0
1500,blocks.7.mlp.proj.weight,16,0,2359296,0
1500,blocks.7.mlp.proj.weight,17,0,2359296,0
1500,blocks.7.mlp.proj.weight,18,0,2359296,0
1500,blocks.7.mlp.proj.weight,19,0,2359296,0
1500,blocks.7.mlp.proj.weight,20,0,2359296,0
1500,blocks.7.mlp.proj.weight,21,0,2359296,0
1500,blocks.7.mlp.proj.weight,22,0,2359296,0
1500,blocks.7.mlp.proj.weight,23,0,2359296,0
1500,blocks.7.mlp.proj.weight,24,0,2359296,0
1500,blocks.7.mlp.proj.weight,25,0,2359296,0
1500,blocks.7.mlp.proj.weight,26,0,2359296,0
1500,blocks.7.mlp.proj.weight,27,0,2359296,0
1500,blocks.7.mlp.proj.weight,28,0,2359296,0
1500,blocks.7.mlp.proj.weight,29,0,2359296,0
1500,blocks.7.mlp.proj.weight,30,0,2359296,0
1500,blocks.7.mlp.proj.weight,31,0,2359296,0
1500,blocks.7.mlp.proj.weight,32,0,2359296,0
1500,blocks.7.mlp.proj.weight,33,0,2359296,0
1500,blocks.7.mlp.proj.weight,34,0,2359296,0
1500,blocks.7.mlp.proj.weight,35,0,2359296,0
1500,blocks.7.mlp.proj.weight,36,0,2359296,0
1500,blocks.7.mlp.proj.weight,37,0,2359296,0
1500,blocks.7.mlp.proj.weight,38,0,2359296,0
1500,blocks.7.mlp.proj.weight,39,0,2359296,0
1500,blocks.7.mlp.proj.weight,40,0,2359296,0
1500,blocks.7.mlp.proj.weight,41,0,2359296,0
1500,blocks.7.mlp.proj.weight,42,0,2359296,0
1500,blocks.7.mlp.proj.weight,43,0,2359296,0
1500,blocks.7.mlp.proj.weight,44,0,2359296,0
1500,blocks.7.mlp.proj.weight,45,0,2359296,0
1500,blocks.7.mlp.proj.weight,46,0,2359296,0
1500,blocks.7.mlp.proj.weight,47,0,2359296,0
1500,blocks.7.mlp.proj.weight,48,0,2359296,0
1500,blocks.7.mlp.proj.weight,49,0,2359296,0
1500,blocks.7.mlp.proj.weight,50,0,2359296,0
1500,blocks.7.mlp.proj.weight,51,0,2359296,0
1500,blocks.7.mlp.proj.weight,52,0,2359296,0
1500,blocks.7.mlp.proj.weight,53,0,2359296,0
1500,blocks.7.mlp.proj.weight,54,0,2359296,0
1500,blocks.7.mlp.proj.weight,55,0,2359296,0
1500,blocks.7.mlp.proj.weight,56,0,2359296,0
1500,blocks.7.mlp.proj.weight,57,0,2359296,0
1500,blocks.7.mlp.proj.weight,58,0,2359296,0
1500,blocks.7.mlp.proj.weight,59,0,2359296,0
1500,blocks.7.mlp.proj.weight,60,0,2359296,0
1500,blocks.7.mlp.proj.weight,61,0,2359296,0
1500,blocks.7.mlp.proj.weight,62,0,2359296,0
1500,blocks.7.mlp.proj.weight,63,0,2359296,0
1500,blocks.7.mlp.proj.weight,64,0,2359296,0
1500,blocks.7.mlp.proj.weight,65,0,2359296,0
1500,blocks.7.mlp.proj.weight,66,0,2359296,0
1500,blocks.7.mlp.proj.weight,67,0,2359296,0
1500,blocks.7.mlp.proj.weight,68,0,2359296,0
1500,blocks.7.mlp.proj.weight,69,0,2359296,0
1500,blocks.7.mlp.proj.weight,70,0,2359296,0
1500,blocks.7.mlp.proj.weight,71,0,2359296,0
1500,blocks.7.mlp.proj.weight,72,0,2359296,0
1500,blocks.7.mlp.proj.weight,73,0,2359296,0
1500,blocks.7.mlp.proj.weight,74,0,2359296,0
1500,blocks.7.mlp.proj.weight,75,0,2359296,0
1500,blocks.7.mlp.proj.weight,76,0,2359296,0
1500,blocks.7.mlp.proj.weight,77,0,2359296,0
1500,blocks.7.mlp.proj.weight,78,0,2359296,0
1500,blocks.7.mlp.proj.weight,79,0,2359296,0
1500,blocks.7.mlp.proj.weight,80,0,2359296,0
1500,blocks.7.mlp.proj.weight,81,0,2359296,0
1500,blocks.7.mlp.proj.weight,82,0,2359296,0
1500,blocks.7.mlp.proj.weight,83,0,2359296,0
1500,blocks.7.mlp.proj.weight,84,0,2359296,0
1500,blocks.7.mlp.proj.weight,85,0,2359296,0
1500,blocks.7.mlp.proj.weight,86,0,2359296,0
1500,blocks.7.mlp.proj.weight,87,0,2359296,0
1500,blocks.7.mlp.proj.weight,88,0,2359296,0
1500,blocks.7.mlp.proj.weight,89,0,2359296,0
1500,blocks.7.mlp.proj.weight,90,0,2359296,0
1500,blocks.7.mlp.proj.weight,91,0,2359296,0
1500,blocks.7.mlp.proj.weight,92,0,2359296,0
1500,blocks.7.mlp.proj.weight,93,0,2359296,0
1500,blocks.7.mlp.proj.weight,94,0,2359296,0
1500,blocks.7.mlp.proj.weight,95,0,2359296,0
1500,blocks.7.mlp.proj.weight,96,0,2359296,0
1500,blocks.7.mlp.proj.weight,97,0,2359296,0
1500,blocks.7.mlp.proj.weight,98,0,2359296,0
1500,blocks.7.mlp.proj.weight,99,0,2359296,0
1500,blocks.7.mlp.proj.weight,100,0,2359296,0
1500,blocks.7.mlp.proj.weight,101,0,2359296,0
1500,blocks.7.mlp.proj.weight,102,0,2359296,0
1500,blocks.7.mlp.proj.weight,103,0,2359296,0
1500,blocks.7.mlp.proj.weight,104,0,2359296,0
1500,blocks.7.mlp.proj.weight,105,0,2359296,0
1500,blocks.7.mlp.proj.weight,106,0,2359296,0
1500,blocks.7.mlp.proj.weight,107,0,2359296,0
1500,blocks.7.mlp.proj.weight,108,0,2359296,0
1500,blocks.7.mlp.proj.weight,109,0,2359296,0
1500,blocks.7.mlp.proj.weight,110,0,2359296,0
1500,blocks.7.mlp.proj.weight,111,0,2359296,0
1500,blocks.7.mlp.proj.weight,112,0,2359296,0
1500,blocks.7.mlp.proj.weight,113,0,2359296,0
1500,blocks.7.mlp.proj.weight,114,0,2359296,0
1500,blocks.7.mlp.proj.weight,115,0,2359296,0
1500,blocks.7.mlp.proj.weight,116,0,2359296,0
1500,blocks.7.mlp.proj.weight,117,0,2359296,0
1500,blocks.7.mlp.proj.weight,118,0,2359296,0
1500,blocks.7.mlp.proj.weight,119,0,2359296,0
1500,blocks.7.mlp.proj.weight,120,0,2359296,0
1500,blocks.7.mlp.proj.weight,121,0,2359296,0
1500,blocks.7.mlp.proj.weight,122,0,2359296,0
1500,blocks.7.mlp.proj.weight,123,0,2359296,0
1500,blocks.7.mlp.proj.weight,124,0,2359296,0
1500,blocks.7.mlp.proj.weight,125,0,2359296,0
1500,blocks.7.mlp.proj.weight,126,0,2359296,0
1500,blocks.7.mlp.proj.weight,127,0,2359296,0
1500,blocks.7.mlp.proj.weight,128,0,2359296,0
1500,blocks.8.mlp.fc.weight,-127,0,2359296,0
1500,blocks.8.mlp.fc.weight,-126,0,2359296,0
1500,blocks.8.mlp.fc.weight,-125,0,2359296,0
1500,blocks.8.mlp.fc.weight,-124,0,2359296,0
1500,blocks.8.mlp.fc.weight,-123,0,2359296,0
1500,blocks.8.mlp.fc.weight,-122,0,2359296,0
1500,blocks.8.mlp.fc.weight,-121,0,2359296,0
1500,blocks.8.mlp.fc.weight,-120,0,2359296,0
1500,blocks.8.mlp.fc.weight,-119,0,2359296,0
1500,blocks.8.mlp.fc.weight,-118,0,2359296,0
1500,blocks.8.mlp.fc.weight,-117,0,2359296,0
1500,blocks.8.mlp.fc.weight,-116,0,2359296,0
1500,blocks.8.mlp.fc.weight,-115,0,2359296,0
1500,blocks.8.mlp.fc.weight,-114,0,2359296,0
1500,blocks.8.mlp.fc.weight,-113,0,2359296,0
1500,blocks.8.mlp.fc.weight,-112,0,2359296,0
1500,blocks.8.mlp.fc.weight,-111,0,2359296,0
1500,blocks.8.mlp.fc.weight,-110,0,2359296,0
1500,blocks.8.mlp.fc.weight,-109,0,2359296,0
1500,blocks.8.mlp.fc.weight,-108,0,2359296,0
1500,blocks.8.mlp.fc.weight,-107,0,2359296,0
1500,blocks.8.mlp.fc.weight,-106,0,2359296,0
1500,blocks.8.mlp.fc.weight,-105,0,2359296,0
1500,blocks.8.mlp.fc.weight,-104,0,2359296,0
1500,blocks.8.mlp.fc.weight,-103,0,2359296,0
1500,blocks.8.mlp.fc.weight,-102,0,2359296,0
1500,blocks.8.mlp.fc.weight,-101,0,2359296,0
1500,blocks.8.mlp.fc.weight,-100,0,2359296,0
1500,blocks.8.mlp.fc.weight,-99,0,2359296,0
1500,blocks.8.mlp.fc.weight,-98,0,2359296,0
1500,blocks.8.mlp.fc.weight,-97,0,2359296,0
1500,blocks.8.mlp.fc.weight,-96,0,2359296,0
1500,blocks.8.mlp.fc.weight,-95,0,2359296,0
1500,blocks.8.mlp.fc.weight,-94,0,2359296,0
1500,blocks.8.mlp.fc.weight,-93,0,2359296,0
1500,blocks.8.mlp.fc.weight,-92,0,2359296,0
1500,blocks.8.mlp.fc.weight,-91,0,2359296,0
1500,blocks.8.mlp.fc.weight,-90,0,2359296,0
1500,blocks.8.mlp.fc.weight,-89,0,2359296,0
1500,blocks.8.mlp.fc.weight,-88,0,2359296,0
1500,blocks.8.mlp.fc.weight,-87,0,2359296,0
1500,blocks.8.mlp.fc.weight,-86,0,2359296,0
1500,blocks.8.mlp.fc.weight,-85,0,2359296,0
1500,blocks.8.mlp.fc.weight,-84,0,2359296,0
1500,blocks.8.mlp.fc.weight,-83,0,2359296,0
1500,blocks.8.mlp.fc.weight,-82,0,2359296,0
1500,blocks.8.mlp.fc.weight,-81,0,2359296,0
1500,blocks.8.mlp.fc.weight,-80,0,2359296,0
1500,blocks.8.mlp.fc.weight,-79,0,2359296,0
1500,blocks.8.mlp.fc.weight,-78,0,2359296,0
1500,blocks.8.mlp.fc.weight,-77,0,2359296,0
1500,blocks.8.mlp.fc.weight,-76,0,2359296,0
1500,blocks.8.mlp.fc.weight,-75,0,2359296,0
1500,blocks.8.mlp.fc.weight,-74,0,2359296,0
1500,blocks.8.mlp.fc.weight,-73,0,2359296,0
1500,blocks.8.mlp.fc.weight,-72,0,2359296,0
1500,blocks.8.mlp.fc.weight,-71,0,2359296,0
1500,blocks.8.mlp.fc.weight,-70,0,2359296,0
1500,blocks.8.mlp.fc.weight,-69,0,2359296,0
1500,blocks.8.mlp.fc.weight,-68,0,2359296,0
1500,blocks.8.mlp.fc.weight,-67,0,2359296,0
1500,blocks.8.mlp.fc.weight,-66,0,2359296,0
1500,blocks.8.mlp.fc.weight,-65,0,2359296,0
1500,blocks.8.mlp.fc.weight,-64,0,2359296,0
1500,blocks.8.mlp.fc.weight,-63,0,2359296,0
1500,blocks.8.mlp.fc.weight,-62,0,2359296,0
1500,blocks.8.mlp.fc.weight,-61,0,2359296,0
1500,blocks.8.mlp.fc.weight,-60,0,2359296,0
1500,blocks.8.mlp.fc.weight,-59,0,2359296,0
1500,blocks.8.mlp.fc.weight,-58,0,2359296,0
1500,blocks.8.mlp.fc.weight,-57,0,2359296,0
1500,blocks.8.mlp.fc.weight,-56,0,2359296,0
1500,blocks.8.mlp.fc.weight,-55,0,2359296,0
1500,blocks.8.mlp.fc.weight,-54,0,2359296,0
1500,blocks.8.mlp.fc.weight,-53,0,2359296,0
1500,blocks.8.mlp.fc.weight,-52,0,2359296,0
1500,blocks.8.mlp.fc.weight,-51,0,2359296,0
1500,blocks.8.mlp.fc.weight,-50,0,2359296,0
1500,blocks.8.mlp.fc.weight,-49,0,2359296,0
1500,blocks.8.mlp.fc.weight,-48,0,2359296,0
1500,blocks.8.mlp.fc.weight,-47,0,2359296,0
1500,blocks.8.mlp.fc.weight,-46,0,2359296,0
1500,blocks.8.mlp.fc.weight,-45,0,2359296,0
1500,blocks.8.mlp.fc.weight,-44,0,2359296,0
1500,blocks.8.mlp.fc.weight,-43,0,2359296,0
1500,blocks.8.mlp.fc.weight,-42,0,2359296,0
1500,blocks.8.mlp.fc.weight,-41,0,2359296,0
1500,blocks.8.mlp.fc.weight,-40,0,2359296,0
1500,blocks.8.mlp.fc.weight,-39,0,2359296,0
1500,blocks.8.mlp.fc.weight,-38,0,2359296,0
1500,blocks.8.mlp.fc.weight,-37,0,2359296,0
1500,blocks.8.mlp.fc.weight,-36,0,2359296,0
1500,blocks.8.mlp.fc.weight,-35,0,2359296,0
1500,blocks.8.mlp.fc.weight,-34,2,2359296,0
1500,blocks.8.mlp.fc.weight,-33,2,2359296,0
1500,blocks.8.mlp.fc.weight,-32,12,2359296,0
1500,blocks.8.mlp.fc.weight,-31,31,2359296,0
1500,blocks.8.mlp.fc.weight,-30,28,2359296,0
1500,blocks.8.mlp.fc.weight,-29,10,2359296,0
1500,blocks.8.mlp.fc.weight,-28,4,2359296,0
1500,blocks.8.mlp.fc.weight,-27,1,2359296,0
1500,blocks.8.mlp.fc.weight,-26,0,2359296,0
1500,blocks.8.mlp.fc.weight,-25,2,2359296,0
1500,blocks.8.mlp.fc.weight,-24,4,2359296,0
1500,blocks.8.mlp.fc.weight,-23,9,2359296,0
1500,blocks.8.mlp.fc.weight,-22,12,2359296,0
1500,blocks.8.mlp.fc.weight,-21,32,2359296,0
1500,blocks.8.mlp.fc.weight,-20,61,2359296,0
1500,blocks.8.mlp.fc.weight,-19,123,2359296,0
1500,blocks.8.mlp.fc.weight,-18,225,2359296,0
1500,blocks.8.mlp.fc.weight,-17,385,2359296,0
1500,blocks.8.mlp.fc.weight,-16,322,2359296,0
1500,blocks.8.mlp.fc.weight,-15,487,2359296,0
1500,blocks.8.mlp.fc.weight,-14,964,2359296,0
1500,blocks.8.mlp.fc.weight,-13,2024,2359296,0
1500,blocks.8.mlp.fc.weight,-12,4179,2359296,0
1500,blocks.8.mlp.fc.weight,-11,8150,2359296,0
1500,blocks.8.mlp.fc.weight,-10,16676,2359296,0
1500,blocks.8.mlp.fc.weight,-9,32616,2359296,0
1500,blocks.8.mlp.fc.weight,-8,64691,2359296,0
1500,blocks.8.mlp.fc.weight,-7,123652,2359296,0
1500,blocks.8.mlp.fc.weight,-6,233389,2359296,0
1500,blocks.8.mlp.fc.weight,-5,423141,2359296,0
1500,blocks.8.mlp.fc.weight,-4,654053,2359296,0
1500,blocks.8.mlp.fc.weight,-3,599221,2359296,0
1500,blocks.8.mlp.fc.weight,-2,177526,2359296,0
1500,blocks.8.mlp.fc.weight,-1,16527,2359296,0
1500,blocks.8.mlp.fc.weight,0,711,2359296,0
1500,blocks.8.mlp.fc.weight,1,24,2359296,0
1500,blocks.8.mlp.fc.weight,2,0,2359296,0
1500,blocks.8.mlp.fc.weight,3,0,2359296,0
1500,blocks.8.mlp.fc.weight,4,0,2359296,0
1500,blocks.8.mlp.fc.weight,5,0,2359296,0
1500,blocks.8.mlp.fc.weight,6,0,2359296,0
1500,blocks.8.mlp.fc.weight,7,0,2359296,0
1500,blocks.8.mlp.fc.weight,8,0,2359296,0
1500,blocks.8.mlp.fc.weight,9,0,2359296,0
1500,blocks.8.mlp.fc.weight,10,0,2359296,0
1500,blocks.8.mlp.fc.weight,11,0,2359296,0
1500,blocks.8.mlp.fc.weight,12,0,2359296,0
1500,blocks.8.mlp.fc.weight,13,0,2359296,0
1500,blocks.8.mlp.fc.weight,14,0,2359296,0
1500,blocks.8.mlp.fc.weight,15,0,2359296,0
1500,blocks.8.mlp.fc.weight,16,0,2359296,0
1500,blocks.8.mlp.fc.weight,17,0,2359296,0
1500,blocks.8.mlp.fc.weight,18,0,2359296,0
1500,blocks.8.mlp.fc.weight,19,0,2359296,0
1500,blocks.8.mlp.fc.weight,20,0,2359296,0
1500,blocks.8.mlp.fc.weight,21,0,2359296,0
1500,blocks.8.mlp.fc.weight,22,0,2359296,0
1500,blocks.8.mlp.fc.weight,23,0,2359296,0
1500,blocks.8.mlp.fc.weight,24,0,2359296,0
1500,blocks.8.mlp.fc.weight,25,0,2359296,0
1500,blocks.8.mlp.fc.weight,26,0,2359296,0
1500,blocks.8.mlp.fc.weight,27,0,2359296,0
1500,blocks.8.mlp.fc.weight,28,0,2359296,0
1500,blocks.8.mlp.fc.weight,29,0,2359296,0
1500,blocks.8.mlp.fc.weight,30,0,2359296,0
1500,blocks.8.mlp.fc.weight,31,0,2359296,0
1500,blocks.8.mlp.fc.weight,32,0,2359296,0
1500,blocks.8.mlp.fc.weight,33,0,2359296,0
1500,blocks.8.mlp.fc.weight,34,0,2359296,0
1500,blocks.8.mlp.fc.weight,35,0,2359296,0
1500,blocks.8.mlp.fc.weight,36,0,2359296,0
1500,blocks.8.mlp.fc.weight,37,0,2359296,0
1500,blocks.8.mlp.fc.weight,38,0,2359296,0
1500,blocks.8.mlp.fc.weight,39,0,2359296,0
1500,blocks.8.mlp.fc.weight,40,0,2359296,0
1500,blocks.8.mlp.fc.weight,41,0,2359296,0
1500,blocks.8.mlp.fc.weight,42,0,2359296,0
1500,blocks.8.mlp.fc.weight,43,0,2359296,0
1500,blocks.8.mlp.fc.weight,44,0,2359296,0
1500,blocks.8.mlp.fc.weight,45,0,2359296,0
1500,blocks.8.mlp.fc.weight,46,0,2359296,0
1500,blocks.8.mlp.fc.weight,47,0,2359296,0
1500,blocks.8.mlp.fc.weight,48,0,2359296,0
1500,blocks.8.mlp.fc.weight,49,0,2359296,0
1500,blocks.8.mlp.fc.weight,50,0,2359296,0
1500,blocks.8.mlp.fc.weight,51,0,2359296,0
1500,blocks.8.mlp.fc.weight,52,0,2359296,0
1500,blocks.8.mlp.fc.weight,53,0,2359296,0
1500,blocks.8.mlp.fc.weight,54,0,2359296,0
1500,blocks.8.mlp.fc.weight,55,0,2359296,0
1500,blocks.8.mlp.fc.weight,56,0,2359296,0
1500,blocks.8.mlp.fc.weight,57,0,2359296,0
1500,blocks.8.mlp.fc.weight,58,0,2359296,0
1500,blocks.8.mlp.fc.weight,59,0,2359296,0
1500,blocks.8.mlp.fc.weight,60,0,2359296,0
1500,blocks.8.mlp.fc.weight,61,0,2359296,0
1500,blocks.8.mlp.fc.weight,62,0,2359296,0
1500,blocks.8.mlp.fc.weight,63,0,2359296,0
1500,blocks.8.mlp.fc.weight,64,0,2359296,0
1500,blocks.8.mlp.fc.weight,65,0,2359296,0
1500,blocks.8.mlp.fc.weight,66,0,2359296,0
1500,blocks.8.mlp.fc.weight,67,0,2359296,0
1500,blocks.8.mlp.fc.weight,68,0,2359296,0
1500,blocks.8.mlp.fc.weight,69,0,2359296,0
1500,blocks.8.mlp.fc.weight,70,0,2359296,0
1500,blocks.8.mlp.fc.weight,71,0,2359296,0
1500,blocks.8.mlp.fc.weight,72,0,2359296,0
1500,blocks.8.mlp.fc.weight,73,0,2359296,0
1500,blocks.8.mlp.fc.weight,74,0,2359296,0
1500,blocks.8.mlp.fc.weight,75,0,2359296,0
1500,blocks.8.mlp.fc.weight,76,0,2359296,0
1500,blocks.8.mlp.fc.weight,77,0,2359296,0
1500,blocks.8.mlp.fc.weight,78,0,2359296,0
1500,blocks.8.mlp.fc.weight,79,0,2359296,0
1500,blocks.8.mlp.fc.weight,80,0,2359296,0
1500,blocks.8.mlp.fc.weight,81,0,2359296,0
1500,blocks.8.mlp.fc.weight,82,0,2359296,0
1500,blocks.8.mlp.fc.weight,83,0,2359296,0
1500,blocks.8.mlp.fc.weight,84,0,2359296,0
1500,blocks.8.mlp.fc.weight,85,0,2359296,0
1500,blocks.8.mlp.fc.weight,86,0,2359296,0
1500,blocks.8.mlp.fc.weight,87,0,2359296,0
1500,blocks.8.mlp.fc.weight,88,0,2359296,0
1500,blocks.8.mlp.fc.weight,89,0,2359296,0
1500,blocks.8.mlp.fc.weight,90,0,2359296,0
1500,blocks.8.mlp.fc.weight,91,0,2359296,0
1500,blocks.8.mlp.fc.weight,92,0,2359296,0
1500,blocks.8.mlp.fc.weight,93,0,2359296,0
1500,blocks.8.mlp.fc.weight,94,0,2359296,0
1500,blocks.8.mlp.fc.weight,95,0,2359296,0
1500,blocks.8.mlp.fc.weight,96,0,2359296,0
1500,blocks.8.mlp.fc.weight,97,0,2359296,0
1500,blocks.8.mlp.fc.weight,98,0,2359296,0
1500,blocks.8.mlp.fc.weight,99,0,2359296,0
1500,blocks.8.mlp.fc.weight,100,0,2359296,0
1500,blocks.8.mlp.fc.weight,101,0,2359296,0
1500,blocks.8.mlp.fc.weight,102,0,2359296,0
1500,blocks.8.mlp.fc.weight,103,0,2359296,0
1500,blocks.8.mlp.fc.weight,104,0,2359296,0
1500,blocks.8.mlp.fc.weight,105,0,2359296,0
1500,blocks.8.mlp.fc.weight,106,0,2359296,0
1500,blocks.8.mlp.fc.weight,107,0,2359296,0
1500,blocks.8.mlp.fc.weight,108,0,2359296,0
1500,blocks.8.mlp.fc.weight,109,0,2359296,0
1500,blocks.8.mlp.fc.weight,110,0,2359296,0
1500,blocks.8.mlp.fc.weight,111,0,2359296,0
1500,blocks.8.mlp.fc.weight,112,0,2359296,0
1500,blocks.8.mlp.fc.weight,113,0,2359296,0
1500,blocks.8.mlp.fc.weight,114,0,2359296,0
1500,blocks.8.mlp.fc.weight,115,0,2359296,0
1500,blocks.8.mlp.fc.weight,116,0,2359296,0
1500,blocks.8.mlp.fc.weight,117,0,2359296,0
1500,blocks.8.mlp.fc.weight,118,0,2359296,0
1500,blocks.8.mlp.fc.weight,119,0,2359296,0
1500,blocks.8.mlp.fc.weight,120,0,2359296,0
1500,blocks.8.mlp.fc.weight,121,0,2359296,0
1500,blocks.8.mlp.fc.weight,122,0,2359296,0
1500,blocks.8.mlp.fc.weight,123,0,2359296,0
1500,blocks.8.mlp.fc.weight,124,0,2359296,0
1500,blocks.8.mlp.fc.weight,125,0,2359296,0
1500,blocks.8.mlp.fc.weight,126,0,2359296,0
1500,blocks.8.mlp.fc.weight,127,0,2359296,0
1500,blocks.8.mlp.fc.weight,128,0,2359296,0
1500,blocks.8.mlp.proj.weight,-127,0,2359296,0
1500,blocks.8.mlp.proj.weight,-126,0,2359296,0
1500,blocks.8.mlp.proj.weight,-125,0,2359296,0
1500,blocks.8.mlp.proj.weight,-124,0,2359296,0
1500,blocks.8.mlp.proj.weight,-123,0,2359296,0
1500,blocks.8.mlp.proj.weight,-122,0,2359296,0
1500,blocks.8.mlp.proj.weight,-121,0,2359296,0
1500,blocks.8.mlp.proj.weight,-120,0,2359296,0
1500,blocks.8.mlp.proj.weight,-119,0,2359296,0
1500,blocks.8.mlp.proj.weight,-118,0,2359296,0
1500,blocks.8.mlp.proj.weight,-117,0,2359296,0
1500,blocks.8.mlp.proj.weight,-116,0,2359296,0
1500,blocks.8.mlp.proj.weight,-115,0,2359296,0
1500,blocks.8.mlp.proj.weight,-114,0,2359296,0
1500,blocks.8.mlp.proj.weight,-113,0,2359296,0
1500,blocks.8.mlp.proj.weight,-112,0,2359296,0
1500,blocks.8.mlp.proj.weight,-111,0,2359296,0
1500,blocks.8.mlp.proj.weight,-110,0,2359296,0
1500,blocks.8.mlp.proj.weight,-109,0,2359296,0
1500,blocks.8.mlp.proj.weight,-108,0,2359296,0
1500,blocks.8.mlp.proj.weight,-107,0,2359296,0
1500,blocks.8.mlp.proj.weight,-106,0,2359296,0
1500,blocks.8.mlp.proj.weight,-105,0,2359296,0
1500,blocks.8.mlp.proj.weight,-104,0,2359296,0
1500,blocks.8.mlp.proj.weight,-103,0,2359296,0
1500,blocks.8.mlp.proj.weight,-102,0,2359296,0
1500,blocks.8.mlp.proj.weight,-101,0,2359296,0
1500,blocks.8.mlp.proj.weight,-100,0,2359296,0
1500,blocks.8.mlp.proj.weight,-99,0,2359296,0
1500,blocks.8.mlp.proj.weight,-98,0,2359296,0
1500,blocks.8.mlp.proj.weight,-97,0,2359296,0
1500,blocks.8.mlp.proj.weight,-96,0,2359296,0
1500,blocks.8.mlp.proj.weight,-95,0,2359296,0
1500,blocks.8.mlp.proj.weight,-94,0,2359296,0
1500,blocks.8.mlp.proj.weight,-93,0,2359296,0
1500,blocks.8.mlp.proj.weight,-92,0,2359296,0
1500,blocks.8.mlp.proj.weight,-91,0,2359296,0
1500,blocks.8.mlp.proj.weight,-90,0,2359296,0
1500,blocks.8.mlp.proj.weight,-89,0,2359296,0
1500,blocks.8.mlp.proj.weight,-88,0,2359296,0
1500,blocks.8.mlp.proj.weight,-87,0,2359296,0
1500,blocks.8.mlp.proj.weight,-86,0,2359296,0
1500,blocks.8.mlp.proj.weight,-85,0,2359296,0
1500,blocks.8.mlp.proj.weight,-84,0,2359296,0
1500,blocks.8.mlp.proj.weight,-83,0,2359296,0
1500,blocks.8.mlp.proj.weight,-82,0,2359296,0
1500,blocks.8.mlp.proj.weight,-81,0,2359296,0
1500,blocks.8.mlp.proj.weight,-80,0,2359296,0
1500,blocks.8.mlp.proj.weight,-79,0,2359296,0
1500,blocks.8.mlp.proj.weight,-78,0,2359296,0
1500,blocks.8.mlp.proj.weight,-77,0,2359296,0
1500,blocks.8.mlp.proj.weight,-76,0,2359296,0
1500,blocks.8.mlp.proj.weight,-75,0,2359296,0
1500,blocks.8.mlp.proj.weight,-74,0,2359296,0
1500,blocks.8.mlp.proj.weight,-73,0,2359296,0
1500,blocks.8.mlp.proj.weight,-72,0,2359296,0
1500,blocks.8.mlp.proj.weight,-71,0,2359296,0
1500,blocks.8.mlp.proj.weight,-70,0,2359296,0
1500,blocks.8.mlp.proj.weight,-69,0,2359296,0
1500,blocks.8.mlp.proj.weight,-68,0,2359296,0
1500,blocks.8.mlp.proj.weight,-67,0,2359296,0
1500,blocks.8.mlp.proj.weight,-66,0,2359296,0
1500,blocks.8.mlp.proj.weight,-65,0,2359296,0
1500,blocks.8.mlp.proj.weight,-64,0,2359296,0
1500,blocks.8.mlp.proj.weight,-63,0,2359296,0
1500,blocks.8.mlp.proj.weight,-62,0,2359296,0
1500,blocks.8.mlp.proj.weight,-61,0,2359296,0
1500,blocks.8.mlp.proj.weight,-60,0,2359296,0
1500,blocks.8.mlp.proj.weight,-59,0,2359296,0
1500,blocks.8.mlp.proj.weight,-58,0,2359296,0
1500,blocks.8.mlp.proj.weight,-57,0,2359296,0
1500,blocks.8.mlp.proj.weight,-56,0,2359296,0
1500,blocks.8.mlp.proj.weight,-55,0,2359296,0
1500,blocks.8.mlp.proj.weight,-54,0,2359296,0
1500,blocks.8.mlp.proj.weight,-53,0,2359296,0
1500,blocks.8.mlp.proj.weight,-52,0,2359296,0
1500,blocks.8.mlp.proj.weight,-51,0,2359296,0
1500,blocks.8.mlp.proj.weight,-50,0,2359296,0
1500,blocks.8.mlp.proj.weight,-49,0,2359296,0
1500,blocks.8.mlp.proj.weight,-48,0,2359296,0
1500,blocks.8.mlp.proj.weight,-47,0,2359296,0
1500,blocks.8.mlp.proj.weight,-46,0,2359296,0
1500,blocks.8.mlp.proj.weight,-45,0,2359296,0
1500,blocks.8.mlp.proj.weight,-44,0,2359296,0
1500,blocks.8.mlp.proj.weight,-43,0,2359296,0
1500,blocks.8.mlp.proj.weight,-42,0,2359296,0
1500,blocks.8.mlp.proj.weight,-41,0,2359296,0
1500,blocks.8.mlp.proj.weight,-40,0,2359296,0
1500,blocks.8.mlp.proj.weight,-39,0,2359296,0
1500,blocks.8.mlp.proj.weight,-38,0,2359296,0
1500,blocks.8.mlp.proj.weight,-37,0,2359296,0
1500,blocks.8.mlp.proj.weight,-36,0,2359296,0
1500,blocks.8.mlp.proj.weight,-35,0,2359296,0
1500,blocks.8.mlp.proj.weight,-34,3,2359296,0
1500,blocks.8.mlp.proj.weight,-33,1,2359296,0
1500,blocks.8.mlp.proj.weight,-32,6,2359296,0
1500,blocks.8.mlp.proj.weight,-31,14,2359296,0
1500,blocks.8.mlp.proj.weight,-30,35,2359296,0
1500,blocks.8.mlp.proj.weight,-29,38,2359296,0
1500,blocks.8.mlp.proj.weight,-28,5,2359296,0
1500,blocks.8.mlp.proj.weight,-27,3,2359296,0
1500,blocks.8.mlp.proj.weight,-26,6,2359296,0
1500,blocks.8.mlp.proj.weight,-25,14,2359296,0
1500,blocks.8.mlp.proj.weight,-24,22,2359296,0
1500,blocks.8.mlp.proj.weight,-23,49,2359296,0
1500,blocks.8.mlp.proj.weight,-22,95,2359296,0
1500,blocks.8.mlp.proj.weight,-21,168,2359296,0
1500,blocks.8.mlp.proj.weight,-20,248,2359296,0
1500,blocks.8.mlp.proj.weight,-19,160,2359296,0
1500,blocks.8.mlp.proj.weight,-18,30,2359296,0
1500,blocks.8.mlp.proj.weight,-17,69,2359296,0
1500,blocks.8.mlp.proj.weight,-16,164,2359296,0
1500,blocks.8.mlp.proj.weight,-15,303,2359296,0
1500,blocks.8.mlp.proj.weight,-14,626,2359296,0
1500,blocks.8.mlp.proj.weight,-13,1242,2359296,0
1500,blocks.8.mlp.proj.weight,-12,2596,2359296,0
1500,blocks.8.mlp.proj.weight,-11,5343,2359296,0
1500,blocks.8.mlp.proj.weight,-10,10714,2359296,0
1500,blocks.8.mlp.proj.weight,-9,20761,2359296,0
1500,blocks.8.mlp.proj.weight,-8,41970,2359296,0
1500,blocks.8.mlp.proj.weight,-7,82460,2359296,0
1500,blocks.8.mlp.proj.weight,-6,159631,2359296,0
1500,blocks.8.mlp.proj.weight,-5,302184,2359296,0
1500,blocks.8.mlp.proj.weight,-4,532609,2359296,0
1500,blocks.8.mlp.proj.weight,-3,720272,2359296,0
1500,blocks.8.mlp.proj.weight,-2,434741,2359296,0
1500,blocks.8.mlp.proj.weight,-1,42345,2359296,0
1500,blocks.8.mlp.proj.weight,0,363,2359296,0
1500,blocks.8.mlp.proj.weight,1,6,2359296,0
1500,blocks.8.mlp.proj.weight,2,0,2359296,0
1500,blocks.8.mlp.proj.weight,3,0,2359296,0
1500,blocks.8.mlp.proj.weight,4,0,2359296,0
1500,blocks.8.mlp.proj.weight,5,0,2359296,0
1500,blocks.8.mlp.proj.weight,6,0,2359296,0
1500,blocks.8.mlp.proj.weight,7,0,2359296,0
1500,blocks.8.mlp.proj.weight,8,0,2359296,0
1500,blocks.8.mlp.proj.weight,9,0,2359296,0
1500,blocks.8.mlp.proj.weight,10,0,2359296,0
1500,blocks.8.mlp.proj.weight,11,0,2359296,0
1500,blocks.8.mlp.proj.weight,12,0,2359296,0
1500,blocks.8.mlp.proj.weight,13,0,2359296,0
1500,blocks.8.mlp.proj.weight,14,0,2359296,0
1500,blocks.8.mlp.proj.weight,15,0,2359296,0
1500,blocks.8.mlp.proj.weight,16,0,2359296,0
1500,blocks.8.mlp.proj.weight,17,0,2359296,0
1500,blocks.8.mlp.proj.weight,18,0,2359296,0
1500,blocks.8.mlp.proj.weight,19,0,2359296,0
1500,blocks.8.mlp.proj.weight,20,0,2359296,0
1500,blocks.8.mlp.proj.weight,21,0,2359296,0
1500,blocks.8.mlp.proj.weight,22,0,2359296,0
1500,blocks.8.mlp.proj.weight,23,0,2359296,0
1500,blocks.8.mlp.proj.weight,24,0,2359296,0
1500,blocks.8.mlp.proj.weight,25,0,2359296,0
1500,blocks.8.mlp.proj.weight,26,0,2359296,0
1500,blocks.8.mlp.proj.weight,27,0,2359296,0
1500,blocks.8.mlp.proj.weight,28,0,2359296,0
1500,blocks.8.mlp.proj.weight,29,0,2359296,0
1500,blocks.8.mlp.proj.weight,30,0,2359296,0
1500,blocks.8.mlp.proj.weight,31,0,2359296,0
1500,blocks.8.mlp.proj.weight,32,0,2359296,0
1500,blocks.8.mlp.proj.weight,33,0,2359296,0
1500,blocks.8.mlp.proj.weight,34,0,2359296,0
1500,blocks.8.mlp.proj.weight,35,0,2359296,0
1500,blocks.8.mlp.proj.weight,36,0,2359296,0
1500,blocks.8.mlp.proj.weight,37,0,2359296,0
1500,blocks.8.mlp.proj.weight,38,0,2359296,0
1500,blocks.8.mlp.proj.weight,39,0,2359296,0
1500,blocks.8.mlp.proj.weight,40,0,2359296,0
1500,blocks.8.mlp.proj.weight,41,0,2359296,0
1500,blocks.8.mlp.proj.weight,42,0,2359296,0
1500,blocks.8.mlp.proj.weight,43,0,2359296,0
1500,blocks.8.mlp.proj.weight,44,0,2359296,0
1500,blocks.8.mlp.proj.weight,45,0,2359296,0
1500,blocks.8.mlp.proj.weight,46,0,2359296,0
1500,blocks.8.mlp.proj.weight,47,0,2359296,0
1500,blocks.8.mlp.proj.weight,48,0,2359296,0
1500,blocks.8.mlp.proj.weight,49,0,2359296,0
1500,blocks.8.mlp.proj.weight,50,0,2359296,0
1500,blocks.8.mlp.proj.weight,51,0,2359296,0
1500,blocks.8.mlp.proj.weight,52,0,2359296,0
1500,blocks.8.mlp.proj.weight,53,0,2359296,0
1500,blocks.8.mlp.proj.weight,54,0,2359296,0
1500,blocks.8.mlp.proj.weight,55,0,2359296,0
1500,blocks.8.mlp.proj.weight,56,0,2359296,0
1500,blocks.8.mlp.proj.weight,57,0,2359296,0
1500,blocks.8.mlp.proj.weight,58,0,2359296,0
1500,blocks.8.mlp.proj.weight,59,0,2359296,0
1500,blocks.8.mlp.proj.weight,60,0,2359296,0
1500,blocks.8.mlp.proj.weight,61,0,2359296,0
1500,blocks.8.mlp.proj.weight,62,0,2359296,0
1500,blocks.8.mlp.proj.weight,63,0,2359296,0
1500,blocks.8.mlp.proj.weight,64,0,2359296,0
1500,blocks.8.mlp.proj.weight,65,0,2359296,0
1500,blocks.8.mlp.proj.weight,66,0,2359296,0
1500,blocks.8.mlp.proj.weight,67,0,2359296,0
1500,blocks.8.mlp.proj.weight,68,0,2359296,0
1500,blocks.8.mlp.proj.weight,69,0,2359296,0
1500,blocks.8.mlp.proj.weight,70,0,2359296,0
1500,blocks.8.mlp.proj.weight,71,0,2359296,0
1500,blocks.8.mlp.proj.weight,72,0,2359296,0
1500,blocks.8.mlp.proj.weight,73,0,2359296,0
1500,blocks.8.mlp.proj.weight,74,0,2359296,0
1500,blocks.8.mlp.proj.weight,75,0,2359296,0
1500,blocks.8.mlp.proj.weight,76,0,2359296,0
1500,blocks.8.mlp.proj.weight,77,0,2359296,0
1500,blocks.8.mlp.proj.weight,78,0,2359296,0
1500,blocks.8.mlp.proj.weight,79,0,2359296,0
1500,blocks.8.mlp.proj.weight,80,0,2359296,0
1500,blocks.8.mlp.proj.weight,81,0,2359296,0
1500,blocks.8.mlp.proj.weight,82,0,2359296,0
1500,blocks.8.mlp.proj.weight,83,0,2359296,0
1500,blocks.8.mlp.proj.weight,84,0,2359296,0
1500,blocks.8.mlp.proj.weight,85,0,2359296,0
1500,blocks.8.mlp.proj.weight,86,0,2359296,0
1500,blocks.8.mlp.proj.weight,87,0,2359296,0
1500,blocks.8.mlp.proj.weight,88,0,2359296,0
1500,blocks.8.mlp.proj.weight,89,0,2359296,0
1500,blocks.8.mlp.proj.weight,90,0,2359296,0
1500,blocks.8.mlp.proj.weight,91,0,2359296,0
1500,blocks.8.mlp.proj.weight,92,0,2359296,0
1500,blocks.8.mlp.proj.weight,93,0,2359296,0
1500,blocks.8.mlp.proj.weight,94,0,2359296,0
1500,blocks.8.mlp.proj.weight,95,0,2359296,0
1500,blocks.8.mlp.proj.weight,96,0,2359296,0
1500,blocks.8.mlp.proj.weight,97,0,2359296,0
1500,blocks.8.mlp.proj.weight,98,0,2359296,0
1500,blocks.8.mlp.proj.weight,99,0,2359296,0
1500,blocks.8.mlp.proj.weight,100,0,2359296,0
1500,blocks.8.mlp.proj.weight,101,0,2359296,0
1500,blocks.8.mlp.proj.weight,102,0,2359296,0
1500,blocks.8.mlp.proj.weight,103,0,2359296,0
1500,blocks.8.mlp.proj.weight,104,0,2359296,0
1500,blocks.8.mlp.proj.weight,105,0,2359296,0
1500,blocks.8.mlp.proj.weight,106,0,2359296,0
1500,blocks.8.mlp.proj.weight,107,0,2359296,0
1500,blocks.8.mlp.proj.weight,108,0,2359296,0
1500,blocks.8.mlp.proj.weight,109,0,2359296,0
1500,blocks.8.mlp.proj.weight,110,0,2359296,0
1500,blocks.8.mlp.proj.weight,111,0,2359296,0
1500,blocks.8.mlp.proj.weight,112,0,2359296,0
1500,blocks.8.mlp.proj.weight,113,0,2359296,0
1500,blocks.8.mlp.proj.weight,114,0,2359296,0
1500,blocks.8.mlp.proj.weight,115,0,2359296,0
1500,blocks.8.mlp.proj.weight,116,0,2359296,0
1500,blocks.8.mlp.proj.weight,117,0,2359296,0
1500,blocks.8.mlp.proj.weight,118,0,2359296,0
1500,blocks.8.mlp.proj.weight,119,0,2359296,0
1500,blocks.8.mlp.proj.weight,120,0,2359296,0
1500,blocks.8.mlp.proj.weight,121,0,2359296,0
1500,blocks.8.mlp.proj.weight,122,0,2359296,0
1500,blocks.8.mlp.proj.weight,123,0,2359296,0
1500,blocks.8.mlp.proj.weight,124,0,2359296,0
1500,blocks.8.mlp.proj.weight,125,0,2359296,0
1500,blocks.8.mlp.proj.weight,126,0,2359296,0
1500,blocks.8.mlp.proj.weight,127,0,2359296,0
1500,blocks.8.mlp.proj.weight,128,0,2359296,0
1500,blocks.9.mlp.fc.weight,-127,0,2359296,0
1500,blocks.9.mlp.fc.weight,-126,0,2359296,0
1500,blocks.9.mlp.fc.weight,-125,0,2359296,0
1500,blocks.9.mlp.fc.weight,-124,0,2359296,0
1500,blocks.9.mlp.fc.weight,-123,0,2359296,0
1500,blocks.9.mlp.fc.weight,-122,0,2359296,0
1500,blocks.9.mlp.fc.weight,-121,0,2359296,0
1500,blocks.9.mlp.fc.weight,-120,0,2359296,0
1500,blocks.9.mlp.fc.weight,-119,0,2359296,0
1500,blocks.9.mlp.fc.weight,-118,0,2359296,0
1500,blocks.9.mlp.fc.weight,-117,0,2359296,0
1500,blocks.9.mlp.fc.weight,-116,0,2359296,0
1500,blocks.9.mlp.fc.weight,-115,0,2359296,0
1500,blocks.9.mlp.fc.weight,-114,0,2359296,0
1500,blocks.9.mlp.fc.weight,-113,0,2359296,0
1500,blocks.9.mlp.fc.weight,-112,0,2359296,0
1500,blocks.9.mlp.fc.weight,-111,0,2359296,0
1500,blocks.9.mlp.fc.weight,-110,0,2359296,0
1500,blocks.9.mlp.fc.weight,-109,0,2359296,0
1500,blocks.9.mlp.fc.weight,-108,0,2359296,0
1500,blocks.9.mlp.fc.weight,-107,0,2359296,0
1500,blocks.9.mlp.fc.weight,-106,0,2359296,0
1500,blocks.9.mlp.fc.weight,-105,0,2359296,0
1500,blocks.9.mlp.fc.weight,-104,0,2359296,0
1500,blocks.9.mlp.fc.weight,-103,0,2359296,0
1500,blocks.9.mlp.fc.weight,-102,0,2359296,0
1500,blocks.9.mlp.fc.weight,-101,0,2359296,0
1500,blocks.9.mlp.fc.weight,-100,0,2359296,0
1500,blocks.9.mlp.fc.weight,-99,0,2359296,0
1500,blocks.9.mlp.fc.weight,-98,0,2359296,0
1500,blocks.9.mlp.fc.weight,-97,0,2359296,0
1500,blocks.9.mlp.fc.weight,-96,0,2359296,0
1500,blocks.9.mlp.fc.weight,-95,0,2359296,0
1500,blocks.9.mlp.fc.weight,-94,0,2359296,0
1500,blocks.9.mlp.fc.weight,-93,0,2359296,0
1500,blocks.9.mlp.fc.weight,-92,0,2359296,0
1500,blocks.9.mlp.fc.weight,-91,0,2359296,0
1500,blocks.9.mlp.fc.weight,-90,0,2359296,0
1500,blocks.9.mlp.fc.weight,-89,0,2359296,0
1500,blocks.9.mlp.fc.weight,-88,0,2359296,0
1500,blocks.9.mlp.fc.weight,-87,0,2359296,0
1500,blocks.9.mlp.fc.weight,-86,0,2359296,0
1500,blocks.9.mlp.fc.weight,-85,0,2359296,0
1500,blocks.9.mlp.fc.weight,-84,0,2359296,0
1500,blocks.9.mlp.fc.weight,-83,0,2359296,0
1500,blocks.9.mlp.fc.weight,-82,0,2359296,0
1500,blocks.9.mlp.fc.weight,-81,0,2359296,0
1500,blocks.9.mlp.fc.weight,-80,0,2359296,0
1500,blocks.9.mlp.fc.weight,-79,0,2359296,0
1500,blocks.9.mlp.fc.weight,-78,0,2359296,0
1500,blocks.9.mlp.fc.weight,-77,0,2359296,0
1500,blocks.9.mlp.fc.weight,-76,0,2359296,0
1500,blocks.9.mlp.fc.weight,-75,0,2359296,0
1500,blocks.9.mlp.fc.weight,-74,0,2359296,0
1500,blocks.9.mlp.fc.weight,-73,0,2359296,0
1500,blocks.9.mlp.fc.weight,-72,0,2359296,0
1500,blocks.9.mlp.fc.weight,-71,0,2359296,0
1500,blocks.9.mlp.fc.weight,-70,0,2359296,0
1500,blocks.9.mlp.fc.weight,-69,0,2359296,0
1500,blocks.9.mlp.fc.weight,-68,0,2359296,0
1500,blocks.9.mlp.fc.weight,-67,0,2359296,0
1500,blocks.9.mlp.fc.weight,-66,0,2359296,0
1500,blocks.9.mlp.fc.weight,-65,0,2359296,0
1500,blocks.9.mlp.fc.weight,-64,0,2359296,0
1500,blocks.9.mlp.fc.weight,-63,0,2359296,0
1500,blocks.9.mlp.fc.weight,-62,0,2359296,0
1500,blocks.9.mlp.fc.weight,-61,0,2359296,0
1500,blocks.9.mlp.fc.weight,-60,0,2359296,0
1500,blocks.9.mlp.fc.weight,-59,0,2359296,0
1500,blocks.9.mlp.fc.weight,-58,0,2359296,0
1500,blocks.9.mlp.fc.weight,-57,0,2359296,0
1500,blocks.9.mlp.fc.weight,-56,0,2359296,0
1500,blocks.9.mlp.fc.weight,-55,0,2359296,0
1500,blocks.9.mlp.fc.weight,-54,0,2359296,0
1500,blocks.9.mlp.fc.weight,-53,0,2359296,0
1500,blocks.9.mlp.fc.weight,-52,0,2359296,0
1500,blocks.9.mlp.fc.weight,-51,0,2359296,0
1500,blocks.9.mlp.fc.weight,-50,0,2359296,0
1500,blocks.9.mlp.fc.weight,-49,0,2359296,0
1500,blocks.9.mlp.fc.weight,-48,0,2359296,0
1500,blocks.9.mlp.fc.weight,-47,0,2359296,0
1500,blocks.9.mlp.fc.weight,-46,0,2359296,0
1500,blocks.9.mlp.fc.weight,-45,0,2359296,0
1500,blocks.9.mlp.fc.weight,-44,0,2359296,0
1500,blocks.9.mlp.fc.weight,-43,0,2359296,0
1500,blocks.9.mlp.fc.weight,-42,0,2359296,0
1500,blocks.9.mlp.fc.weight,-41,0,2359296,0
1500,blocks.9.mlp.fc.weight,-40,0,2359296,0
1500,blocks.9.mlp.fc.weight,-39,0,2359296,0
1500,blocks.9.mlp.fc.weight,-38,0,2359296,0
1500,blocks.9.mlp.fc.weight,-37,0,2359296,0
1500,blocks.9.mlp.fc.weight,-36,0,2359296,0
1500,blocks.9.mlp.fc.weight,-35,1,2359296,0
1500,blocks.9.mlp.fc.weight,-34,0,2359296,0
1500,blocks.9.mlp.fc.weight,-33,4,2359296,0
1500,blocks.9.mlp.fc.weight,-32,8,2359296,0
1500,blocks.9.mlp.fc.weight,-31,31,2359296,0
1500,blocks.9.mlp.fc.weight,-30,32,2359296,0
1500,blocks.9.mlp.fc.weight,-29,13,2359296,0
1500,blocks.9.mlp.fc.weight,-28,5,2359296,0
1500,blocks.9.mlp.fc.weight,-27,0,2359296,0
1500,blocks.9.mlp.fc.weight,-26,0,2359296,0
1500,blocks.9.mlp.fc.weight,-25,0,2359296,0
1500,blocks.9.mlp.fc.weight,-24,0,2359296,0
1500,blocks.9.mlp.fc.weight,-23,0,2359296,0
1500,blocks.9.mlp.fc.weight,-22,2,2359296,0
1500,blocks.9.mlp.fc.weight,-21,1,2359296,0
1500,blocks.9.mlp.fc.weight,-20,8,2359296,0
1500,blocks.9.mlp.fc.weight,-19,9,2359296,0
1500,blocks.9.mlp.fc.weight,-18,41,2359296,0
1500,blocks.9.mlp.fc.weight,-17,120,2359296,0
1500,blocks.9.mlp.fc.weight,-16,241,2359296,0
1500,blocks.9.mlp.fc.weight,-15,463,2359296,0
1500,blocks.9.mlp.fc.weight,-14,942,2359296,0
1500,blocks.9.mlp.fc.weight,-13,1991,2359296,0
1500,blocks.9.mlp.fc.weight,-12,4075,2359296,0
1500,blocks.9.mlp.fc.weight,-11,8196,2359296,0
1500,blocks.9.mlp.fc.weight,-10,16146,2359296,0
1500,blocks.9.mlp.fc.weight,-9,32284,2359296,0
1500,blocks.9.mlp.fc.weight,-8,63121,2359296,0
1500,blocks.9.mlp.fc.weight,-7,120102,2359296,0
1500,blocks.9.mlp.fc.weight,-6,225367,2359296,0
1500,blocks.9.mlp.fc.weight,-5,411380,2359296,0
1500,blocks.9.mlp.fc.weight,-4,645114,2359296,0
1500,blocks.9.mlp.fc.weight,-3,620697,2359296,0
1500,blocks.9.mlp.fc.weight,-2,191479,2359296,0
1500,blocks.9.mlp.fc.weight,-1,16700,2359296,0
1500,blocks.9.mlp.fc.weight,0,706,2359296,0
1500,blocks.9.mlp.fc.weight,1,17,2359296,0
1500,blocks.9.mlp.fc.weight,2,0,2359296,0
1500,blocks.9.mlp.fc.weight,3,0,2359296,0
1500,blocks.9.mlp.fc.weight,4,0,2359296,0
1500,blocks.9.mlp.fc.weight,5,0,2359296,0
1500,blocks.9.mlp.fc.weight,6,0,2359296,0
1500,blocks.9.mlp.fc.weight,7,0,2359296,0
1500,blocks.9.mlp.fc.weight,8,0,2359296,0
1500,blocks.9.mlp.fc.weight,9,0,2359296,0
1500,blocks.9.mlp.fc.weight,10,0,2359296,0
1500,blocks.9.mlp.fc.weight,11,0,2359296,0
1500,blocks.9.mlp.fc.weight,12,0,2359296,0
1500,blocks.9.mlp.fc.weight,13,0,2359296,0
1500,blocks.9.mlp.fc.weight,14,0,2359296,0
1500,blocks.9.mlp.fc.weight,15,0,2359296,0
1500,blocks.9.mlp.fc.weight,16,0,2359296,0
1500,blocks.9.mlp.fc.weight,17,0,2359296,0
1500,blocks.9.mlp.fc.weight,18,0,2359296,0
1500,blocks.9.mlp.fc.weight,19,0,2359296,0
1500,blocks.9.mlp.fc.weight,20,0,2359296,0
1500,blocks.9.mlp.fc.weight,21,0,2359296,0
1500,blocks.9.mlp.fc.weight,22,0,2359296,0
1500,blocks.9.mlp.fc.weight,23,0,2359296,0
1500,blocks.9.mlp.fc.weight,24,0,2359296,0
1500,blocks.9.mlp.fc.weight,25,0,2359296,0
1500,blocks.9.mlp.fc.weight,26,0,2359296,0
1500,blocks.9.mlp.fc.weight,27,0,2359296,0
1500,blocks.9.mlp.fc.weight,28,0,2359296,0
1500,blocks.9.mlp.fc.weight,29,0,2359296,0
1500,blocks.9.mlp.fc.weight,30,0,2359296,0
1500,blocks.9.mlp.fc.weight,31,0,2359296,0
1500,blocks.9.mlp.fc.weight,32,0,2359296,0
1500,blocks.9.mlp.fc.weight,33,0,2359296,0
1500,blocks.9.mlp.fc.weight,34,0,2359296,0
1500,blocks.9.mlp.fc.weight,35,0,2359296,0
1500,blocks.9.mlp.fc.weight,36,0,2359296,0
1500,blocks.9.mlp.fc.weight,37,0,2359296,0
1500,blocks.9.mlp.fc.weight,38,0,2359296,0
1500,blocks.9.mlp.fc.weight,39,0,2359296,0
1500,blocks.9.mlp.fc.weight,40,0,2359296,0
1500,blocks.9.mlp.fc.weight,41,0,2359296,0
1500,blocks.9.mlp.fc.weight,42,0,2359296,0
1500,blocks.9.mlp.fc.weight,43,0,2359296,0
1500,blocks.9.mlp.fc.weight,44,0,2359296,0
1500,blocks.9.mlp.fc.weight,45,0,2359296,0
1500,blocks.9.mlp.fc.weight,46,0,2359296,0
1500,blocks.9.mlp.fc.weight,47,0,2359296,0
1500,blocks.9.mlp.fc.weight,48,0,2359296,0
1500,blocks.9.mlp.fc.weight,49,0,2359296,0
1500,blocks.9.mlp.fc.weight,50,0,2359296,0
1500,blocks.9.mlp.fc.weight,51,0,2359296,0
1500,blocks.9.mlp.fc.weight,52,0,2359296,0
1500,blocks.9.mlp.fc.weight,53,0,2359296,0
1500,blocks.9.mlp.fc.weight,54,0,2359296,0
1500,blocks.9.mlp.fc.weight,55,0,2359296,0
1500,blocks.9.mlp.fc.weight,56,0,2359296,0
1500,blocks.9.mlp.fc.weight,57,0,2359296,0
1500,blocks.9.mlp.fc.weight,58,0,2359296,0
1500,blocks.9.mlp.fc.weight,59,0,2359296,0
1500,blocks.9.mlp.fc.weight,60,0,2359296,0
1500,blocks.9.mlp.fc.weight,61,0,2359296,0
1500,blocks.9.mlp.fc.weight,62,0,2359296,0
1500,blocks.9.mlp.fc.weight,63,0,2359296,0
1500,blocks.9.mlp.fc.weight,64,0,2359296,0
1500,blocks.9.mlp.fc.weight,65,0,2359296,0
1500,blocks.9.mlp.fc.weight,66,0,2359296,0
1500,blocks.9.mlp.fc.weight,67,0,2359296,0
1500,blocks.9.mlp.fc.weight,68,0,2359296,0
1500,blocks.9.mlp.fc.weight,69,0,2359296,0
1500,blocks.9.mlp.fc.weight,70,0,2359296,0
1500,blocks.9.mlp.fc.weight,71,0,2359296,0
1500,blocks.9.mlp.fc.weight,72,0,2359296,0
1500,blocks.9.mlp.fc.weight,73,0,2359296,0
1500,blocks.9.mlp.fc.weight,74,0,2359296,0
1500,blocks.9.mlp.fc.weight,75,0,2359296,0
1500,blocks.9.mlp.fc.weight,76,0,2359296,0
1500,blocks.9.mlp.fc.weight,77,0,2359296,0
1500,blocks.9.mlp.fc.weight,78,0,2359296,0
1500,blocks.9.mlp.fc.weight,79,0,2359296,0
1500,blocks.9.mlp.fc.weight,80,0,2359296,0
1500,blocks.9.mlp.fc.weight,81,0,2359296,0
1500,blocks.9.mlp.fc.weight,82,0,2359296,0
1500,blocks.9.mlp.fc.weight,83,0,2359296,0
1500,blocks.9.mlp.fc.weight,84,0,2359296,0
1500,blocks.9.mlp.fc.weight,85,0,2359296,0
1500,blocks.9.mlp.fc.weight,86,0,2359296,0
1500,blocks.9.mlp.fc.weight,87,0,2359296,0
1500,blocks.9.mlp.fc.weight,88,0,2359296,0
1500,blocks.9.mlp.fc.weight,89,0,2359296,0
1500,blocks.9.mlp.fc.weight,90,0,2359296,0
1500,blocks.9.mlp.fc.weight,91,0,2359296,0
1500,blocks.9.mlp.fc.weight,92,0,2359296,0
1500,blocks.9.mlp.fc.weight,93,0,2359296,0
1500,blocks.9.mlp.fc.weight,94,0,2359296,0
1500,blocks.9.mlp.fc.weight,95,0,2359296,0
1500,blocks.9.mlp.fc.weight,96,0,2359296,0
1500,blocks.9.mlp.fc.weight,97,0,2359296,0
1500,blocks.9.mlp.fc.weight,98,0,2359296,0
1500,blocks.9.mlp.fc.weight,99,0,2359296,0
1500,blocks.9.mlp.fc.weight,100,0,2359296,0
1500,blocks.9.mlp.fc.weight,101,0,2359296,0
1500,blocks.9.mlp.fc.weight,102,0,2359296,0
1500,blocks.9.mlp.fc.weight,103,0,2359296,0
1500,blocks.9.mlp.fc.weight,104,0,2359296,0
1500,blocks.9.mlp.fc.weight,105,0,2359296,0
1500,blocks.9.mlp.fc.weight,106,0,2359296,0
1500,blocks.9.mlp.fc.weight,107,0,2359296,0
1500,blocks.9.mlp.fc.weight,108,0,2359296,0
1500,blocks.9.mlp.fc.weight,109,0,2359296,0
1500,blocks.9.mlp.fc.weight,110,0,2359296,0
1500,blocks.9.mlp.fc.weight,111,0,2359296,0
1500,blocks.9.mlp.fc.weight,112,0,2359296,0
1500,blocks.9.mlp.fc.weight,113,0,2359296,0
1500,blocks.9.mlp.fc.weight,114,0,2359296,0
1500,blocks.9.mlp.fc.weight,115,0,2359296,0
1500,blocks.9.mlp.fc.weight,116,0,2359296,0
1500,blocks.9.mlp.fc.weight,117,0,2359296,0
1500,blocks.9.mlp.fc.weight,118,0,2359296,0
1500,blocks.9.mlp.fc.weight,119,0,2359296,0
1500,blocks.9.mlp.fc.weight,120,0,2359296,0
1500,blocks.9.mlp.fc.weight,121,0,2359296,0
1500,blocks.9.mlp.fc.weight,122,0,2359296,0
1500,blocks.9.mlp.fc.weight,123,0,2359296,0
1500,blocks.9.mlp.fc.weight,124,0,2359296,0
1500,blocks.9.mlp.fc.weight,125,0,2359296,0
1500,blocks.9.mlp.fc.weight,126,0,2359296,0
1500,blocks.9.mlp.fc.weight,127,0,2359296,0
1500,blocks.9.mlp.fc.weight,128,0,2359296,0
1500,blocks.9.mlp.proj.weight,-127,0,2359296,0
1500,blocks.9.mlp.proj.weight,-126,0,2359296,0
1500,blocks.9.mlp.proj.weight,-125,0,2359296,0
1500,blocks.9.mlp.proj.weight,-124,0,2359296,0
1500,blocks.9.mlp.proj.weight,-123,0,2359296,0
1500,blocks.9.mlp.proj.weight,-122,0,2359296,0
1500,blocks.9.mlp.proj.weight,-121,0,2359296,0
1500,blocks.9.mlp.proj.weight,-120,0,2359296,0
1500,blocks.9.mlp.proj.weight,-119,0,2359296,0
1500,blocks.9.mlp.proj.weight,-118,0,2359296,0
1500,blocks.9.mlp.proj.weight,-117,0,2359296,0
1500,blocks.9.mlp.proj.weight,-116,0,2359296,0
1500,blocks.9.mlp.proj.weight,-115,0,2359296,0
1500,blocks.9.mlp.proj.weight,-114,0,2359296,0
1500,blocks.9.mlp.proj.weight,-113,0,2359296,0
1500,blocks.9.mlp.proj.weight,-112,0,2359296,0
1500,blocks.9.mlp.proj.weight,-111,0,2359296,0
1500,blocks.9.mlp.proj.weight,-110,0,2359296,0
1500,blocks.9.mlp.proj.weight,-109,0,2359296,0
1500,blocks.9.mlp.proj.weight,-108,0,2359296,0
1500,blocks.9.mlp.proj.weight,-107,0,2359296,0
1500,blocks.9.mlp.proj.weight,-106,0,2359296,0
1500,blocks.9.mlp.proj.weight,-105,0,2359296,0
1500,blocks.9.mlp.proj.weight,-104,0,2359296,0
1500,blocks.9.mlp.proj.weight,-103,0,2359296,0
1500,blocks.9.mlp.proj.weight,-102,0,2359296,0
1500,blocks.9.mlp.proj.weight,-101,0,2359296,0
1500,blocks.9.mlp.proj.weight,-100,0,2359296,0
1500,blocks.9.mlp.proj.weight,-99,0,2359296,0
1500,blocks.9.mlp.proj.weight,-98,0,2359296,0
1500,blocks.9.mlp.proj.weight,-97,0,2359296,0
1500,blocks.9.mlp.proj.weight,-96,0,2359296,0
1500,blocks.9.mlp.proj.weight,-95,0,2359296,0
1500,blocks.9.mlp.proj.weight,-94,0,2359296,0
1500,blocks.9.mlp.proj.weight,-93,0,2359296,0
1500,blocks.9.mlp.proj.weight,-92,0,2359296,0
1500,blocks.9.mlp.proj.weight,-91,0,2359296,0
1500,blocks.9.mlp.proj.weight,-90,0,2359296,0
1500,blocks.9.mlp.proj.weight,-89,0,2359296,0
1500,blocks.9.mlp.proj.weight,-88,0,2359296,0
1500,blocks.9.mlp.proj.weight,-87,0,2359296,0
1500,blocks.9.mlp.proj.weight,-86,0,2359296,0
1500,blocks.9.mlp.proj.weight,-85,0,2359296,0
1500,blocks.9.mlp.proj.weight,-84,0,2359296,0
1500,blocks.9.mlp.proj.weight,-83,0,2359296,0
1500,blocks.9.mlp.proj.weight,-82,0,2359296,0
1500,blocks.9.mlp.proj.weight,-81,0,2359296,0
1500,blocks.9.mlp.proj.weight,-80,0,2359296,0
1500,blocks.9.mlp.proj.weight,-79,0,2359296,0
1500,blocks.9.mlp.proj.weight,-78,0,2359296,0
1500,blocks.9.mlp.proj.weight,-77,0,2359296,0
1500,blocks.9.mlp.proj.weight,-76,0,2359296,0
1500,blocks.9.mlp.proj.weight,-75,0,2359296,0
1500,blocks.9.mlp.proj.weight,-74,0,2359296,0
1500,blocks.9.mlp.proj.weight,-73,0,2359296,0
1500,blocks.9.mlp.proj.weight,-72,0,2359296,0
1500,blocks.9.mlp.proj.weight,-71,0,2359296,0
1500,blocks.9.mlp.proj.weight,-70,0,2359296,0
1500,blocks.9.mlp.proj.weight,-69,0,2359296,0
1500,blocks.9.mlp.proj.weight,-68,0,2359296,0
1500,blocks.9.mlp.proj.weight,-67,0,2359296,0
1500,blocks.9.mlp.proj.weight,-66,0,2359296,0
1500,blocks.9.mlp.proj.weight,-65,0,2359296,0
1500,blocks.9.mlp.proj.weight,-64,0,2359296,0
1500,blocks.9.mlp.proj.weight,-63,0,2359296,0
1500,blocks.9.mlp.proj.weight,-62,0,2359296,0
1500,blocks.9.mlp.proj.weight,-61,0,2359296,0
1500,blocks.9.mlp.proj.weight,-60,0,2359296,0
1500,blocks.9.mlp.proj.weight,-59,0,2359296,0
1500,blocks.9.mlp.proj.weight,-58,0,2359296,0
1500,blocks.9.mlp.proj.weight,-57,0,2359296,0
1500,blocks.9.mlp.proj.weight,-56,0,2359296,0
1500,blocks.9.mlp.proj.weight,-55,0,2359296,0
1500,blocks.9.mlp.proj.weight,-54,0,2359296,0
1500,blocks.9.mlp.proj.weight,-53,0,2359296,0
1500,blocks.9.mlp.proj.weight,-52,0,2359296,0
1500,blocks.9.mlp.proj.weight,-51,0,2359296,0
1500,blocks.9.mlp.proj.weight,-50,0,2359296,0
1500,blocks.9.mlp.proj.weight,-49,0,2359296,0
1500,blocks.9.mlp.proj.weight,-48,0,2359296,0
1500,blocks.9.mlp.proj.weight,-47,0,2359296,0
1500,blocks.9.mlp.proj.weight,-46,0,2359296,0
1500,blocks.9.mlp.proj.weight,-45,0,2359296,0
1500,blocks.9.mlp.proj.weight,-44,0,2359296,0
1500,blocks.9.mlp.proj.weight,-43,0,2359296,0
1500,blocks.9.mlp.proj.weight,-42,0,2359296,0
1500,blocks.9.mlp.proj.weight,-41,0,2359296,0
1500,blocks.9.mlp.proj.weight,-40,0,2359296,0
1500,blocks.9.mlp.proj.weight,-39,0,2359296,0
1500,blocks.9.mlp.proj.weight,-38,0,2359296,0
1500,blocks.9.mlp.proj.weight,-37,0,2359296,0
1500,blocks.9.mlp.proj.weight,-36,0,2359296,0
1500,blocks.9.mlp.proj.weight,-35,0,2359296,0
1500,blocks.9.mlp.proj.weight,-34,1,2359296,0
1500,blocks.9.mlp.proj.weight,-33,4,2359296,0
1500,blocks.9.mlp.proj.weight,-32,7,2359296,0
1500,blocks.9.mlp.proj.weight,-31,19,2359296,0
1500,blocks.9.mlp.proj.weight,-30,32,2359296,0
1500,blocks.9.mlp.proj.weight,-29,41,2359296,0
1500,blocks.9.mlp.proj.weight,-28,5,2359296,0
1500,blocks.9.mlp.proj.weight,-27,0,2359296,0
1500,blocks.9.mlp.proj.weight,-26,0,2359296,0
1500,blocks.9.mlp.proj.weight,-25,0,2359296,0
1500,blocks.9.mlp.proj.weight,-24,0,2359296,0
1500,blocks.9.mlp.proj.weight,-23,0,2359296,0
1500,blocks.9.mlp.proj.weight,-22,1,2359296,0
1500,blocks.9.mlp.proj.weight,-21,0,2359296,0
1500,blocks.9.mlp.proj.weight,-20,1,2359296,0
1500,blocks.9.mlp.proj.weight,-19,8,2359296,0
1500,blocks.9.mlp.proj.weight,-18,15,2359296,0
1500,blocks.9.mlp.proj.weight,-17,41,2359296,0
1500,blocks.9.mlp.proj.weight,-16,159,2359296,0
1500,blocks.9.mlp.proj.weight,-15,312,2359296,0
1500,blocks.9.mlp.proj.weight,-14,566,2359296,0
1500,blocks.9.mlp.proj.weight,-13,1254,2359296,0
1500,blocks.9.mlp.proj.weight,-12,2517,2359296,0
1500,blocks.9.mlp.proj.weight,-11,5050,2359296,0
1500,blocks.9.mlp.proj.weight,-10,10139,2359296,0
1500,blocks.9.mlp.proj.weight,-9,19947,2359296,0
1500,blocks.9.mlp.proj.weight,-8,39925,2359296,0
1500,blocks.9.mlp.proj.weight,-7,78364,2359296,0
1500,blocks.9.mlp.proj.weight,-6,150068,2359296,0
1500,blocks.9.mlp.proj.weight,-5,284315,2359296,0
1500,blocks.9.mlp.proj.weight,-4,505813,2359296,0
1500,blocks.9.mlp.proj.weight,-3,716880,2359296,0
1500,blocks.9.mlp.proj.weight,-2,482624,2359296,0
1500,blocks.9.mlp.proj.weight,-1,60241,2359296,0
1500,blocks.9.mlp.proj.weight,0,937,2359296,0
1500,blocks.9.mlp.proj.weight,1,10,2359296,0
1500,blocks.9.mlp.proj.weight,2,0,2359296,0
1500,blocks.9.mlp.proj.weight,3,0,2359296,0
1500,blocks.9.mlp.proj.weight,4,0,2359296,0
1500,blocks.9.mlp.proj.weight,5,0,2359296,0
1500,blocks.9.mlp.proj.weight,6,0,2359296,0
1500,blocks.9.mlp.proj.weight,7,0,2359296,0
1500,blocks.9.mlp.proj.weight,8,0,2359296,0
1500,blocks.9.mlp.proj.weight,9,0,2359296,0
1500,blocks.9.mlp.proj.weight,10,0,2359296,0
1500,blocks.9.mlp.proj.weight,11,0,2359296,0
1500,blocks.9.mlp.proj.weight,12,0,2359296,0
1500,blocks.9.mlp.proj.weight,13,0,2359296,0
1500,blocks.9.mlp.proj.weight,14,0,2359296,0
1500,blocks.9.mlp.proj.weight,15,0,2359296,0
1500,blocks.9.mlp.proj.weight,16,0,2359296,0
1500,blocks.9.mlp.proj.weight,17,0,2359296,0
1500,blocks.9.mlp.proj.weight,18,0,2359296,0
1500,blocks.9.mlp.proj.weight,19,0,2359296,0
1500,blocks.9.mlp.proj.weight,20,0,2359296,0
1500,blocks.9.mlp.proj.weight,21,0,2359296,0
1500,blocks.9.mlp.proj.weight,22,0,2359296,0
1500,blocks.9.mlp.proj.weight,23,0,2359296,0
1500,blocks.9.mlp.proj.weight,24,0,2359296,0
1500,blocks.9.mlp.proj.weight,25,0,2359296,0
1500,blocks.9.mlp.proj.weight,26,0,2359296,0
1500,blocks.9.mlp.proj.weight,27,0,2359296,0
1500,blocks.9.mlp.proj.weight,28,0,2359296,0
1500,blocks.9.mlp.proj.weight,29,0,2359296,0
1500,blocks.9.mlp.proj.weight,30,0,2359296,0
1500,blocks.9.mlp.proj.weight,31,0,2359296,0
1500,blocks.9.mlp.proj.weight,32,0,2359296,0
1500,blocks.9.mlp.proj.weight,33,0,2359296,0
1500,blocks.9.mlp.proj.weight,34,0,2359296,0
1500,blocks.9.mlp.proj.weight,35,0,2359296,0
1500,blocks.9.mlp.proj.weight,36,0,2359296,0
1500,blocks.9.mlp.proj.weight,37,0,2359296,0
1500,blocks.9.mlp.proj.weight,38,0,2359296,0
1500,blocks.9.mlp.proj.weight,39,0,2359296,0
1500,blocks.9.mlp.proj.weight,40,0,2359296,0
1500,blocks.9.mlp.proj.weight,41,0,2359296,0
1500,blocks.9.mlp.proj.weight,42,0,2359296,0
1500,blocks.9.mlp.proj.weight,43,0,2359296,0
1500,blocks.9.mlp.proj.weight,44,0,2359296,0
1500,blocks.9.mlp.proj.weight,45,0,2359296,0
1500,blocks.9.mlp.proj.weight,46,0,2359296,0
1500,blocks.9.mlp.proj.weight,47,0,2359296,0
1500,blocks.9.mlp.proj.weight,48,0,2359296,0
1500,blocks.9.mlp.proj.weight,49,0,2359296,0
1500,blocks.9.mlp.proj.weight,50,0,2359296,0
1500,blocks.9.mlp.proj.weight,51,0,2359296,0
1500,blocks.9.mlp.proj.weight,52,0,2359296,0
1500,blocks.9.mlp.proj.weight,53,0,2359296,0
1500,blocks.9.mlp.proj.weight,54,0,2359296,0
1500,blocks.9.mlp.proj.weight,55,0,2359296,0
1500,blocks.9.mlp.proj.weight,56,0,2359296,0
1500,blocks.9.mlp.proj.weight,57,0,2359296,0
1500,blocks.9.mlp.proj.weight,58,0,2359296,0
1500,blocks.9.mlp.proj.weight,59,0,2359296,0
1500,blocks.9.mlp.proj.weight,60,0,2359296,0
1500,blocks.9.mlp.proj.weight,61,0,2359296,0
1500,blocks.9.mlp.proj.weight,62,0,2359296,0
1500,blocks.9.mlp.proj.weight,63,0,2359296,0
1500,blocks.9.mlp.proj.weight,64,0,2359296,0
1500,blocks.9.mlp.proj.weight,65,0,2359296,0
1500,blocks.9.mlp.proj.weight,66,0,2359296,0
1500,blocks.9.mlp.proj.weight,67,0,2359296,0
1500,blocks.9.mlp.proj.weight,68,0,2359296,0
1500,blocks.9.mlp.proj.weight,69,0,2359296,0
1500,blocks.9.mlp.proj.weight,70,0,2359296,0
1500,blocks.9.mlp.proj.weight,71,0,2359296,0
1500,blocks.9.mlp.proj.weight,72,0,2359296,0
1500,blocks.9.mlp.proj.weight,73,0,2359296,0
1500,blocks.9.mlp.proj.weight,74,0,2359296,0
1500,blocks.9.mlp.proj.weight,75,0,2359296,0
1500,blocks.9.mlp.proj.weight,76,0,2359296,0
1500,blocks.9.mlp.proj.weight,77,0,2359296,0
1500,blocks.9.mlp.proj.weight,78,0,2359296,0
1500,blocks.9.mlp.proj.weight,79,0,2359296,0
1500,blocks.9.mlp.proj.weight,80,0,2359296,0
1500,blocks.9.mlp.proj.weight,81,0,2359296,0
1500,blocks.9.mlp.proj.weight,82,0,2359296,0
1500,blocks.9.mlp.proj.weight,83,0,2359296,0
1500,blocks.9.mlp.proj.weight,84,0,2359296,0
1500,blocks.9.mlp.proj.weight,85,0,2359296,0
1500,blocks.9.mlp.proj.weight,86,0,2359296,0
1500,blocks.9.mlp.proj.weight,87,0,2359296,0
1500,blocks.9.mlp.proj.weight,88,0,2359296,0
1500,blocks.9.mlp.proj.weight,89,0,2359296,0
1500,blocks.9.mlp.proj.weight,90,0,2359296,0
1500,blocks.9.mlp.proj.weight,91,0,2359296,0
1500,blocks.9.mlp.proj.weight,92,0,2359296,0
1500,blocks.9.mlp.proj.weight,93,0,2359296,0
1500,blocks.9.mlp.proj.weight,94,0,2359296,0
1500,blocks.9.mlp.proj.weight,95,0,2359296,0
1500,blocks.9.mlp.proj.weight,96,0,2359296,0
1500,blocks.9.mlp.proj.weight,97,0,2359296,0
1500,blocks.9.mlp.proj.weight,98,0,2359296,0
1500,blocks.9.mlp.proj.weight,99,0,2359296,0
1500,blocks.9.mlp.proj.weight,100,0,2359296,0
1500,blocks.9.mlp.proj.weight,101,0,2359296,0
1500,blocks.9.mlp.proj.weight,102,0,2359296,0
1500,blocks.9.mlp.proj.weight,103,0,2359296,0
1500,blocks.9.mlp.proj.weight,104,0,2359296,0
1500,blocks.9.mlp.proj.weight,105,0,2359296,0
1500,blocks.9.mlp.proj.weight,106,0,2359296,0
1500,blocks.9.mlp.proj.weight,107,0,2359296,0
1500,blocks.9.mlp.proj.weight,108,0,2359296,0
1500,blocks.9.mlp.proj.weight,109,0,2359296,0
1500,blocks.9.mlp.proj.weight,110,0,2359296,0
1500,blocks.9.mlp.proj.weight,111,0,2359296,0
1500,blocks.9.mlp.proj.weight,112,0,2359296,0
1500,blocks.9.mlp.proj.weight,113,0,2359296,0
1500,blocks.9.mlp.proj.weight,114,0,2359296,0
1500,blocks.9.mlp.proj.weight,115,0,2359296,0
1500,blocks.9.mlp.proj.weight,116,0,2359296,0
1500,blocks.9.mlp.proj.weight,117,0,2359296,0
1500,blocks.9.mlp.proj.weight,118,0,2359296,0
1500,blocks.9.mlp.proj.weight,119,0,2359296,0
1500,blocks.9.mlp.proj.weight,120,0,2359296,0
1500,blocks.9.mlp.proj.weight,121,0,2359296,0
1500,blocks.9.mlp.proj.weight,122,0,2359296,0
1500,blocks.9.mlp.proj.weight,123,0,2359296,0
1500,blocks.9.mlp.proj.weight,124,0,2359296,0
1500,blocks.9.mlp.proj.weight,125,0,2359296,0
1500,blocks.9.mlp.proj.weight,126,0,2359296,0
1500,blocks.9.mlp.proj.weight,127,0,2359296,0
1500,blocks.9.mlp.proj.weight,128,0,2359296,0
1500,blocks.10.mlp.fc.weight,-127,0,2359296,0
1500,blocks.10.mlp.fc.weight,-126,0,2359296,0
1500,blocks.10.mlp.fc.weight,-125,0,2359296,0
1500,blocks.10.mlp.fc.weight,-124,0,2359296,0
1500,blocks.10.mlp.fc.weight,-123,0,2359296,0
1500,blocks.10.mlp.fc.weight,-122,0,2359296,0
1500,blocks.10.mlp.fc.weight,-121,0,2359296,0
1500,blocks.10.mlp.fc.weight,-120,0,2359296,0
1500,blocks.10.mlp.fc.weight,-119,0,2359296,0
1500,blocks.10.mlp.fc.weight,-118,0,2359296,0
1500,blocks.10.mlp.fc.weight,-117,0,2359296,0
1500,blocks.10.mlp.fc.weight,-116,0,2359296,0
1500,blocks.10.mlp.fc.weight,-115,0,2359296,0
1500,blocks.10.mlp.fc.weight,-114,0,2359296,0
1500,blocks.10.mlp.fc.weight,-113,0,2359296,0
1500,blocks.10.mlp.fc.weight,-112,0,2359296,0
1500,blocks.10.mlp.fc.weight,-111,0,2359296,0
1500,blocks.10.mlp.fc.weight,-110,0,2359296,0
1500,blocks.10.mlp.fc.weight,-109,0,2359296,0
1500,blocks.10.mlp.fc.weight,-108,0,2359296,0
1500,blocks.10.mlp.fc.weight,-107,0,2359296,0
1500,blocks.10.mlp.fc.weight,-106,0,2359296,0
1500,blocks.10.mlp.fc.weight,-105,0,2359296,0
1500,blocks.10.mlp.fc.weight,-104,0,2359296,0
1500,blocks.10.mlp.fc.weight,-103,0,2359296,0
1500,blocks.10.mlp.fc.weight,-102,0,2359296,0
1500,blocks.10.mlp.fc.weight,-101,0,2359296,0
1500,blocks.10.mlp.fc.weight,-100,0,2359296,0
1500,blocks.10.mlp.fc.weight,-99,0,2359296,0
1500,blocks.10.mlp.fc.weight,-98,0,2359296,0
1500,blocks.10.mlp.fc.weight,-97,0,2359296,0
1500,blocks.10.mlp.fc.weight,-96,0,2359296,0
1500,blocks.10.mlp.fc.weight,-95,0,2359296,0
1500,blocks.10.mlp.fc.weight,-94,0,2359296,0
1500,blocks.10.mlp.fc.weight,-93,0,2359296,0
1500,blocks.10.mlp.fc.weight,-92,0,2359296,0
1500,blocks.10.mlp.fc.weight,-91,0,2359296,0
1500,blocks.10.mlp.fc.weight,-90,0,2359296,0
1500,blocks.10.mlp.fc.weight,-89,0,2359296,0
1500,blocks.10.mlp.fc.weight,-88,0,2359296,0
1500,blocks.10.mlp.fc.weight,-87,0,2359296,0
1500,blocks.10.mlp.fc.weight,-86,0,2359296,0
1500,blocks.10.mlp.fc.weight,-85,0,2359296,0
1500,blocks.10.mlp.fc.weight,-84,0,2359296,0
1500,blocks.10.mlp.fc.weight,-83,0,2359296,0
1500,blocks.10.mlp.fc.weight,-82,0,2359296,0
1500,blocks.10.mlp.fc.weight,-81,0,2359296,0
1500,blocks.10.mlp.fc.weight,-80,0,2359296,0
1500,blocks.10.mlp.fc.weight,-79,0,2359296,0
1500,blocks.10.mlp.fc.weight,-78,0,2359296,0
1500,blocks.10.mlp.fc.weight,-77,0,2359296,0
1500,blocks.10.mlp.fc.weight,-76,0,2359296,0
1500,blocks.10.mlp.fc.weight,-75,0,2359296,0
1500,blocks.10.mlp.fc.weight,-74,0,2359296,0
1500,blocks.10.mlp.fc.weight,-73,0,2359296,0
1500,blocks.10.mlp.fc.weight,-72,0,2359296,0
1500,blocks.10.mlp.fc.weight,-71,0,2359296,0
1500,blocks.10.mlp.fc.weight,-70,0,2359296,0
1500,blocks.10.mlp.fc.weight,-69,0,2359296,0
1500,blocks.10.mlp.fc.weight,-68,0,2359296,0
1500,blocks.10.mlp.fc.weight,-67,0,2359296,0
1500,blocks.10.mlp.fc.weight,-66,0,2359296,0
1500,blocks.10.mlp.fc.weight,-65,0,2359296,0
1500,blocks.10.mlp.fc.weight,-64,0,2359296,0
1500,blocks.10.mlp.fc.weight,-63,0,2359296,0
1500,blocks.10.mlp.fc.weight,-62,0,2359296,0
1500,blocks.10.mlp.fc.weight,-61,0,2359296,0
1500,blocks.10.mlp.fc.weight,-60,0,2359296,0
1500,blocks.10.mlp.fc.weight,-59,0,2359296,0
1500,blocks.10.mlp.fc.weight,-58,0,2359296,0
1500,blocks.10.mlp.fc.weight,-57,0,2359296,0
1500,blocks.10.mlp.fc.weight,-56,0,2359296,0
1500,blocks.10.mlp.fc.weight,-55,0,2359296,0
1500,blocks.10.mlp.fc.weight,-54,0,2359296,0
1500,blocks.10.mlp.fc.weight,-53,0,2359296,0
1500,blocks.10.mlp.fc.weight,-52,0,2359296,0
1500,blocks.10.mlp.fc.weight,-51,0,2359296,0
1500,blocks.10.mlp.fc.weight,-50,0,2359296,0
1500,blocks.10.mlp.fc.weight,-49,0,2359296,0
1500,blocks.10.mlp.fc.weight,-48,0,2359296,0
1500,blocks.10.mlp.fc.weight,-47,0,2359296,0
1500,blocks.10.mlp.fc.weight,-46,0,2359296,0
1500,blocks.10.mlp.fc.weight,-45,0,2359296,0
1500,blocks.10.mlp.fc.weight,-44,0,2359296,0
1500,blocks.10.mlp.fc.weight,-43,0,2359296,0
1500,blocks.10.mlp.fc.weight,-42,0,2359296,0
1500,blocks.10.mlp.fc.weight,-41,0,2359296,0
1500,blocks.10.mlp.fc.weight,-40,0,2359296,0
1500,blocks.10.mlp.fc.weight,-39,0,2359296,0
1500,blocks.10.mlp.fc.weight,-38,0,2359296,0
1500,blocks.10.mlp.fc.weight,-37,0,2359296,0
1500,blocks.10.mlp.fc.weight,-36,0,2359296,0
1500,blocks.10.mlp.fc.weight,-35,0,2359296,0
1500,blocks.10.mlp.fc.weight,-34,1,2359296,0
1500,blocks.10.mlp.fc.weight,-33,2,2359296,0
1500,blocks.10.mlp.fc.weight,-32,13,2359296,0
1500,blocks.10.mlp.fc.weight,-31,17,2359296,0
1500,blocks.10.mlp.fc.weight,-30,26,2359296,0
1500,blocks.10.mlp.fc.weight,-29,8,2359296,0
1500,blocks.10.mlp.fc.weight,-28,2,2359296,0
1500,blocks.10.mlp.fc.weight,-27,0,2359296,0
1500,blocks.10.mlp.fc.weight,-26,0,2359296,0
1500,blocks.10.mlp.fc.weight,-25,0,2359296,0
1500,blocks.10.mlp.fc.weight,-24,0,2359296,0
1500,blocks.10.mlp.fc.weight,-23,0,2359296,0
1500,blocks.10.mlp.fc.weight,-22,0,2359296,0
1500,blocks.10.mlp.fc.weight,-21,5,2359296,0
1500,blocks.10.mlp.fc.weight,-20,6,2359296,0
1500,blocks.10.mlp.fc.weight,-19,14,2359296,0
1500,blocks.10.mlp.fc.weight,-18,44,2359296,0
1500,blocks.10.mlp.fc.weight,-17,103,2359296,0
1500,blocks.10.mlp.fc.weight,-16,289,2359296,0
1500,blocks.10.mlp.fc.weight,-15,519,2359296,0
1500,blocks.10.mlp.fc.weight,-14,1006,2359296,0
1500,blocks.10.mlp.fc.weight,-13,2178,2359296,0
1500,blocks.10.mlp.fc.weight,-12,4315,2359296,0
1500,blocks.10.mlp.fc.weight,-11,8553,2359296,0
1500,blocks.10.mlp.fc.weight,-10,17247,2359296,0
1500,blocks.10.mlp.fc.weight,-9,34320,2359296,0
1500,blocks.10.mlp.fc.weight,-8,66481,2359296,0
1500,blocks.10.mlp.fc.weight,-7,125317,2359296,0
1500,blocks.10.mlp.fc.weight,-6,232157,2359296,0
1500,blocks.10.mlp.fc.weight,-5,411930,2359296,0
1500,blocks.10.mlp.fc.weight,-4,642096,2359296,0
1500,blocks.10.mlp.fc.weight,-3,614148,2359296,0
1500,blocks.10.mlp.fc.weight,-2,182140,2359296,0
1500,blocks.10.mlp.fc.weight,-1,15151,2359296,0
1500,blocks.10.mlp.fc.weight,0,1171,2359296,0
1500,blocks.10.mlp.fc.weight,1,36,2359296,0
1500,blocks.10.mlp.fc.weight,2,1,2359296,0
1500,blocks.10.mlp.fc.weight,3,0,2359296,0
1500,blocks.10.mlp.fc.weight,4,0,2359296,0
1500,blocks.10.mlp.fc.weight,5,0,2359296,0
1500,blocks.10.mlp.fc.weight,6,0,2359296,0
1500,blocks.10.mlp.fc.weight,7,0,2359296,0
1500,blocks.10.mlp.fc.weight,8,0,2359296,0
1500,blocks.10.mlp.fc.weight,9,0,2359296,0
1500,blocks.10.mlp.fc.weight,10,0,2359296,0
1500,blocks.10.mlp.fc.weight,11,0,2359296,0
1500,blocks.10.mlp.fc.weight,12,0,2359296,0
1500,blocks.10.mlp.fc.weight,13,0,2359296,0
1500,blocks.10.mlp.fc.weight,14,0,2359296,0
1500,blocks.10.mlp.fc.weight,15,0,2359296,0
1500,blocks.10.mlp.fc.weight,16,0,2359296,0
1500,blocks.10.mlp.fc.weight,17,0,2359296,0
1500,blocks.10.mlp.fc.weight,18,0,2359296,0
1500,blocks.10.mlp.fc.weight,19,0,2359296,0
1500,blocks.10.mlp.fc.weight,20,0,2359296,0
1500,blocks.10.mlp.fc.weight,21,0,2359296,0
1500,blocks.10.mlp.fc.weight,22,0,2359296,0
1500,blocks.10.mlp.fc.weight,23,0,2359296,0
1500,blocks.10.mlp.fc.weight,24,0,2359296,0
1500,blocks.10.mlp.fc.weight,25,0,2359296,0
1500,blocks.10.mlp.fc.weight,26,0,2359296,0
1500,blocks.10.mlp.fc.weight,27,0,2359296,0
1500,blocks.10.mlp.fc.weight,28,0,2359296,0
1500,blocks.10.mlp.fc.weight,29,0,2359296,0
1500,blocks.10.mlp.fc.weight,30,0,2359296,0
1500,blocks.10.mlp.fc.weight,31,0,2359296,0
1500,blocks.10.mlp.fc.weight,32,0,2359296,0
1500,blocks.10.mlp.fc.weight,33,0,2359296,0
1500,blocks.10.mlp.fc.weight,34,0,2359296,0
1500,blocks.10.mlp.fc.weight,35,0,2359296,0
1500,blocks.10.mlp.fc.weight,36,0,2359296,0
1500,blocks.10.mlp.fc.weight,37,0,2359296,0
1500,blocks.10.mlp.fc.weight,38,0,2359296,0
1500,blocks.10.mlp.fc.weight,39,0,2359296,0
1500,blocks.10.mlp.fc.weight,40,0,2359296,0
1500,blocks.10.mlp.fc.weight,41,0,2359296,0
1500,blocks.10.mlp.fc.weight,42,0,2359296,0
1500,blocks.10.mlp.fc.weight,43,0,2359296,0
1500,blocks.10.mlp.fc.weight,44,0,2359296,0
1500,blocks.10.mlp.fc.weight,45,0,2359296,0
1500,blocks.10.mlp.fc.weight,46,0,2359296,0
1500,blocks.10.mlp.fc.weight,47,0,2359296,0
1500,blocks.10.mlp.fc.weight,48,0,2359296,0
1500,blocks.10.mlp.fc.weight,49,0,2359296,0
1500,blocks.10.mlp.fc.weight,50,0,2359296,0
1500,blocks.10.mlp.fc.weight,51,0,2359296,0
1500,blocks.10.mlp.fc.weight,52,0,2359296,0
1500,blocks.10.mlp.fc.weight,53,0,2359296,0
1500,blocks.10.mlp.fc.weight,54,0,2359296,0
1500,blocks.10.mlp.fc.weight,55,0,2359296,0
1500,blocks.10.mlp.fc.weight,56,0,2359296,0
1500,blocks.10.mlp.fc.weight,57,0,2359296,0
1500,blocks.10.mlp.fc.weight,58,0,2359296,0
1500,blocks.10.mlp.fc.weight,59,0,2359296,0
1500,blocks.10.mlp.fc.weight,60,0,2359296,0
1500,blocks.10.mlp.fc.weight,61,0,2359296,0
1500,blocks.10.mlp.fc.weight,62,0,2359296,0
1500,blocks.10.mlp.fc.weight,63,0,2359296,0
1500,blocks.10.mlp.fc.weight,64,0,2359296,0
1500,blocks.10.mlp.fc.weight,65,0,2359296,0
1500,blocks.10.mlp.fc.weight,66,0,2359296,0
1500,blocks.10.mlp.fc.weight,67,0,2359296,0
1500,blocks.10.mlp.fc.weight,68,0,2359296,0
1500,blocks.10.mlp.fc.weight,69,0,2359296,0
1500,blocks.10.mlp.fc.weight,70,0,2359296,0
1500,blocks.10.mlp.fc.weight,71,0,2359296,0
1500,blocks.10.mlp.fc.weight,72,0,2359296,0
1500,blocks.10.mlp.fc.weight,73,0,2359296,0
1500,blocks.10.mlp.fc.weight,74,0,2359296,0
1500,blocks.10.mlp.fc.weight,75,0,2359296,0
1500,blocks.10.mlp.fc.weight,76,0,2359296,0
1500,blocks.10.mlp.fc.weight,77,0,2359296,0
1500,blocks.10.mlp.fc.weight,78,0,2359296,0
1500,blocks.10.mlp.fc.weight,79,0,2359296,0
1500,blocks.10.mlp.fc.weight,80,0,2359296,0
1500,blocks.10.mlp.fc.weight,81,0,2359296,0
1500,blocks.10.mlp.fc.weight,82,0,2359296,0
1500,blocks.10.mlp.fc.weight,83,0,2359296,0
1500,blocks.10.mlp.fc.weight,84,0,2359296,0
1500,blocks.10.mlp.fc.weight,85,0,2359296,0
1500,blocks.10.mlp.fc.weight,86,0,2359296,0
1500,blocks.10.mlp.fc.weight,87,0,2359296,0
1500,blocks.10.mlp.fc.weight,88,0,2359296,0
1500,blocks.10.mlp.fc.weight,89,0,2359296,0
1500,blocks.10.mlp.fc.weight,90,0,2359296,0
1500,blocks.10.mlp.fc.weight,91,0,2359296,0
1500,blocks.10.mlp.fc.weight,92,0,2359296,0
1500,blocks.10.mlp.fc.weight,93,0,2359296,0
1500,blocks.10.mlp.fc.weight,94,0,2359296,0
1500,blocks.10.mlp.fc.weight,95,0,2359296,0
1500,blocks.10.mlp.fc.weight,96,0,2359296,0
1500,blocks.10.mlp.fc.weight,97,0,2359296,0
1500,blocks.10.mlp.fc.weight,98,0,2359296,0
1500,blocks.10.mlp.fc.weight,99,0,2359296,0
1500,blocks.10.mlp.fc.weight,100,0,2359296,0
1500,blocks.10.mlp.fc.weight,101,0,2359296,0
1500,blocks.10.mlp.fc.weight,102,0,2359296,0
1500,blocks.10.mlp.fc.weight,103,0,2359296,0
1500,blocks.10.mlp.fc.weight,104,0,2359296,0
1500,blocks.10.mlp.fc.weight,105,0,2359296,0
1500,blocks.10.mlp.fc.weight,106,0,2359296,0
1500,blocks.10.mlp.fc.weight,107,0,2359296,0
1500,blocks.10.mlp.fc.weight,108,0,2359296,0
1500,blocks.10.mlp.fc.weight,109,0,2359296,0
1500,blocks.10.mlp.fc.weight,110,0,2359296,0
1500,blocks.10.mlp.fc.weight,111,0,2359296,0
1500,blocks.10.mlp.fc.weight,112,0,2359296,0
1500,blocks.10.mlp.fc.weight,113,0,2359296,0
1500,blocks.10.mlp.fc.weight,114,0,2359296,0
1500,blocks.10.mlp.fc.weight,115,0,2359296,0
1500,blocks.10.mlp.fc.weight,116,0,2359296,0
1500,blocks.10.mlp.fc.weight,117,0,2359296,0
1500,blocks.10.mlp.fc.weight,118,0,2359296,0
1500,blocks.10.mlp.fc.weight,119,0,2359296,0
1500,blocks.10.mlp.fc.weight,120,0,2359296,0
1500,blocks.10.mlp.fc.weight,121,0,2359296,0
1500,blocks.10.mlp.fc.weight,122,0,2359296,0
1500,blocks.10.mlp.fc.weight,123,0,2359296,0
1500,blocks.10.mlp.fc.weight,124,0,2359296,0
1500,blocks.10.mlp.fc.weight,125,0,2359296,0
1500,blocks.10.mlp.fc.weight,126,0,2359296,0
1500,blocks.10.mlp.fc.weight,127,0,2359296,0
1500,blocks.10.mlp.fc.weight,128,0,2359296,0
1500,blocks.10.mlp.proj.weight,-127,0,2359296,0
1500,blocks.10.mlp.proj.weight,-126,0,2359296,0
1500,blocks.10.mlp.proj.weight,-125,0,2359296,0
1500,blocks.10.mlp.proj.weight,-124,0,2359296,0
1500,blocks.10.mlp.proj.weight,-123,0,2359296,0
1500,blocks.10.mlp.proj.weight,-122,0,2359296,0
1500,blocks.10.mlp.proj.weight,-121,0,2359296,0
1500,blocks.10.mlp.proj.weight,-120,0,2359296,0
1500,blocks.10.mlp.proj.weight,-119,0,2359296,0
1500,blocks.10.mlp.proj.weight,-118,0,2359296,0
1500,blocks.10.mlp.proj.weight,-117,0,2359296,0
1500,blocks.10.mlp.proj.weight,-116,0,2359296,0
1500,blocks.10.mlp.proj.weight,-115,0,2359296,0
1500,blocks.10.mlp.proj.weight,-114,0,2359296,0
1500,blocks.10.mlp.proj.weight,-113,0,2359296,0
1500,blocks.10.mlp.proj.weight,-112,0,2359296,0
1500,blocks.10.mlp.proj.weight,-111,0,2359296,0
1500,blocks.10.mlp.proj.weight,-110,0,2359296,0
1500,blocks.10.mlp.proj.weight,-109,0,2359296,0
1500,blocks.10.mlp.proj.weight,-108,0,2359296,0
1500,blocks.10.mlp.proj.weight,-107,0,2359296,0
1500,blocks.10.mlp.proj.weight,-106,0,2359296,0
1500,blocks.10.mlp.proj.weight,-105,0,2359296,0
1500,blocks.10.mlp.proj.weight,-104,0,2359296,0
1500,blocks.10.mlp.proj.weight,-103,0,2359296,0
1500,blocks.10.mlp.proj.weight,-102,0,2359296,0
1500,blocks.10.mlp.proj.weight,-101,0,2359296,0
1500,blocks.10.mlp.proj.weight,-100,0,2359296,0
1500,blocks.10.mlp.proj.weight,-99,0,2359296,0
1500,blocks.10.mlp.proj.weight,-98,0,2359296,0
1500,blocks.10.mlp.proj.weight,-97,0,2359296,0
1500,blocks.10.mlp.proj.weight,-96,0,2359296,0
1500,blocks.10.mlp.proj.weight,-95,0,2359296,0
1500,blocks.10.mlp.proj.weight,-94,0,2359296,0
1500,blocks.10.mlp.proj.weight,-93,0,2359296,0
1500,blocks.10.mlp.proj.weight,-92,0,2359296,0
1500,blocks.10.mlp.proj.weight,-91,0,2359296,0
1500,blocks.10.mlp.proj.weight,-90,0,2359296,0
1500,blocks.10.mlp.proj.weight,-89,0,2359296,0
1500,blocks.10.mlp.proj.weight,-88,0,2359296,0
1500,blocks.10.mlp.proj.weight,-87,0,2359296,0
1500,blocks.10.mlp.proj.weight,-86,0,2359296,0
1500,blocks.10.mlp.proj.weight,-85,0,2359296,0
1500,blocks.10.mlp.proj.weight,-84,0,2359296,0
1500,blocks.10.mlp.proj.weight,-83,0,2359296,0
1500,blocks.10.mlp.proj.weight,-82,0,2359296,0
1500,blocks.10.mlp.proj.weight,-81,0,2359296,0
1500,blocks.10.mlp.proj.weight,-80,0,2359296,0
1500,blocks.10.mlp.proj.weight,-79,0,2359296,0
1500,blocks.10.mlp.proj.weight,-78,0,2359296,0
1500,blocks.10.mlp.proj.weight,-77,0,2359296,0
1500,blocks.10.mlp.proj.weight,-76,0,2359296,0
1500,blocks.10.mlp.proj.weight,-75,0,2359296,0
1500,blocks.10.mlp.proj.weight,-74,0,2359296,0
1500,blocks.10.mlp.proj.weight,-73,0,2359296,0
1500,blocks.10.mlp.proj.weight,-72,0,2359296,0
1500,blocks.10.mlp.proj.weight,-71,0,2359296,0
1500,blocks.10.mlp.proj.weight,-70,0,2359296,0
1500,blocks.10.mlp.proj.weight,-69,0,2359296,0
1500,blocks.10.mlp.proj.weight,-68,0,2359296,0
1500,blocks.10.mlp.proj.weight,-67,0,2359296,0
1500,blocks.10.mlp.proj.weight,-66,0,2359296,0
1500,blocks.10.mlp.proj.weight,-65,0,2359296,0
1500,blocks.10.mlp.proj.weight,-64,0,2359296,0
1500,blocks.10.mlp.proj.weight,-63,0,2359296,0
1500,blocks.10.mlp.proj.weight,-62,0,2359296,0
1500,blocks.10.mlp.proj.weight,-61,0,2359296,0
1500,blocks.10.mlp.proj.weight,-60,0,2359296,0
1500,blocks.10.mlp.proj.weight,-59,0,2359296,0
1500,blocks.10.mlp.proj.weight,-58,0,2359296,0
1500,blocks.10.mlp.proj.weight,-57,0,2359296,0
1500,blocks.10.mlp.proj.weight,-56,0,2359296,0
1500,blocks.10.mlp.proj.weight,-55,0,2359296,0
1500,blocks.10.mlp.proj.weight,-54,0,2359296,0
1500,blocks.10.mlp.proj.weight,-53,0,2359296,0
1500,blocks.10.mlp.proj.weight,-52,0,2359296,0
1500,blocks.10.mlp.proj.weight,-51,0,2359296,0
1500,blocks.10.mlp.proj.weight,-50,0,2359296,0
1500,blocks.10.mlp.proj.weight,-49,0,2359296,0
1500,blocks.10.mlp.proj.weight,-48,0,2359296,0
1500,blocks.10.mlp.proj.weight,-47,0,2359296,0
1500,blocks.10.mlp.proj.weight,-46,0,2359296,0
1500,blocks.10.mlp.proj.weight,-45,0,2359296,0
1500,blocks.10.mlp.proj.weight,-44,0,2359296,0
1500,blocks.10.mlp.proj.weight,-43,0,2359296,0
1500,blocks.10.mlp.proj.weight,-42,0,2359296,0
1500,blocks.10.mlp.proj.weight,-41,0,2359296,0
1500,blocks.10.mlp.proj.weight,-40,0,2359296,0
1500,blocks.10.mlp.proj.weight,-39,0,2359296,0
1500,blocks.10.mlp.proj.weight,-38,0,2359296,0
1500,blocks.10.mlp.proj.weight,-37,0,2359296,0
1500,blocks.10.mlp.proj.weight,-36,0,2359296,0
1500,blocks.10.mlp.proj.weight,-35,0,2359296,0
1500,blocks.10.mlp.proj.weight,-34,0,2359296,0
1500,blocks.10.mlp.proj.weight,-33,0,2359296,0
1500,blocks.10.mlp.proj.weight,-32,11,2359296,0
1500,blocks.10.mlp.proj.weight,-31,13,2359296,0
1500,blocks.10.mlp.proj.weight,-30,31,2359296,0
1500,blocks.10.mlp.proj.weight,-29,38,2359296,0
1500,blocks.10.mlp.proj.weight,-28,8,2359296,0
1500,blocks.10.mlp.proj.weight,-27,1,2359296,0
1500,blocks.10.mlp.proj.weight,-26,0,2359296,0
1500,blocks.10.mlp.proj.weight,-25,0,2359296,0
1500,blocks.10.mlp.proj.weight,-24,0,2359296,0
1500,blocks.10.mlp.proj.weight,-23,0,2359296,0
1500,blocks.10.mlp.proj.weight,-22,0,2359296,0
1500,blocks.10.mlp.proj.weight,-21,1,2359296,0
1500,blocks.10.mlp.proj.weight,-20,1,2359296,0
1500,blocks.10.mlp.proj.weight,-19,4,2359296,0
1500,blocks.10.mlp.proj.weight,-18,18,2359296,0
1500,blocks.10.mlp.proj.weight,-17,58,2359296,0
1500,blocks.10.mlp.proj.weight,-16,133,2359296,0
1500,blocks.10.mlp.proj.weight,-15,332,2359296,0
1500,blocks.10.mlp.proj.weight,-14,572,2359296,0
1500,blocks.10.mlp.proj.weight,-13,1204,2359296,0
1500,blocks.10.mlp.proj.weight,-12,2566,2359296,0
1500,blocks.10.mlp.proj.weight,-11,4936,2359296,0
1500,blocks.10.mlp.proj.weight,-10,10122,2359296,0
1500,blocks.10.mlp.proj.weight,-9,20039,2359296,0
1500,blocks.10.mlp.proj.weight,-8,39972,2359296,0
1500,blocks.10.mlp.proj.weight,-7,77760,2359296,0
1500,blocks.10.mlp.proj.weight,-6,147471,2359296,0
1500,blocks.10.mlp.proj.weight,-5,272590,2359296,0
1500,blocks.10.mlp.proj.weight,-4,481664,2359296,0
1500,blocks.10.mlp.proj.weight,-3,696600,2359296,0
1500,blocks.10.mlp.proj.weight,-2,518028,2359296,0
1500,blocks.10.mlp.proj.weight,-1,83178,2359296,0
1500,blocks.10.mlp.proj.weight,0,1697,2359296,0
1500,blocks.10.mlp.proj.weight,1,216,2359296,0
1500,blocks.10.mlp.proj.weight,2,32,2359296,0
1500,blocks.10.mlp.proj.weight,3,0,2359296,0
1500,blocks.10.mlp.proj.weight,4,0,2359296,0
1500,blocks.10.mlp.proj.weight,5,0,2359296,0
1500,blocks.10.mlp.proj.weight,6,0,2359296,0
1500,blocks.10.mlp.proj.weight,7,0,2359296,0
1500,blocks.10.mlp.proj.weight,8,0,2359296,0
1500,blocks.10.mlp.proj.weight,9,0,2359296,0
1500,blocks.10.mlp.proj.weight,10,0,2359296,0
1500,blocks.10.mlp.proj.weight,11,0,2359296,0
1500,blocks.10.mlp.proj.weight,12,0,2359296,0
1500,blocks.10.mlp.proj.weight,13,0,2359296,0
1500,blocks.10.mlp.proj.weight,14,0,2359296,0
1500,blocks.10.mlp.proj.weight,15,0,2359296,0
1500,blocks.10.mlp.proj.weight,16,0,2359296,0
1500,blocks.10.mlp.proj.weight,17,0,2359296,0
1500,blocks.10.mlp.proj.weight,18,0,2359296,0
1500,blocks.10.mlp.proj.weight,19,0,2359296,0
1500,blocks.10.mlp.proj.weight,20,0,2359296,0
1500,blocks.10.mlp.proj.weight,21,0,2359296,0
1500,blocks.10.mlp.proj.weight,22,0,2359296,0
1500,blocks.10.mlp.proj.weight,23,0,2359296,0
1500,blocks.10.mlp.proj.weight,24,0,2359296,0
1500,blocks.10.mlp.proj.weight,25,0,2359296,0
1500,blocks.10.mlp.proj.weight,26,0,2359296,0
1500,blocks.10.mlp.proj.weight,27,0,2359296,0
1500,blocks.10.mlp.proj.weight,28,0,2359296,0
1500,blocks.10.mlp.proj.weight,29,0,2359296,0
1500,blocks.10.mlp.proj.weight,30,0,2359296,0
1500,blocks.10.mlp.proj.weight,31,0,2359296,0
1500,blocks.10.mlp.proj.weight,32,0,2359296,0
1500,blocks.10.mlp.proj.weight,33,0,2359296,0
1500,blocks.10.mlp.proj.weight,34,0,2359296,0
1500,blocks.10.mlp.proj.weight,35,0,2359296,0
1500,blocks.10.mlp.proj.weight,36,0,2359296,0
1500,blocks.10.mlp.proj.weight,37,0,2359296,0
1500,blocks.10.mlp.proj.weight,38,0,2359296,0
1500,blocks.10.mlp.proj.weight,39,0,2359296,0
1500,blocks.10.mlp.proj.weight,40,0,2359296,0
1500,blocks.10.mlp.proj.weight,41,0,2359296,0
1500,blocks.10.mlp.proj.weight,42,0,2359296,0
1500,blocks.10.mlp.proj.weight,43,0,2359296,0
1500,blocks.10.mlp.proj.weight,44,0,2359296,0
1500,blocks.10.mlp.proj.weight,45,0,2359296,0
1500,blocks.10.mlp.proj.weight,46,0,2359296,0
1500,blocks.10.mlp.proj.weight,47,0,2359296,0
1500,blocks.10.mlp.proj.weight,48,0,2359296,0
1500,blocks.10.mlp.proj.weight,49,0,2359296,0
1500,blocks.10.mlp.proj.weight,50,0,2359296,0
1500,blocks.10.mlp.proj.weight,51,0,2359296,0
1500,blocks.10.mlp.proj.weight,52,0,2359296,0
1500,blocks.10.mlp.proj.weight,53,0,2359296,0
1500,blocks.10.mlp.proj.weight,54,0,2359296,0
1500,blocks.10.mlp.proj.weight,55,0,2359296,0
1500,blocks.10.mlp.proj.weight,56,0,2359296,0
1500,blocks.10.mlp.proj.weight,57,0,2359296,0
1500,blocks.10.mlp.proj.weight,58,0,2359296,0
1500,blocks.10.mlp.proj.weight,59,0,2359296,0
1500,blocks.10.mlp.proj.weight,60,0,2359296,0
1500,blocks.10.mlp.proj.weight,61,0,2359296,0
1500,blocks.10.mlp.proj.weight,62,0,2359296,0
1500,blocks.10.mlp.proj.weight,63,0,2359296,0
1500,blocks.10.mlp.proj.weight,64,0,2359296,0
1500,blocks.10.mlp.proj.weight,65,0,2359296,0
1500,blocks.10.mlp.proj.weight,66,0,2359296,0
1500,blocks.10.mlp.proj.weight,67,0,2359296,0
1500,blocks.10.mlp.proj.weight,68,0,2359296,0
1500,blocks.10.mlp.proj.weight,69,0,2359296,0
1500,blocks.10.mlp.proj.weight,70,0,2359296,0
1500,blocks.10.mlp.proj.weight,71,0,2359296,0
1500,blocks.10.mlp.proj.weight,72,0,2359296,0
1500,blocks.10.mlp.proj.weight,73,0,2359296,0
1500,blocks.10.mlp.proj.weight,74,0,2359296,0
1500,blocks.10.mlp.proj.weight,75,0,2359296,0
1500,blocks.10.mlp.proj.weight,76,0,2359296,0
1500,blocks.10.mlp.proj.weight,77,0,2359296,0
1500,blocks.10.mlp.proj.weight,78,0,2359296,0
1500,blocks.10.mlp.proj.weight,79,0,2359296,0
1500,blocks.10.mlp.proj.weight,80,0,2359296,0
1500,blocks.10.mlp.proj.weight,81,0,2359296,0
1500,blocks.10.mlp.proj.weight,82,0,2359296,0
1500,blocks.10.mlp.proj.weight,83,0,2359296,0
1500,blocks.10.mlp.proj.weight,84,0,2359296,0
1500,blocks.10.mlp.proj.weight,85,0,2359296,0
1500,blocks.10.mlp.proj.weight,86,0,2359296,0
1500,blocks.10.mlp.proj.weight,87,0,2359296,0
1500,blocks.10.mlp.proj.weight,88,0,2359296,0
1500,blocks.10.mlp.proj.weight,89,0,2359296,0
1500,blocks.10.mlp.proj.weight,90,0,2359296,0
1500,blocks.10.mlp.proj.weight,91,0,2359296,0
1500,blocks.10.mlp.proj.weight,92,0,2359296,0
1500,blocks.10.mlp.proj.weight,93,0,2359296,0
1500,blocks.10.mlp.proj.weight,94,0,2359296,0
1500,blocks.10.mlp.proj.weight,95,0,2359296,0
1500,blocks.10.mlp.proj.weight,96,0,2359296,0
1500,blocks.10.mlp.proj.weight,97,0,2359296,0
1500,blocks.10.mlp.proj.weight,98,0,2359296,0
1500,blocks.10.mlp.proj.weight,99,0,2359296,0
1500,blocks.10.mlp.proj.weight,100,0,2359296,0
1500,blocks.10.mlp.proj.weight,101,0,2359296,0
1500,blocks.10.mlp.proj.weight,102,0,2359296,0
1500,blocks.10.mlp.proj.weight,103,0,2359296,0
1500,blocks.10.mlp.proj.weight,104,0,2359296,0
1500,blocks.10.mlp.proj.weight,105,0,2359296,0
1500,blocks.10.mlp.proj.weight,106,0,2359296,0
1500,blocks.10.mlp.proj.weight,107,0,2359296,0
1500,blocks.10.mlp.proj.weight,108,0,2359296,0
1500,blocks.10.mlp.proj.weight,109,0,2359296,0
1500,blocks.10.mlp.proj.weight,110,0,2359296,0
1500,blocks.10.mlp.proj.weight,111,0,2359296,0
1500,blocks.10.mlp.proj.weight,112,0,2359296,0
1500,blocks.10.mlp.proj.weight,113,0,2359296,0
1500,blocks.10.mlp.proj.weight,114,0,2359296,0
1500,blocks.10.mlp.proj.weight,115,0,2359296,0
1500,blocks.10.mlp.proj.weight,116,0,2359296,0
1500,blocks.10.mlp.proj.weight,117,0,2359296,0
1500,blocks.10.mlp.proj.weight,118,0,2359296,0
1500,blocks.10.mlp.proj.weight,119,0,2359296,0
1500,blocks.10.mlp.proj.weight,120,0,2359296,0
1500,blocks.10.mlp.proj.weight,121,0,2359296,0
1500,blocks.10.mlp.proj.weight,122,0,2359296,0
1500,blocks.10.mlp.proj.weight,123,0,2359296,0
1500,blocks.10.mlp.proj.weight,124,0,2359296,0
1500,blocks.10.mlp.proj.weight,125,0,2359296,0
1500,blocks.10.mlp.proj.weight,126,0,2359296,0
1500,blocks.10.mlp.proj.weight,127,0,2359296,0
1500,blocks.10.mlp.proj.weight,128,0,2359296,0
1500,blocks.11.mlp.fc.weight,-127,0,2359296,0
1500,blocks.11.mlp.fc.weight,-126,0,2359296,0
1500,blocks.11.mlp.fc.weight,-125,0,2359296,0
1500,blocks.11.mlp.fc.weight,-124,0,2359296,0
1500,blocks.11.mlp.fc.weight,-123,0,2359296,0
1500,blocks.11.mlp.fc.weight,-122,0,2359296,0
1500,blocks.11.mlp.fc.weight,-121,0,2359296,0
1500,blocks.11.mlp.fc.weight,-120,0,2359296,0
1500,blocks.11.mlp.fc.weight,-119,0,2359296,0
1500,blocks.11.mlp.fc.weight,-118,0,2359296,0
1500,blocks.11.mlp.fc.weight,-117,0,2359296,0
1500,blocks.11.mlp.fc.weight,-116,0,2359296,0
1500,blocks.11.mlp.fc.weight,-115,0,2359296,0
1500,blocks.11.mlp.fc.weight,-114,0,2359296,0
1500,blocks.11.mlp.fc.weight,-113,0,2359296,0
1500,blocks.11.mlp.fc.weight,-112,0,2359296,0
1500,blocks.11.mlp.fc.weight,-111,0,2359296,0
1500,blocks.11.mlp.fc.weight,-110,0,2359296,0
1500,blocks.11.mlp.fc.weight,-109,0,2359296,0
1500,blocks.11.mlp.fc.weight,-108,0,2359296,0
1500,blocks.11.mlp.fc.weight,-107,0,2359296,0
1500,blocks.11.mlp.fc.weight,-106,0,2359296,0
1500,blocks.11.mlp.fc.weight,-105,0,2359296,0
1500,blocks.11.mlp.fc.weight,-104,0,2359296,0
1500,blocks.11.mlp.fc.weight,-103,0,2359296,0
1500,blocks.11.mlp.fc.weight,-102,0,2359296,0
1500,blocks.11.mlp.fc.weight,-101,0,2359296,0
1500,blocks.11.mlp.fc.weight,-100,0,2359296,0
1500,blocks.11.mlp.fc.weight,-99,0,2359296,0
1500,blocks.11.mlp.fc.weight,-98,0,2359296,0
1500,blocks.11.mlp.fc.weight,-97,0,2359296,0
1500,blocks.11.mlp.fc.weight,-96,0,2359296,0
1500,blocks.11.mlp.fc.weight,-95,0,2359296,0
1500,blocks.11.mlp.fc.weight,-94,0,2359296,0
1500,blocks.11.mlp.fc.weight,-93,0,2359296,0
1500,blocks.11.mlp.fc.weight,-92,0,2359296,0
1500,blocks.11.mlp.fc.weight,-91,0,2359296,0
1500,blocks.11.mlp.fc.weight,-90,0,2359296,0
1500,blocks.11.mlp.fc.weight,-89,0,2359296,0
1500,blocks.11.mlp.fc.weight,-88,0,2359296,0
1500,blocks.11.mlp.fc.weight,-87,0,2359296,0
1500,blocks.11.mlp.fc.weight,-86,0,2359296,0
1500,blocks.11.mlp.fc.weight,-85,0,2359296,0
1500,blocks.11.mlp.fc.weight,-84,0,2359296,0
1500,blocks.11.mlp.fc.weight,-83,0,2359296,0
1500,blocks.11.mlp.fc.weight,-82,0,2359296,0
1500,blocks.11.mlp.fc.weight,-81,0,2359296,0
1500,blocks.11.mlp.fc.weight,-80,0,2359296,0
1500,blocks.11.mlp.fc.weight,-79,0,2359296,0
1500,blocks.11.mlp.fc.weight,-78,0,2359296,0
1500,blocks.11.mlp.fc.weight,-77,0,2359296,0
1500,blocks.11.mlp.fc.weight,-76,0,2359296,0
1500,blocks.11.mlp.fc.weight,-75,0,2359296,0
1500,blocks.11.mlp.fc.weight,-74,0,2359296,0
1500,blocks.11.mlp.fc.weight,-73,0,2359296,0
1500,blocks.11.mlp.fc.weight,-72,0,2359296,0
1500,blocks.11.mlp.fc.weight,-71,0,2359296,0
1500,blocks.11.mlp.fc.weight,-70,0,2359296,0
1500,blocks.11.mlp.fc.weight,-69,0,2359296,0
1500,blocks.11.mlp.fc.weight,-68,0,2359296,0
1500,blocks.11.mlp.fc.weight,-67,0,2359296,0
1500,blocks.11.mlp.fc.weight,-66,0,2359296,0
1500,blocks.11.mlp.fc.weight,-65,0,2359296,0
1500,blocks.11.mlp.fc.weight,-64,0,2359296,0
1500,blocks.11.mlp.fc.weight,-63,0,2359296,0
1500,blocks.11.mlp.fc.weight,-62,0,2359296,0
1500,blocks.11.mlp.fc.weight,-61,0,2359296,0
1500,blocks.11.mlp.fc.weight,-60,0,2359296,0
1500,blocks.11.mlp.fc.weight,-59,0,2359296,0
1500,blocks.11.mlp.fc.weight,-58,0,2359296,0
1500,blocks.11.mlp.fc.weight,-57,0,2359296,0
1500,blocks.11.mlp.fc.weight,-56,0,2359296,0
1500,blocks.11.mlp.fc.weight,-55,0,2359296,0
1500,blocks.11.mlp.fc.weight,-54,0,2359296,0
1500,blocks.11.mlp.fc.weight,-53,0,2359296,0
1500,blocks.11.mlp.fc.weight,-52,0,2359296,0
1500,blocks.11.mlp.fc.weight,-51,0,2359296,0
1500,blocks.11.mlp.fc.weight,-50,0,2359296,0
1500,blocks.11.mlp.fc.weight,-49,0,2359296,0
1500,blocks.11.mlp.fc.weight,-48,0,2359296,0
1500,blocks.11.mlp.fc.weight,-47,0,2359296,0
1500,blocks.11.mlp.fc.weight,-46,0,2359296,0
1500,blocks.11.mlp.fc.weight,-45,0,2359296,0
1500,blocks.11.mlp.fc.weight,-44,0,2359296,0
1500,blocks.11.mlp.fc.weight,-43,0,2359296,0
1500,blocks.11.mlp.fc.weight,-42,0,2359296,0
1500,blocks.11.mlp.fc.weight,-41,0,2359296,0
1500,blocks.11.mlp.fc.weight,-40,0,2359296,0
1500,blocks.11.mlp.fc.weight,-39,0,2359296,0
1500,blocks.11.mlp.fc.weight,-38,0,2359296,0
1500,blocks.11.mlp.fc.weight,-37,0,2359296,0
1500,blocks.11.mlp.fc.weight,-36,1,2359296,0
1500,blocks.11.mlp.fc.weight,-35,1,2359296,0
1500,blocks.11.mlp.fc.weight,-34,3,2359296,0
1500,blocks.11.mlp.fc.weight,-33,1,2359296,0
1500,blocks.11.mlp.fc.weight,-32,7,2359296,0
1500,blocks.11.mlp.fc.weight,-31,33,2359296,0
1500,blocks.11.mlp.fc.weight,-30,31,2359296,0
1500,blocks.11.mlp.fc.weight,-29,8,2359296,0
1500,blocks.11.mlp.fc.weight,-28,1,2359296,0
1500,blocks.11.mlp.fc.weight,-27,0,2359296,0
1500,blocks.11.mlp.fc.weight,-26,0,2359296,0
1500,blocks.11.mlp.fc.weight,-25,0,2359296,0
1500,blocks.11.mlp.fc.weight,-24,0,2359296,0
1500,blocks.11.mlp.fc.weight,-23,0,2359296,0
1500,blocks.11.mlp.fc.weight,-22,2,2359296,0
1500,blocks.11.mlp.fc.weight,-21,5,2359296,0
1500,blocks.11.mlp.fc.weight,-20,15,2359296,0
1500,blocks.11.mlp.fc.weight,-19,16,2359296,0
1500,blocks.11.mlp.fc.weight,-18,60,2359296,0
1500,blocks.11.mlp.fc.weight,-17,171,2359296,0
1500,blocks.11.mlp.fc.weight,-16,352,2359296,0
1500,blocks.11.mlp.fc.weight,-15,619,2359296,0
1500,blocks.11.mlp.fc.weight,-14,1337,2359296,0
1500,blocks.11.mlp.fc.weight,-13,2742,2359296,0
1500,blocks.11.mlp.fc.weight,-12,5494,2359296,0
1500,blocks.11.mlp.fc.weight,-11,10575,2359296,0
1500,blocks.11.mlp.fc.weight,-10,21304,2359296,0
1500,blocks.11.mlp.fc.weight,-9,41456,2359296,0
1500,blocks.11.mlp.fc.weight,-8,76950,2359296,0
1500,blocks.11.mlp.fc.weight,-7,130595,2359296,0
1500,blocks.11.mlp.fc.weight,-6,221941,2359296,0
1500,blocks.11.mlp.fc.weight,-5,386798,2359296,0
1500,blocks.11.mlp.fc.weight,-4,612241,2359296,0
1500,blocks.11.mlp.fc.weight,-3,618318,2359296,0
1500,blocks.11.mlp.fc.weight,-2,204338,2359296,0
1500,blocks.11.mlp.fc.weight,-1,20233,2359296,0
1500,blocks.11.mlp.fc.weight,0,3121,2359296,0
1500,blocks.11.mlp.fc.weight,1,475,2359296,0
1500,blocks.11.mlp.fc.weight,2,40,2359296,0
1500,blocks.11.mlp.fc.weight,3,11,2359296,0
1500,blocks.11.mlp.fc.weight,4,1,2359296,0
1500,blocks.11.mlp.fc.weight,5,0,2359296,0
1500,blocks.11.mlp.fc.weight,6,0,2359296,0
1500,blocks.11.mlp.fc.weight,7,0,2359296,0
1500,blocks.11.mlp.fc.weight,8,0,2359296,0
1500,blocks.11.mlp.fc.weight,9,0,2359296,0
1500,blocks.11.mlp.fc.weight,10,0,2359296,0
1500,blocks.11.mlp.fc.weight,11,0,2359296,0
1500,blocks.11.mlp.fc.weight,12,0,2359296,0
1500,blocks.11.mlp.fc.weight,13,0,2359296,0
1500,blocks.11.mlp.fc.weight,14,0,2359296,0
1500,blocks.11.mlp.fc.weight,15,0,2359296,0
1500,blocks.11.mlp.fc.weight,16,0,2359296,0
1500,blocks.11.mlp.fc.weight,17,0,2359296,0
1500,blocks.11.mlp.fc.weight,18,0,2359296,0
1500,blocks.11.mlp.fc.weight,19,0,2359296,0
1500,blocks.11.mlp.fc.weight,20,0,2359296,0
1500,blocks.11.mlp.fc.weight,21,0,2359296,0
1500,blocks.11.mlp.fc.weight,22,0,2359296,0
1500,blocks.11.mlp.fc.weight,23,0,2359296,0
1500,blocks.11.mlp.fc.weight,24,0,2359296,0
1500,blocks.11.mlp.fc.weight,25,0,2359296,0
1500,blocks.11.mlp.fc.weight,26,0,2359296,0
1500,blocks.11.mlp.fc.weight,27,0,2359296,0
1500,blocks.11.mlp.fc.weight,28,0,2359296,0
1500,blocks.11.mlp.fc.weight,29,0,2359296,0
1500,blocks.11.mlp.fc.weight,30,0,2359296,0
1500,blocks.11.mlp.fc.weight,31,0,2359296,0
1500,blocks.11.mlp.fc.weight,32,0,2359296,0
1500,blocks.11.mlp.fc.weight,33,0,2359296,0
1500,blocks.11.mlp.fc.weight,34,0,2359296,0
1500,blocks.11.mlp.fc.weight,35,0,2359296,0
1500,blocks.11.mlp.fc.weight,36,0,2359296,0
1500,blocks.11.mlp.fc.weight,37,0,2359296,0
1500,blocks.11.mlp.fc.weight,38,0,2359296,0
1500,blocks.11.mlp.fc.weight,39,0,2359296,0
1500,blocks.11.mlp.fc.weight,40,0,2359296,0
1500,blocks.11.mlp.fc.weight,41,0,2359296,0
1500,blocks.11.mlp.fc.weight,42,0,2359296,0
1500,blocks.11.mlp.fc.weight,43,0,2359296,0
1500,blocks.11.mlp.fc.weight,44,0,2359296,0
1500,blocks.11.mlp.fc.weight,45,0,2359296,0
1500,blocks.11.mlp.fc.weight,46,0,2359296,0
1500,blocks.11.mlp.fc.weight,47,0,2359296,0
1500,blocks.11.mlp.fc.weight,48,0,2359296,0
1500,blocks.11.mlp.fc.weight,49,0,2359296,0
1500,blocks.11.mlp.fc.weight,50,0,2359296,0
1500,blocks.11.mlp.fc.weight,51,0,2359296,0
1500,blocks.11.mlp.fc.weight,52,0,2359296,0
1500,blocks.11.mlp.fc.weight,53,0,2359296,0
1500,blocks.11.mlp.fc.weight,54,0,2359296,0
1500,blocks.11.mlp.fc.weight,55,0,2359296,0
1500,blocks.11.mlp.fc.weight,56,0,2359296,0
1500,blocks.11.mlp.fc.weight,57,0,2359296,0
1500,blocks.11.mlp.fc.weight,58,0,2359296,0
1500,blocks.11.mlp.fc.weight,59,0,2359296,0
1500,blocks.11.mlp.fc.weight,60,0,2359296,0
1500,blocks.11.mlp.fc.weight,61,0,2359296,0
1500,blocks.11.mlp.fc.weight,62,0,2359296,0
1500,blocks.11.mlp.fc.weight,63,0,2359296,0
1500,blocks.11.mlp.fc.weight,64,0,2359296,0
1500,blocks.11.mlp.fc.weight,65,0,2359296,0
1500,blocks.11.mlp.fc.weight,66,0,2359296,0
1500,blocks.11.mlp.fc.weight,67,0,2359296,0
1500,blocks.11.mlp.fc.weight,68,0,2359296,0
1500,blocks.11.mlp.fc.weight,69,0,2359296,0
1500,blocks.11.mlp.fc.weight,70,0,2359296,0
1500,blocks.11.mlp.fc.weight,71,0,2359296,0
1500,blocks.11.mlp.fc.weight,72,0,2359296,0
1500,blocks.11.mlp.fc.weight,73,0,2359296,0
1500,blocks.11.mlp.fc.weight,74,0,2359296,0
1500,blocks.11.mlp.fc.weight,75,0,2359296,0
1500,blocks.11.mlp.fc.weight,76,0,2359296,0
1500,blocks.11.mlp.fc.weight,77,0,2359296,0
1500,blocks.11.mlp.fc.weight,78,0,2359296,0
1500,blocks.11.mlp.fc.weight,79,0,2359296,0
1500,blocks.11.mlp.fc.weight,80,0,2359296,0
1500,blocks.11.mlp.fc.weight,81,0,2359296,0
1500,blocks.11.mlp.fc.weight,82,0,2359296,0
1500,blocks.11.mlp.fc.weight,83,0,2359296,0
1500,blocks.11.mlp.fc.weight,84,0,2359296,0
1500,blocks.11.mlp.fc.weight,85,0,2359296,0
1500,blocks.11.mlp.fc.weight,86,0,2359296,0
1500,blocks.11.mlp.fc.weight,87,0,2359296,0
1500,blocks.11.mlp.fc.weight,88,0,2359296,0
1500,blocks.11.mlp.fc.weight,89,0,2359296,0
1500,blocks.11.mlp.fc.weight,90,0,2359296,0
1500,blocks.11.mlp.fc.weight,91,0,2359296,0
1500,blocks.11.mlp.fc.weight,92,0,2359296,0
1500,blocks.11.mlp.fc.weight,93,0,2359296,0
1500,blocks.11.mlp.fc.weight,94,0,2359296,0
1500,blocks.11.mlp.fc.weight,95,0,2359296,0
1500,blocks.11.mlp.fc.weight,96,0,2359296,0
1500,blocks.11.mlp.fc.weight,97,0,2359296,0
1500,blocks.11.mlp.fc.weight,98,0,2359296,0
1500,blocks.11.mlp.fc.weight,99,0,2359296,0
1500,blocks.11.mlp.fc.weight,100,0,2359296,0
1500,blocks.11.mlp.fc.weight,101,0,2359296,0
1500,blocks.11.mlp.fc.weight,102,0,2359296,0
1500,blocks.11.mlp.fc.weight,103,0,2359296,0
1500,blocks.11.mlp.fc.weight,104,0,2359296,0
1500,blocks.11.mlp.fc.weight,105,0,2359296,0
1500,blocks.11.mlp.fc.weight,106,0,2359296,0
1500,blocks.11.mlp.fc.weight,107,0,2359296,0
1500,blocks.11.mlp.fc.weight,108,0,2359296,0
1500,blocks.11.mlp.fc.weight,109,0,2359296,0
1500,blocks.11.mlp.fc.weight,110,0,2359296,0
1500,blocks.11.mlp.fc.weight,111,0,2359296,0
1500,blocks.11.mlp.fc.weight,112,0,2359296,0
1500,blocks.11.mlp.fc.weight,113,0,2359296,0
1500,blocks.11.mlp.fc.weight,114,0,2359296,0
1500,blocks.11.mlp.fc.weight,115,0,2359296,0
1500,blocks.11.mlp.fc.weight,116,0,2359296,0
1500,blocks.11.mlp.fc.weight,117,0,2359296,0
1500,blocks.11.mlp.fc.weight,118,0,2359296,0
1500,blocks.11.mlp.fc.weight,119,0,2359296,0
1500,blocks.11.mlp.fc.weight,120,0,2359296,0
1500,blocks.11.mlp.fc.weight,121,0,2359296,0
1500,blocks.11.mlp.fc.weight,122,0,2359296,0
1500,blocks.11.mlp.fc.weight,123,0,2359296,0
1500,blocks.11.mlp.fc.weight,124,0,2359296,0
1500,blocks.11.mlp.fc.weight,125,0,2359296,0
1500,blocks.11.mlp.fc.weight,126,0,2359296,0
1500,blocks.11.mlp.fc.weight,127,0,2359296,0
1500,blocks.11.mlp.fc.weight,128,0,2359296,0
1500,blocks.11.mlp.proj.weight,-127,0,2359296,0
1500,blocks.11.mlp.proj.weight,-126,0,2359296,0
1500,blocks.11.mlp.proj.weight,-125,0,2359296,0
1500,blocks.11.mlp.proj.weight,-124,0,2359296,0
1500,blocks.11.mlp.proj.weight,-123,0,2359296,0
1500,blocks.11.mlp.proj.weight,-122,0,2359296,0
1500,blocks.11.mlp.proj.weight,-121,0,2359296,0
1500,blocks.11.mlp.proj.weight,-120,0,2359296,0
1500,blocks.11.mlp.proj.weight,-119,0,2359296,0
1500,blocks.11.mlp.proj.weight,-118,0,2359296,0
1500,blocks.11.mlp.proj.weight,-117,0,2359296,0
1500,blocks.11.mlp.proj.weight,-116,0,2359296,0
1500,blocks.11.mlp.proj.weight,-115,0,2359296,0
1500,blocks.11.mlp.proj.weight,-114,0,2359296,0
1500,blocks.11.mlp.proj.weight,-113,0,2359296,0
1500,blocks.11.mlp.proj.weight,-112,0,2359296,0
1500,blocks.11.mlp.proj.weight,-111,0,2359296,0
1500,blocks.11.mlp.proj.weight,-110,0,2359296,0
1500,blocks.11.mlp.proj.weight,-109,0,2359296,0
1500,blocks.11.mlp.proj.weight,-108,0,2359296,0
1500,blocks.11.mlp.proj.weight,-107,0,2359296,0
1500,blocks.11.mlp.proj.weight,-106,0,2359296,0
1500,blocks.11.mlp.proj.weight,-105,0,2359296,0
1500,blocks.11.mlp.proj.weight,-104,0,2359296,0
1500,blocks.11.mlp.proj.weight,-103,0,2359296,0
1500,blocks.11.mlp.proj.weight,-102,0,2359296,0
1500,blocks.11.mlp.proj.weight,-101,0,2359296,0
1500,blocks.11.mlp.proj.weight,-100,0,2359296,0
1500,blocks.11.mlp.proj.weight,-99,0,2359296,0
1500,blocks.11.mlp.proj.weight,-98,0,2359296,0
1500,blocks.11.mlp.proj.weight,-97,0,2359296,0
1500,blocks.11.mlp.proj.weight,-96,0,2359296,0
1500,blocks.11.mlp.proj.weight,-95,0,2359296,0
1500,blocks.11.mlp.proj.weight,-94,0,2359296,0
1500,blocks.11.mlp.proj.weight,-93,0,2359296,0
1500,blocks.11.mlp.proj.weight,-92,0,2359296,0
1500,blocks.11.mlp.proj.weight,-91,0,2359296,0
1500,blocks.11.mlp.proj.weight,-90,0,2359296,0
1500,blocks.11.mlp.proj.weight,-89,0,2359296,0
1500,blocks.11.mlp.proj.weight,-88,0,2359296,0
1500,blocks.11.mlp.proj.weight,-87,0,2359296,0
1500,blocks.11.mlp.proj.weight,-86,0,2359296,0
1500,blocks.11.mlp.proj.weight,-85,0,2359296,0
1500,blocks.11.mlp.proj.weight,-84,0,2359296,0
1500,blocks.11.mlp.proj.weight,-83,0,2359296,0
1500,blocks.11.mlp.proj.weight,-82,0,2359296,0
1500,blocks.11.mlp.proj.weight,-81,0,2359296,0
1500,blocks.11.mlp.proj.weight,-80,0,2359296,0
1500,blocks.11.mlp.proj.weight,-79,0,2359296,0
1500,blocks.11.mlp.proj.weight,-78,0,2359296,0
1500,blocks.11.mlp.proj.weight,-77,0,2359296,0
1500,blocks.11.mlp.proj.weight,-76,0,2359296,0
1500,blocks.11.mlp.proj.weight,-75,0,2359296,0
1500,blocks.11.mlp.proj.weight,-74,0,2359296,0
1500,blocks.11.mlp.proj.weight,-73,0,2359296,0
1500,blocks.11.mlp.proj.weight,-72,0,2359296,0
1500,blocks.11.mlp.proj.weight,-71,0,2359296,0
1500,blocks.11.mlp.proj.weight,-70,0,2359296,0
1500,blocks.11.mlp.proj.weight,-69,0,2359296,0
1500,blocks.11.mlp.proj.weight,-68,0,2359296,0
1500,blocks.11.mlp.proj.weight,-67,0,2359296,0
1500,blocks.11.mlp.proj.weight,-66,0,2359296,0
1500,blocks.11.mlp.proj.weight,-65,0,2359296,0
1500,blocks.11.mlp.proj.weight,-64,0,2359296,0
1500,blocks.11.mlp.proj.weight,-63,0,2359296,0
1500,blocks.11.mlp.proj.weight,-62,0,2359296,0
1500,blocks.11.mlp.proj.weight,-61,0,2359296,0
1500,blocks.11.mlp.proj.weight,-60,0,2359296,0
1500,blocks.11.mlp.proj.weight,-59,0,2359296,0
1500,blocks.11.mlp.proj.weight,-58,0,2359296,0
1500,blocks.11.mlp.proj.weight,-57,0,2359296,0
1500,blocks.11.mlp.proj.weight,-56,0,2359296,0
1500,blocks.11.mlp.proj.weight,-55,0,2359296,0
1500,blocks.11.mlp.proj.weight,-54,0,2359296,0
1500,blocks.11.mlp.proj.weight,-53,0,2359296,0
1500,blocks.11.mlp.proj.weight,-52,0,2359296,0
1500,blocks.11.mlp.proj.weight,-51,0,2359296,0
1500,blocks.11.mlp.proj.weight,-50,0,2359296,0
1500,blocks.11.mlp.proj.weight,-49,0,2359296,0
1500,blocks.11.mlp.proj.weight,-48,0,2359296,0
1500,blocks.11.mlp.proj.weight,-47,0,2359296,0
1500,blocks.11.mlp.proj.weight,-46,0,2359296,0
1500,blocks.11.mlp.proj.weight,-45,0,2359296,0
1500,blocks.11.mlp.proj.weight,-44,0,2359296,0
1500,blocks.11.mlp.proj.weight,-43,0,2359296,0
1500,blocks.11.mlp.proj.weight,-42,0,2359296,0
1500,blocks.11.mlp.proj.weight,-41,0,2359296,0
1500,blocks.11.mlp.proj.weight,-40,0,2359296,0
1500,blocks.11.mlp.proj.weight,-39,0,2359296,0
1500,blocks.11.mlp.proj.weight,-38,0,2359296,0
1500,blocks.11.mlp.proj.weight,-37,0,2359296,0
1500,blocks.11.mlp.proj.weight,-36,0,2359296,0
1500,blocks.11.mlp.proj.weight,-35,0,2359296,0
1500,blocks.11.mlp.proj.weight,-34,0,2359296,0
1500,blocks.11.mlp.proj.weight,-33,1,2359296,0
1500,blocks.11.mlp.proj.weight,-32,6,2359296,0
1500,blocks.11.mlp.proj.weight,-31,7,2359296,0
1500,blocks.11.mlp.proj.weight,-30,28,2359296,0
1500,blocks.11.mlp.proj.weight,-29,33,2359296,0
1500,blocks.11.mlp.proj.weight,-28,24,2359296,0
1500,blocks.11.mlp.proj.weight,-27,1,2359296,0
1500,blocks.11.mlp.proj.weight,-26,0,2359296,0
1500,blocks.11.mlp.proj.weight,-25,0,2359296,0
1500,blocks.11.mlp.proj.weight,-24,0,2359296,0
1500,blocks.11.mlp.proj.weight,-23,0,2359296,0
1500,blocks.11.mlp.proj.weight,-22,1,2359296,0
1500,blocks.11.mlp.proj.weight,-21,1,2359296,0
1500,blocks.11.mlp.proj.weight,-20,2,2359296,0
1500,blocks.11.mlp.proj.weight,-19,7,2359296,0
1500,blocks.11.mlp.proj.weight,-18,26,2359296,0
1500,blocks.11.mlp.proj.weight,-17,52,2359296,0
1500,blocks.11.mlp.proj.weight,-16,146,2359296,0
1500,blocks.11.mlp.proj.weight,-15,299,2359296,0
1500,blocks.11.mlp.proj.weight,-14,675,2359296,0
1500,blocks.11.mlp.proj.weight,-13,1291,2359296,0
1500,blocks.11.mlp.proj.weight,-12,2744,2359296,0
1500,blocks.11.mlp.proj.weight,-11,5534,2359296,0
1500,blocks.11.mlp.proj.weight,-10,11156,2359296,0
1500,blocks.11.mlp.proj.weight,-9,21778,2359296,0
1500,blocks.11.mlp.proj.weight,-8,41713,2359296,0
1500,blocks.11.mlp.proj.weight,-7,75958,2359296,0
1500,blocks.11.mlp.proj.weight,-6,129938,2359296,0
1500,blocks.11.mlp.proj.weight,-5,223757,2359296,0
1500,blocks.11.mlp.proj.weight,-4,394645,2359296,0
1500,blocks.11.mlp.proj.weight,-3,620554,2359296,0
1500,blocks.11.mlp.proj.weight,-2,617399,2359296,0
1500,blocks.11.mlp.proj.weight,-1,193266,2359296,0
1500,blocks.11.mlp.proj.weight,0,14570,2359296,0
1500,blocks.11.mlp.proj.weight,1,2472,2359296,0
1500,blocks.11.mlp.proj.weight,2,787,2359296,0
1500,blocks.11.mlp.proj.weight,3,392,2359296,0
1500,blocks.11.mlp.proj.weight,4,32,2359296,0
1500,blocks.11.mlp.proj.weight,5,1,2359296,0
1500,blocks.11.mlp.proj.weight,6,0,2359296,0
1500,blocks.11.mlp.proj.weight,7,0,2359296,0
1500,blocks.11.mlp.proj.weight,8,0,2359296,0
1500,blocks.11.mlp.proj.weight,9,0,2359296,0
1500,blocks.11.mlp.proj.weight,10,0,2359296,0
1500,blocks.11.mlp.proj.weight,11,0,2359296,0
1500,blocks.11.mlp.proj.weight,12,0,2359296,0
1500,blocks.11.mlp.proj.weight,13,0,2359296,0
1500,blocks.11.mlp.proj.weight,14,0,2359296,0
1500,blocks.11.mlp.proj.weight,15,0,2359296,0
1500,blocks.11.mlp.proj.weight,16,0,2359296,0
1500,blocks.11.mlp.proj.weight,17,0,2359296,0
1500,blocks.11.mlp.proj.weight,18,0,2359296,0
1500,blocks.11.mlp.proj.weight,19,0,2359296,0
1500,blocks.11.mlp.proj.weight,20,0,2359296,0
1500,blocks.11.mlp.proj.weight,21,0,2359296,0
1500,blocks.11.mlp.proj.weight,22,0,2359296,0
1500,blocks.11.mlp.proj.weight,23,0,2359296,0
1500,blocks.11.mlp.proj.weight,24,0,2359296,0
1500,blocks.11.mlp.proj.weight,25,0,2359296,0
1500,blocks.11.mlp.proj.weight,26,0,2359296,0
1500,blocks.11.mlp.proj.weight,27,0,2359296,0
1500,blocks.11.mlp.proj.weight,28,0,2359296,0
1500,blocks.11.mlp.proj.weight,29,0,2359296,0
1500,blocks.11.mlp.proj.weight,30,0,2359296,0
1500,blocks.11.mlp.proj.weight,31,0,2359296,0
1500,blocks.11.mlp.proj.weight,32,0,2359296,0
1500,blocks.11.mlp.proj.weight,33,0,2359296,0
1500,blocks.11.mlp.proj.weight,34,0,2359296,0
1500,blocks.11.mlp.proj.weight,35,0,2359296,0
1500,blocks.11.mlp.proj.weight,36,0,2359296,0
1500,blocks.11.mlp.proj.weight,37,0,2359296,0
1500,blocks.11.mlp.proj.weight,38,0,2359296,0
1500,blocks.11.mlp.proj.weight,39,0,2359296,0
1500,blocks.11.mlp.proj.weight,40,0,2359296,0
1500,blocks.11.mlp.proj.weight,41,0,2359296,0
1500,blocks.11.mlp.proj.weight,42,0,2359296,0
1500,blocks.11.mlp.proj.weight,43,0,2359296,0
1500,blocks.11.mlp.proj.weight,44,0,2359296,0
1500,blocks.11.mlp.proj.weight,45,0,2359296,0
1500,blocks.11.mlp.proj.weight,46,0,2359296,0
1500,blocks.11.mlp.proj.weight,47,0,2359296,0
1500,blocks.11.mlp.proj.weight,48,0,2359296,0
1500,blocks.11.mlp.proj.weight,49,0,2359296,0
1500,blocks.11.mlp.proj.weight,50,0,2359296,0
1500,blocks.11.mlp.proj.weight,51,0,2359296,0
1500,blocks.11.mlp.proj.weight,52,0,2359296,0
1500,blocks.11.mlp.proj.weight,53,0,2359296,0
1500,blocks.11.mlp.proj.weight,54,0,2359296,0
1500,blocks.11.mlp.proj.weight,55,0,2359296,0
1500,blocks.11.mlp.proj.weight,56,0,2359296,0
1500,blocks.11.mlp.proj.weight,57,0,2359296,0
1500,blocks.11.mlp.proj.weight,58,0,2359296,0
1500,blocks.11.mlp.proj.weight,59,0,2359296,0
1500,blocks.11.mlp.proj.weight,60,0,2359296,0
1500,blocks.11.mlp.proj.weight,61,0,2359296,0
1500,blocks.11.mlp.proj.weight,62,0,2359296,0
1500,blocks.11.mlp.proj.weight,63,0,2359296,0
1500,blocks.11.mlp.proj.weight,64,0,2359296,0
1500,blocks.11.mlp.proj.weight,65,0,2359296,0
1500,blocks.11.mlp.proj.weight,66,0,2359296,0
1500,blocks.11.mlp.proj.weight,67,0,2359296,0
1500,blocks.11.mlp.proj.weight,68,0,2359296,0
1500,blocks.11.mlp.proj.weight,69,0,2359296,0
1500,blocks.11.mlp.proj.weight,70,0,2359296,0
1500,blocks.11.mlp.proj.weight,71,0,2359296,0
1500,blocks.11.mlp.proj.weight,72,0,2359296,0
1500,blocks.11.mlp.proj.weight,73,0,2359296,0
1500,blocks.11.mlp.proj.weight,74,0,2359296,0
1500,blocks.11.mlp.proj.weight,75,0,2359296,0
1500,blocks.11.mlp.proj.weight,76,0,2359296,0
1500,blocks.11.mlp.proj.weight,77,0,2359296,0
1500,blocks.11.mlp.proj.weight,78,0,2359296,0
1500,blocks.11.mlp.proj.weight,79,0,2359296,0
1500,blocks.11.mlp.proj.weight,80,0,2359296,0
1500,blocks.11.mlp.proj.weight,81,0,2359296,0
1500,blocks.11.mlp.proj.weight,82,0,2359296,0
1500,blocks.11.mlp.proj.weight,83,0,2359296,0
1500,blocks.11.mlp.proj.weight,84,0,2359296,0
1500,blocks.11.mlp.proj.weight,85,0,2359296,0
1500,blocks.11.mlp.proj.weight,86,0,2359296,0
1500,blocks.11.mlp.proj.weight,87,0,2359296,0
1500,blocks.11.mlp.proj.weight,88,0,2359296,0
1500,blocks.11.mlp.proj.weight,89,0,2359296,0
1500,blocks.11.mlp.proj.weight,90,0,2359296,0
1500,blocks.11.mlp.proj.weight,91,0,2359296,0
1500,blocks.11.mlp.proj.weight,92,0,2359296,0
1500,blocks.11.mlp.proj.weight,93,0,2359296,0
1500,blocks.11.mlp.proj.weight,94,0,2359296,0
1500,blocks.11.mlp.proj.weight,95,0,2359296,0
1500,blocks.11.mlp.proj.weight,96,0,2359296,0
1500,blocks.11.mlp.proj.weight,97,0,2359296,0
1500,blocks.11.mlp.proj.weight,98,0,2359296,0
1500,blocks.11.mlp.proj.weight,99,0,2359296,0
1500,blocks.11.mlp.proj.weight,100,0,2359296,0
1500,blocks.11.mlp.proj.weight,101,0,2359296,0
1500,blocks.11.mlp.proj.weight,102,0,2359296,0
1500,blocks.11.mlp.proj.weight,103,0,2359296,0
1500,blocks.11.mlp.proj.weight,104,0,2359296,0
1500,blocks.11.mlp.proj.weight,105,0,2359296,0
1500,blocks.11.mlp.proj.weight,106,0,2359296,0
1500,blocks.11.mlp.proj.weight,107,0,2359296,0
1500,blocks.11.mlp.proj.weight,108,0,2359296,0
1500,blocks.11.mlp.proj.weight,109,0,2359296,0
1500,blocks.11.mlp.proj.weight,110,0,2359296,0
1500,blocks.11.mlp.proj.weight,111,0,2359296,0
1500,blocks.11.mlp.proj.weight,112,0,2359296,0
1500,blocks.11.mlp.proj.weight,113,0,2359296,0
1500,blocks.11.mlp.proj.weight,114,0,2359296,0
1500,blocks.11.mlp.proj.weight,115,0,2359296,0
1500,blocks.11.mlp.proj.weight,116,0,2359296,0
1500,blocks.11.mlp.proj.weight,117,0,2359296,0
1500,blocks.11.mlp.proj.weight,118,0,2359296,0
1500,blocks.11.mlp.proj.weight,119,0,2359296,0
1500,blocks.11.mlp.proj.weight,120,0,2359296,0
1500,blocks.11.mlp.proj.weight,121,0,2359296,0
1500,blocks.11.mlp.proj.weight,122,0,2359296,0
1500,blocks.11.mlp.proj.weight,123,0,2359296,0
1500,blocks.11.mlp.proj.weight,124,0,2359296,0
1500,blocks.11.mlp.proj.weight,125,0,2359296,0
1500,blocks.11.mlp.proj.weight,126,0,2359296,0
1500,blocks.11.mlp.proj.weight,127,0,2359296,0
1500,blocks.11.mlp.proj.weight,128,0,2359296,0
3300,blocks.0.mlp.fc.weight,-127,0,2359296,0
3300,blocks.0.mlp.fc.weight,-126,0,2359296,0
3300,blocks.0.mlp.fc.weight,-125,0,2359296,0
3300,blocks.0.mlp.fc.weight,-124,0,2359296,0
3300,blocks.0.mlp.fc.weight,-123,0,2359296,0
3300,blocks.0.mlp.fc.weight,-122,0,2359296,0
3300,blocks.0.mlp.fc.weight,-121,0,2359296,0
3300,blocks.0.mlp.fc.weight,-120,0,2359296,0
3300,blocks.0.mlp.fc.weight,-119,0,2359296,0
3300,blocks.0.mlp.fc.weight,-118,0,2359296,0
3300,blocks.0.mlp.fc.weight,-117,0,2359296,0
3300,blocks.0.mlp.fc.weight,-116,0,2359296,0
3300,blocks.0.mlp.fc.weight,-115,0,2359296,0
3300,blocks.0.mlp.fc.weight,-114,0,2359296,0
3300,blocks.0.mlp.fc.weight,-113,0,2359296,0
3300,blocks.0.mlp.fc.weight,-112,0,2359296,0
3300,blocks.0.mlp.fc.weight,-111,0,2359296,0
3300,blocks.0.mlp.fc.weight,-110,0,2359296,0
3300,blocks.0.mlp.fc.weight,-109,0,2359296,0
3300,blocks.0.mlp.fc.weight,-108,0,2359296,0
3300,blocks.0.mlp.fc.weight,-107,0,2359296,0
3300,blocks.0.mlp.fc.weight,-106,0,2359296,0
3300,blocks.0.mlp.fc.weight,-105,0,2359296,0
3300,blocks.0.mlp.fc.weight,-104,0,2359296,0
3300,blocks.0.mlp.fc.weight,-103,0,2359296,0
3300,blocks.0.mlp.fc.weight,-102,0,2359296,0
3300,blocks.0.mlp.fc.weight,-101,0,2359296,0
3300,blocks.0.mlp.fc.weight,-100,0,2359296,0
3300,blocks.0.mlp.fc.weight,-99,0,2359296,0
3300,blocks.0.mlp.fc.weight,-98,0,2359296,0
3300,blocks.0.mlp.fc.weight,-97,0,2359296,0
3300,blocks.0.mlp.fc.weight,-96,0,2359296,0
3300,blocks.0.mlp.fc.weight,-95,0,2359296,0
3300,blocks.0.mlp.fc.weight,-94,0,2359296,0
3300,blocks.0.mlp.fc.weight,-93,0,2359296,0
3300,blocks.0.mlp.fc.weight,-92,0,2359296,0
3300,blocks.0.mlp.fc.weight,-91,0,2359296,0
3300,blocks.0.mlp.fc.weight,-90,0,2359296,0
3300,blocks.0.mlp.fc.weight,-89,0,2359296,0
3300,blocks.0.mlp.fc.weight,-88,0,2359296,0
3300,blocks.0.mlp.fc.weight,-87,0,2359296,0
3300,blocks.0.mlp.fc.weight,-86,0,2359296,0
3300,blocks.0.mlp.fc.weight,-85,0,2359296,0
3300,blocks.0.mlp.fc.weight,-84,0,2359296,0
3300,blocks.0.mlp.fc.weight,-83,0,2359296,0
3300,blocks.0.mlp.fc.weight,-82,0,2359296,0
3300,blocks.0.mlp.fc.weight,-81,0,2359296,0
3300,blocks.0.mlp.fc.weight,-80,0,2359296,0
3300,blocks.0.mlp.fc.weight,-79,0,2359296,0
3300,blocks.0.mlp.fc.weight,-78,0,2359296,0
3300,blocks.0.mlp.fc.weight,-77,0,2359296,0
3300,blocks.0.mlp.fc.weight,-76,0,2359296,0
3300,blocks.0.mlp.fc.weight,-75,0,2359296,0
3300,blocks.0.mlp.fc.weight,-74,0,2359296,0
3300,blocks.0.mlp.fc.weight,-73,0,2359296,0
3300,blocks.0.mlp.fc.weight,-72,0,2359296,0
3300,blocks.0.mlp.fc.weight,-71,0,2359296,0
3300,blocks.0.mlp.fc.weight,-70,0,2359296,0
3300,blocks.0.mlp.fc.weight,-69,0,2359296,0
3300,blocks.0.mlp.fc.weight,-68,0,2359296,0
3300,blocks.0.mlp.fc.weight,-67,0,2359296,0
3300,blocks.0.mlp.fc.weight,-66,0,2359296,0
3300,blocks.0.mlp.fc.weight,-65,0,2359296,0
3300,blocks.0.mlp.fc.weight,-64,0,2359296,0
3300,blocks.0.mlp.fc.weight,-63,0,2359296,0
3300,blocks.0.mlp.fc.weight,-62,0,2359296,0
3300,blocks.0.mlp.fc.weight,-61,0,2359296,0
3300,blocks.0.mlp.fc.weight,-60,0,2359296,0
3300,blocks.0.mlp.fc.weight,-59,0,2359296,0
3300,blocks.0.mlp.fc.weight,-58,0,2359296,0
3300,blocks.0.mlp.fc.weight,-57,0,2359296,0
3300,blocks.0.mlp.fc.weight,-56,0,2359296,0
3300,blocks.0.mlp.fc.weight,-55,0,2359296,0
3300,blocks.0.mlp.fc.weight,-54,0,2359296,0
3300,blocks.0.mlp.fc.weight,-53,0,2359296,0
3300,blocks.0.mlp.fc.weight,-52,0,2359296,0
3300,blocks.0.mlp.fc.weight,-51,0,2359296,0
3300,blocks.0.mlp.fc.weight,-50,0,2359296,0
3300,blocks.0.mlp.fc.weight,-49,0,2359296,0
3300,blocks.0.mlp.fc.weight,-48,0,2359296,0
3300,blocks.0.mlp.fc.weight,-47,0,2359296,0
3300,blocks.0.mlp.fc.weight,-46,0,2359296,0
3300,blocks.0.mlp.fc.weight,-45,0,2359296,0
3300,blocks.0.mlp.fc.weight,-44,0,2359296,0
3300,blocks.0.mlp.fc.weight,-43,0,2359296,0
3300,blocks.0.mlp.fc.weight,-42,0,2359296,0
3300,blocks.0.mlp.fc.weight,-41,0,2359296,0
3300,blocks.0.mlp.fc.weight,-40,0,2359296,0
3300,blocks.0.mlp.fc.weight,-39,0,2359296,0
3300,blocks.0.mlp.fc.weight,-38,0,2359296,0
3300,blocks.0.mlp.fc.weight,-37,0,2359296,0
3300,blocks.0.mlp.fc.weight,-36,0,2359296,0
3300,blocks.0.mlp.fc.weight,-35,0,2359296,0
3300,blocks.0.mlp.fc.weight,-34,0,2359296,0
3300,blocks.0.mlp.fc.weight,-33,0,2359296,0
3300,blocks.0.mlp.fc.weight,-32,3,2359296,0
3300,blocks.0.mlp.fc.weight,-31,6,2359296,0
3300,blocks.0.mlp.fc.weight,-30,20,2359296,0
3300,blocks.0.mlp.fc.weight,-29,34,2359296,0
3300,blocks.0.mlp.fc.weight,-28,9,2359296,0
3300,blocks.0.mlp.fc.weight,-27,0,2359296,0
3300,blocks.0.mlp.fc.weight,-26,0,2359296,0
3300,blocks.0.mlp.fc.weight,-25,0,2359296,0
3300,blocks.0.mlp.fc.weight,-24,0,2359296,0
3300,blocks.0.mlp.fc.weight,-23,0,2359296,0
3300,blocks.0.mlp.fc.weight,-22,0,2359296,0
3300,blocks.0.mlp.fc.weight,-21,0,2359296,0
3300,blocks.0.mlp.fc.weight,-20,0,2359296,0
3300,blocks.0.mlp.fc.weight,-19,2,2359296,0
3300,blocks.0.mlp.fc.weight,-18,13,2359296,0
3300,blocks.0.mlp.fc.weight,-17,29,2359296,0
3300,blocks.0.mlp.fc.weight,-16,102,2359296,0
3300,blocks.0.mlp.fc.weight,-15,225,2359296,0
3300,blocks.0.mlp.fc.weight,-14,424,2359296,0
3300,blocks.0.mlp.fc.weight,-13,873,2359296,0
3300,blocks.0.mlp.fc.weight,-12,1730,2359296,0
3300,blocks.0.mlp.fc.weight,-11,3605,2359296,0
3300,blocks.0.mlp.fc.weight,-10,7224,2359296,0
3300,blocks.0.mlp.fc.weight,-9,14130,2359296,0
3300,blocks.0.mlp.fc.weight,-8,28223,2359296,0
3300,blocks.0.mlp.fc.weight,-7,56928,2359296,0
3300,blocks.0.mlp.fc.weight,-6,114070,2359296,0
3300,blocks.0.mlp.fc.weight,-5,224214,2359296,0
3300,blocks.0.mlp.fc.weight,-4,421504,2359296,0
3300,blocks.0.mlp.fc.weight,-3,682513,2359296,0
3300,blocks.0.mlp.fc.weight,-2,642145,2359296,0
3300,blocks.0.mlp.fc.weight,-1,155320,2359296,0
3300,blocks.0.mlp.fc.weight,0,5705,2359296,0
3300,blocks.0.mlp.fc.weight,1,244,2359296,0
3300,blocks.0.mlp.fc.weight,2,1,2359296,0
3300,blocks.0.mlp.fc.weight,3,0,2359296,0
3300,blocks.0.mlp.fc.weight,4,0,2359296,0
3300,blocks.0.mlp.fc.weight,5,0,2359296,0
3300,blocks.0.mlp.fc.weight,6,0,2359296,0
3300,blocks.0.mlp.fc.weight,7,0,2359296,0
3300,blocks.0.mlp.fc.weight,8,0,2359296,0
3300,blocks.0.mlp.fc.weight,9,0,2359296,0
3300,blocks.0.mlp.fc.weight,10,0,2359296,0
3300,blocks.0.mlp.fc.weight,11,0,2359296,0
3300,blocks.0.mlp.fc.weight,12,0,2359296,0
3300,blocks.0.mlp.fc.weight,13,0,2359296,0
3300,blocks.0.mlp.fc.weight,14,0,2359296,0
3300,blocks.0.mlp.fc.weight,15,0,2359296,0
3300,blocks.0.mlp.fc.weight,16,0,2359296,0
3300,blocks.0.mlp.fc.weight,17,0,2359296,0
3300,blocks.0.mlp.fc.weight,18,0,2359296,0
3300,blocks.0.mlp.fc.weight,19,0,2359296,0
3300,blocks.0.mlp.fc.weight,20,0,2359296,0
3300,blocks.0.mlp.fc.weight,21,0,2359296,0
3300,blocks.0.mlp.fc.weight,22,0,2359296,0
3300,blocks.0.mlp.fc.weight,23,0,2359296,0
3300,blocks.0.mlp.fc.weight,24,0,2359296,0
3300,blocks.0.mlp.fc.weight,25,0,2359296,0
3300,blocks.0.mlp.fc.weight,26,0,2359296,0
3300,blocks.0.mlp.fc.weight,27,0,2359296,0
3300,blocks.0.mlp.fc.weight,28,0,2359296,0
3300,blocks.0.mlp.fc.weight,29,0,2359296,0
3300,blocks.0.mlp.fc.weight,30,0,2359296,0
3300,blocks.0.mlp.fc.weight,31,0,2359296,0
3300,blocks.0.mlp.fc.weight,32,0,2359296,0
3300,blocks.0.mlp.fc.weight,33,0,2359296,0
3300,blocks.0.mlp.fc.weight,34,0,2359296,0
3300,blocks.0.mlp.fc.weight,35,0,2359296,0
3300,blocks.0.mlp.fc.weight,36,0,2359296,0
3300,blocks.0.mlp.fc.weight,37,0,2359296,0
3300,blocks.0.mlp.fc.weight,38,0,2359296,0
3300,blocks.0.mlp.fc.weight,39,0,2359296,0
3300,blocks.0.mlp.fc.weight,40,0,2359296,0
3300,blocks.0.mlp.fc.weight,41,0,2359296,0
3300,blocks.0.mlp.fc.weight,42,0,2359296,0
3300,blocks.0.mlp.fc.weight,43,0,2359296,0
3300,blocks.0.mlp.fc.weight,44,0,2359296,0
3300,blocks.0.mlp.fc.weight,45,0,2359296,0
3300,blocks.0.mlp.fc.weight,46,0,2359296,0
3300,blocks.0.mlp.fc.weight,47,0,2359296,0
3300,blocks.0.mlp.fc.weight,48,0,2359296,0
3300,blocks.0.mlp.fc.weight,49,0,2359296,0
3300,blocks.0.mlp.fc.weight,50,0,2359296,0
3300,blocks.0.mlp.fc.weight,51,0,2359296,0
3300,blocks.0.mlp.fc.weight,52,0,2359296,0
3300,blocks.0.mlp.fc.weight,53,0,2359296,0
3300,blocks.0.mlp.fc.weight,54,0,2359296,0
3300,blocks.0.mlp.fc.weight,55,0,2359296,0
3300,blocks.0.mlp.fc.weight,56,0,2359296,0
3300,blocks.0.mlp.fc.weight,57,0,2359296,0
3300,blocks.0.mlp.fc.weight,58,0,2359296,0
3300,blocks.0.mlp.fc.weight,59,0,2359296,0
3300,blocks.0.mlp.fc.weight,60,0,2359296,0
3300,blocks.0.mlp.fc.weight,61,0,2359296,0
3300,blocks.0.mlp.fc.weight,62,0,2359296,0
3300,blocks.0.mlp.fc.weight,63,0,2359296,0
3300,blocks.0.mlp.fc.weight,64,0,2359296,0
3300,blocks.0.mlp.fc.weight,65,0,2359296,0
3300,blocks.0.mlp.fc.weight,66,0,2359296,0
3300,blocks.0.mlp.fc.weight,67,0,2359296,0
3300,blocks.0.mlp.fc.weight,68,0,2359296,0
3300,blocks.0.mlp.fc.weight,69,0,2359296,0
3300,blocks.0.mlp.fc.weight,70,0,2359296,0
3300,blocks.0.mlp.fc.weight,71,0,2359296,0
3300,blocks.0.mlp.fc.weight,72,0,2359296,0
3300,blocks.0.mlp.fc.weight,73,0,2359296,0
3300,blocks.0.mlp.fc.weight,74,0,2359296,0
3300,blocks.0.mlp.fc.weight,75,0,2359296,0
3300,blocks.0.mlp.fc.weight,76,0,2359296,0
3300,blocks.0.mlp.fc.weight,77,0,2359296,0
3300,blocks.0.mlp.fc.weight,78,0,2359296,0
3300,blocks.0.mlp.fc.weight,79,0,2359296,0
3300,blocks.0.mlp.fc.weight,80,0,2359296,0
3300,blocks.0.mlp.fc.weight,81,0,2359296,0
3300,blocks.0.mlp.fc.weight,82,0,2359296,0
3300,blocks.0.mlp.fc.weight,83,0,2359296,0
3300,blocks.0.mlp.fc.weight,84,0,2359296,0
3300,blocks.0.mlp.fc.weight,85,0,2359296,0
3300,blocks.0.mlp.fc.weight,86,0,2359296,0
3300,blocks.0.mlp.fc.weight,87,0,2359296,0
3300,blocks.0.mlp.fc.weight,88,0,2359296,0
3300,blocks.0.mlp.fc.weight,89,0,2359296,0
3300,blocks.0.mlp.fc.weight,90,0,2359296,0
3300,blocks.0.mlp.fc.weight,91,0,2359296,0
3300,blocks.0.mlp.fc.weight,92,0,2359296,0
3300,blocks.0.mlp.fc.weight,93,0,2359296,0
3300,blocks.0.mlp.fc.weight,94,0,2359296,0
3300,blocks.0.mlp.fc.weight,95,0,2359296,0
3300,blocks.0.mlp.fc.weight,96,0,2359296,0
3300,blocks.0.mlp.fc.weight,97,0,2359296,0
3300,blocks.0.mlp.fc.weight,98,0,2359296,0
3300,blocks.0.mlp.fc.weight,99,0,2359296,0
3300,blocks.0.mlp.fc.weight,100,0,2359296,0
3300,blocks.0.mlp.fc.weight,101,0,2359296,0
3300,blocks.0.mlp.fc.weight,102,0,2359296,0
3300,blocks.0.mlp.fc.weight,103,0,2359296,0
3300,blocks.0.mlp.fc.weight,104,0,2359296,0
3300,blocks.0.mlp.fc.weight,105,0,2359296,0
3300,blocks.0.mlp.fc.weight,106,0,2359296,0
3300,blocks.0.mlp.fc.weight,107,0,2359296,0
3300,blocks.0.mlp.fc.weight,108,0,2359296,0
3300,blocks.0.mlp.fc.weight,109,0,2359296,0
3300,blocks.0.mlp.fc.weight,110,0,2359296,0
3300,blocks.0.mlp.fc.weight,111,0,2359296,0
3300,blocks.0.mlp.fc.weight,112,0,2359296,0
3300,blocks.0.mlp.fc.weight,113,0,2359296,0
3300,blocks.0.mlp.fc.weight,114,0,2359296,0
3300,blocks.0.mlp.fc.weight,115,0,2359296,0
3300,blocks.0.mlp.fc.weight,116,0,2359296,0
3300,blocks.0.mlp.fc.weight,117,0,2359296,0
3300,blocks.0.mlp.fc.weight,118,0,2359296,0
3300,blocks.0.mlp.fc.weight,119,0,2359296,0
3300,blocks.0.mlp.fc.weight,120,0,2359296,0
3300,blocks.0.mlp.fc.weight,121,0,2359296,0
3300,blocks.0.mlp.fc.weight,122,0,2359296,0
3300,blocks.0.mlp.fc.weight,123,0,2359296,0
3300,blocks.0.mlp.fc.weight,124,0,2359296,0
3300,blocks.0.mlp.fc.weight,125,0,2359296,0
3300,blocks.0.mlp.fc.weight,126,0,2359296,0
3300,blocks.0.mlp.fc.weight,127,0,2359296,0
3300,blocks.0.mlp.fc.weight,128,0,2359296,0
3300,blocks.0.mlp.proj.weight,-127,0,2359296,0
3300,blocks.0.mlp.proj.weight,-126,0,2359296,0
3300,blocks.0.mlp.proj.weight,-125,0,2359296,0
3300,blocks.0.mlp.proj.weight,-124,0,2359296,0
3300,blocks.0.mlp.proj.weight,-123,0,2359296,0
3300,blocks.0.mlp.proj.weight,-122,0,2359296,0
3300,blocks.0.mlp.proj.weight,-121,0,2359296,0
3300,blocks.0.mlp.proj.weight,-120,0,2359296,0
3300,blocks.0.mlp.proj.weight,-119,0,2359296,0
3300,blocks.0.mlp.proj.weight,-118,0,2359296,0
3300,blocks.0.mlp.proj.weight,-117,0,2359296,0
3300,blocks.0.mlp.proj.weight,-116,0,2359296,0
3300,blocks.0.mlp.proj.weight,-115,0,2359296,0
3300,blocks.0.mlp.proj.weight,-114,0,2359296,0
3300,blocks.0.mlp.proj.weight,-113,0,2359296,0
3300,blocks.0.mlp.proj.weight,-112,0,2359296,0
3300,blocks.0.mlp.proj.weight,-111,0,2359296,0
3300,blocks.0.mlp.proj.weight,-110,0,2359296,0
3300,blocks.0.mlp.proj.weight,-109,0,2359296,0
3300,blocks.0.mlp.proj.weight,-108,0,2359296,0
3300,blocks.0.mlp.proj.weight,-107,0,2359296,0
3300,blocks.0.mlp.proj.weight,-106,0,2359296,0
3300,blocks.0.mlp.proj.weight,-105,0,2359296,0
3300,blocks.0.mlp.proj.weight,-104,0,2359296,0
3300,blocks.0.mlp.proj.weight,-103,0,2359296,0
3300,blocks.0.mlp.proj.weight,-102,0,2359296,0
3300,blocks.0.mlp.proj.weight,-101,0,2359296,0
3300,blocks.0.mlp.proj.weight,-100,0,2359296,0
3300,blocks.0.mlp.proj.weight,-99,0,2359296,0
3300,blocks.0.mlp.proj.weight,-98,0,2359296,0
3300,blocks.0.mlp.proj.weight,-97,0,2359296,0
3300,blocks.0.mlp.proj.weight,-96,0,2359296,0
3300,blocks.0.mlp.proj.weight,-95,0,2359296,0
3300,blocks.0.mlp.proj.weight,-94,0,2359296,0
3300,blocks.0.mlp.proj.weight,-93,0,2359296,0
3300,blocks.0.mlp.proj.weight,-92,0,2359296,0
3300,blocks.0.mlp.proj.weight,-91,0,2359296,0
3300,blocks.0.mlp.proj.weight,-90,0,2359296,0
3300,blocks.0.mlp.proj.weight,-89,0,2359296,0
3300,blocks.0.mlp.proj.weight,-88,0,2359296,0
3300,blocks.0.mlp.proj.weight,-87,0,2359296,0
3300,blocks.0.mlp.proj.weight,-86,0,2359296,0
3300,blocks.0.mlp.proj.weight,-85,0,2359296,0
3300,blocks.0.mlp.proj.weight,-84,0,2359296,0
3300,blocks.0.mlp.proj.weight,-83,0,2359296,0
3300,blocks.0.mlp.proj.weight,-82,0,2359296,0
3300,blocks.0.mlp.proj.weight,-81,0,2359296,0
3300,blocks.0.mlp.proj.weight,-80,0,2359296,0
3300,blocks.0.mlp.proj.weight,-79,0,2359296,0
3300,blocks.0.mlp.proj.weight,-78,0,2359296,0
3300,blocks.0.mlp.proj.weight,-77,0,2359296,0
3300,blocks.0.mlp.proj.weight,-76,0,2359296,0
3300,blocks.0.mlp.proj.weight,-75,0,2359296,0
3300,blocks.0.mlp.proj.weight,-74,0,2359296,0
3300,blocks.0.mlp.proj.weight,-73,0,2359296,0
3300,blocks.0.mlp.proj.weight,-72,0,2359296,0
3300,blocks.0.mlp.proj.weight,-71,0,2359296,0
3300,blocks.0.mlp.proj.weight,-70,0,2359296,0
3300,blocks.0.mlp.proj.weight,-69,0,2359296,0
3300,blocks.0.mlp.proj.weight,-68,0,2359296,0
3300,blocks.0.mlp.proj.weight,-67,0,2359296,0
3300,blocks.0.mlp.proj.weight,-66,0,2359296,0
3300,blocks.0.mlp.proj.weight,-65,0,2359296,0
3300,blocks.0.mlp.proj.weight,-64,0,2359296,0
3300,blocks.0.mlp.proj.weight,-63,0,2359296,0
3300,blocks.0.mlp.proj.weight,-62,0,2359296,0
3300,blocks.0.mlp.proj.weight,-61,0,2359296,0
3300,blocks.0.mlp.proj.weight,-60,0,2359296,0
3300,blocks.0.mlp.proj.weight,-59,0,2359296,0
3300,blocks.0.mlp.proj.weight,-58,0,2359296,0
3300,blocks.0.mlp.proj.weight,-57,0,2359296,0
3300,blocks.0.mlp.proj.weight,-56,0,2359296,0
3300,blocks.0.mlp.proj.weight,-55,0,2359296,0
3300,blocks.0.mlp.proj.weight,-54,0,2359296,0
3300,blocks.0.mlp.proj.weight,-53,0,2359296,0
3300,blocks.0.mlp.proj.weight,-52,0,2359296,0
3300,blocks.0.mlp.proj.weight,-51,0,2359296,0
3300,blocks.0.mlp.proj.weight,-50,0,2359296,0
3300,blocks.0.mlp.proj.weight,-49,0,2359296,0
3300,blocks.0.mlp.proj.weight,-48,0,2359296,0
3300,blocks.0.mlp.proj.weight,-47,0,2359296,0
3300,blocks.0.mlp.proj.weight,-46,0,2359296,0
3300,blocks.0.mlp.proj.weight,-45,0,2359296,0
3300,blocks.0.mlp.proj.weight,-44,0,2359296,0
3300,blocks.0.mlp.proj.weight,-43,0,2359296,0
3300,blocks.0.mlp.proj.weight,-42,0,2359296,0
3300,blocks.0.mlp.proj.weight,-41,0,2359296,0
3300,blocks.0.mlp.proj.weight,-40,0,2359296,0
3300,blocks.0.mlp.proj.weight,-39,0,2359296,0
3300,blocks.0.mlp.proj.weight,-38,0,2359296,0
3300,blocks.0.mlp.proj.weight,-37,0,2359296,0
3300,blocks.0.mlp.proj.weight,-36,0,2359296,0
3300,blocks.0.mlp.proj.weight,-35,0,2359296,0
3300,blocks.0.mlp.proj.weight,-34,0,2359296,0
3300,blocks.0.mlp.proj.weight,-33,0,2359296,0
3300,blocks.0.mlp.proj.weight,-32,0,2359296,0
3300,blocks.0.mlp.proj.weight,-31,2,2359296,0
3300,blocks.0.mlp.proj.weight,-30,7,2359296,0
3300,blocks.0.mlp.proj.weight,-29,28,2359296,0
3300,blocks.0.mlp.proj.weight,-28,39,2359296,0
3300,blocks.0.mlp.proj.weight,-27,13,2359296,0
3300,blocks.0.mlp.proj.weight,-26,1,2359296,0
3300,blocks.0.mlp.proj.weight,-25,0,2359296,0
3300,blocks.0.mlp.proj.weight,-24,0,2359296,0
3300,blocks.0.mlp.proj.weight,-23,0,2359296,0
3300,blocks.0.mlp.proj.weight,-22,0,2359296,0
3300,blocks.0.mlp.proj.weight,-21,0,2359296,0
3300,blocks.0.mlp.proj.weight,-20,0,2359296,0
3300,blocks.0.mlp.proj.weight,-19,0,2359296,0
3300,blocks.0.mlp.proj.weight,-18,1,2359296,0
3300,blocks.0.mlp.proj.weight,-17,2,2359296,0
3300,blocks.0.mlp.proj.weight,-16,21,2359296,0
3300,blocks.0.mlp.proj.weight,-15,99,2359296,0
3300,blocks.0.mlp.proj.weight,-14,196,2359296,0
3300,blocks.0.mlp.proj.weight,-13,367,2359296,0
3300,blocks.0.mlp.proj.weight,-12,769,2359296,0
3300,blocks.0.mlp.proj.weight,-11,1623,2359296,0
3300,blocks.0.mlp.proj.weight,-10,3119,2359296,0
3300,blocks.0.mlp.proj.weight,-9,6464,2359296,0
3300,blocks.0.mlp.proj.weight,-8,12651,2359296,0
3300,blocks.0.mlp.proj.weight,-7,25233,2359296,0
3300,blocks.0.mlp.proj.weight,-6,50873,2359296,0
3300,blocks.0.mlp.proj.weight,-5,101210,2359296,0
3300,blocks.0.mlp.proj.weight,-4,200327,2359296,0
3300,blocks.0.mlp.proj.weight,-3,383705,2359296,0
3300,blocks.0.mlp.proj.weight,-2,644006,2359296,0
3300,blocks.0.mlp.proj.weight,-1,692915,2359296,0
3300,blocks.0.mlp.proj.weight,0,224722,2359296,0
3300,blocks.0.mlp.proj.weight,1,10377,2359296,0
3300,blocks.0.mlp.proj.weight,2,519,2359296,0
3300,blocks.0.mlp.proj.weight,3,7,2359296,0
3300,blocks.0.mlp.proj.weight,4,0,2359296,0
3300,blocks.0.mlp.proj.weight,5,0,2359296,0
3300,blocks.0.mlp.proj.weight,6,0,2359296,0
3300,blocks.0.mlp.proj.weight,7,0,2359296,0
3300,blocks.0.mlp.proj.weight,8,0,2359296,0
3300,blocks.0.mlp.proj.weight,9,0,2359296,0
3300,blocks.0.mlp.proj.weight,10,0,2359296,0
3300,blocks.0.mlp.proj.weight,11,0,2359296,0
3300,blocks.0.mlp.proj.weight,12,0,2359296,0
3300,blocks.0.mlp.proj.weight,13,0,2359296,0
3300,blocks.0.mlp.proj.weight,14,0,2359296,0
3300,blocks.0.mlp.proj.weight,15,0,2359296,0
3300,blocks.0.mlp.proj.weight,16,0,2359296,0
3300,blocks.0.mlp.proj.weight,17,0,2359296,0
3300,blocks.0.mlp.proj.weight,18,0,2359296,0
3300,blocks.0.mlp.proj.weight,19,0,2359296,0
3300,blocks.0.mlp.proj.weight,20,0,2359296,0
3300,blocks.0.mlp.proj.weight,21,0,2359296,0
3300,blocks.0.mlp.proj.weight,22,0,2359296,0
3300,blocks.0.mlp.proj.weight,23,0,2359296,0
3300,blocks.0.mlp.proj.weight,24,0,2359296,0
3300,blocks.0.mlp.proj.weight,25,0,2359296,0
3300,blocks.0.mlp.proj.weight,26,0,2359296,0
3300,blocks.0.mlp.proj.weight,27,0,2359296,0
3300,blocks.0.mlp.proj.weight,28,0,2359296,0
3300,blocks.0.mlp.proj.weight,29,0,2359296,0
3300,blocks.0.mlp.proj.weight,30,0,2359296,0
3300,blocks.0.mlp.proj.weight,31,0,2359296,0
3300,blocks.0.mlp.proj.weight,32,0,2359296,0
3300,blocks.0.mlp.proj.weight,33,0,2359296,0
3300,blocks.0.mlp.proj.weight,34,0,2359296,0
3300,blocks.0.mlp.proj.weight,35,0,2359296,0
3300,blocks.0.mlp.proj.weight,36,0,2359296,0
3300,blocks.0.mlp.proj.weight,37,0,2359296,0
3300,blocks.0.mlp.proj.weight,38,0,2359296,0
3300,blocks.0.mlp.proj.weight,39,0,2359296,0
3300,blocks.0.mlp.proj.weight,40,0,2359296,0
3300,blocks.0.mlp.proj.weight,41,0,2359296,0
3300,blocks.0.mlp.proj.weight,42,0,2359296,0
3300,blocks.0.mlp.proj.weight,43,0,2359296,0
3300,blocks.0.mlp.proj.weight,44,0,2359296,0
3300,blocks.0.mlp.proj.weight,45,0,2359296,0
3300,blocks.0.mlp.proj.weight,46,0,2359296,0
3300,blocks.0.mlp.proj.weight,47,0,2359296,0
3300,blocks.0.mlp.proj.weight,48,0,2359296,0
3300,blocks.0.mlp.proj.weight,49,0,2359296,0
3300,blocks.0.mlp.proj.weight,50,0,2359296,0
3300,blocks.0.mlp.proj.weight,51,0,2359296,0
3300,blocks.0.mlp.proj.weight,52,0,2359296,0
3300,blocks.0.mlp.proj.weight,53,0,2359296,0
3300,blocks.0.mlp.proj.weight,54,0,2359296,0
3300,blocks.0.mlp.proj.weight,55,0,2359296,0
3300,blocks.0.mlp.proj.weight,56,0,2359296,0
3300,blocks.0.mlp.proj.weight,57,0,2359296,0
3300,blocks.0.mlp.proj.weight,58,0,2359296,0
3300,blocks.0.mlp.proj.weight,59,0,2359296,0
3300,blocks.0.mlp.proj.weight,60,0,2359296,0
3300,blocks.0.mlp.proj.weight,61,0,2359296,0
3300,blocks.0.mlp.proj.weight,62,0,2359296,0
3300,blocks.0.mlp.proj.weight,63,0,2359296,0
3300,blocks.0.mlp.proj.weight,64,0,2359296,0
3300,blocks.0.mlp.proj.weight,65,0,2359296,0
3300,blocks.0.mlp.proj.weight,66,0,2359296,0
3300,blocks.0.mlp.proj.weight,67,0,2359296,0
3300,blocks.0.mlp.proj.weight,68,0,2359296,0
3300,blocks.0.mlp.proj.weight,69,0,2359296,0
3300,blocks.0.mlp.proj.weight,70,0,2359296,0
3300,blocks.0.mlp.proj.weight,71,0,2359296,0
3300,blocks.0.mlp.proj.weight,72,0,2359296,0
3300,blocks.0.mlp.proj.weight,73,0,2359296,0
3300,blocks.0.mlp.proj.weight,74,0,2359296,0
3300,blocks.0.mlp.proj.weight,75,0,2359296,0
3300,blocks.0.mlp.proj.weight,76,0,2359296,0
3300,blocks.0.mlp.proj.weight,77,0,2359296,0
3300,blocks.0.mlp.proj.weight,78,0,2359296,0
3300,blocks.0.mlp.proj.weight,79,0,2359296,0
3300,blocks.0.mlp.proj.weight,80,0,2359296,0
3300,blocks.0.mlp.proj.weight,81,0,2359296,0
3300,blocks.0.mlp.proj.weight,82,0,2359296,0
3300,blocks.0.mlp.proj.weight,83,0,2359296,0
3300,blocks.0.mlp.proj.weight,84,0,2359296,0
3300,blocks.0.mlp.proj.weight,85,0,2359296,0
3300,blocks.0.mlp.proj.weight,86,0,2359296,0
3300,blocks.0.mlp.proj.weight,87,0,2359296,0
3300,blocks.0.mlp.proj.weight,88,0,2359296,0
3300,blocks.0.mlp.proj.weight,89,0,2359296,0
3300,blocks.0.mlp.proj.weight,90,0,2359296,0
3300,blocks.0.mlp.proj.weight,91,0,2359296,0
3300,blocks.0.mlp.proj.weight,92,0,2359296,0
3300,blocks.0.mlp.proj.weight,93,0,2359296,0
3300,blocks.0.mlp.proj.weight,94,0,2359296,0
3300,blocks.0.mlp.proj.weight,95,0,2359296,0
3300,blocks.0.mlp.proj.weight,96,0,2359296,0
3300,blocks.0.mlp.proj.weight,97,0,2359296,0
3300,blocks.0.mlp.proj.weight,98,0,2359296,0
3300,blocks.0.mlp.proj.weight,99,0,2359296,0
3300,blocks.0.mlp.proj.weight,100,0,2359296,0
3300,blocks.0.mlp.proj.weight,101,0,2359296,0
3300,blocks.0.mlp.proj.weight,102,0,2359296,0
3300,blocks.0.mlp.proj.weight,103,0,2359296,0
3300,blocks.0.mlp.proj.weight,104,0,2359296,0
3300,blocks.0.mlp.proj.weight,105,0,2359296,0
3300,blocks.0.mlp.proj.weight,106,0,2359296,0
3300,blocks.0.mlp.proj.weight,107,0,2359296,0
3300,blocks.0.mlp.proj.weight,108,0,2359296,0
3300,blocks.0.mlp.proj.weight,109,0,2359296,0
3300,blocks.0.mlp.proj.weight,110,0,2359296,0
3300,blocks.0.mlp.proj.weight,111,0,2359296,0
3300,blocks.0.mlp.proj.weight,112,0,2359296,0
3300,blocks.0.mlp.proj.weight,113,0,2359296,0
3300,blocks.0.mlp.proj.weight,114,0,2359296,0
3300,blocks.0.mlp.proj.weight,115,0,2359296,0
3300,blocks.0.mlp.proj.weight,116,0,2359296,0
3300,blocks.0.mlp.proj.weight,117,0,2359296,0
3300,blocks.0.mlp.proj.weight,118,0,2359296,0
3300,blocks.0.mlp.proj.weight,119,0,2359296,0
3300,blocks.0.mlp.proj.weight,120,0,2359296,0
3300,blocks.0.mlp.proj.weight,121,0,2359296,0
3300,blocks.0.mlp.proj.weight,122,0,2359296,0
3300,blocks.0.mlp.proj.weight,123,0,2359296,0
3300,blocks.0.mlp.proj.weight,124,0,2359296,0
3300,blocks.0.mlp.proj.weight,125,0,2359296,0
3300,blocks.0.mlp.proj.weight,126,0,2359296,0
3300,blocks.0.mlp.proj.weight,127,0,2359296,0
3300,blocks.0.mlp.proj.weight,128,0,2359296,0
3300,blocks.1.mlp.fc.weight,-127,0,2359296,0
3300,blocks.1.mlp.fc.weight,-126,0,2359296,0
3300,blocks.1.mlp.fc.weight,-125,0,2359296,0
3300,blocks.1.mlp.fc.weight,-124,0,2359296,0
3300,blocks.1.mlp.fc.weight,-123,0,2359296,0
3300,blocks.1.mlp.fc.weight,-122,0,2359296,0
3300,blocks.1.mlp.fc.weight,-121,0,2359296,0
3300,blocks.1.mlp.fc.weight,-120,0,2359296,0
3300,blocks.1.mlp.fc.weight,-119,0,2359296,0
3300,blocks.1.mlp.fc.weight,-118,0,2359296,0
3300,blocks.1.mlp.fc.weight,-117,0,2359296,0
3300,blocks.1.mlp.fc.weight,-116,0,2359296,0
3300,blocks.1.mlp.fc.weight,-115,0,2359296,0
3300,blocks.1.mlp.fc.weight,-114,0,2359296,0
3300,blocks.1.mlp.fc.weight,-113,0,2359296,0
3300,blocks.1.mlp.fc.weight,-112,0,2359296,0
3300,blocks.1.mlp.fc.weight,-111,0,2359296,0
3300,blocks.1.mlp.fc.weight,-110,0,2359296,0
3300,blocks.1.mlp.fc.weight,-109,0,2359296,0
3300,blocks.1.mlp.fc.weight,-108,0,2359296,0
3300,blocks.1.mlp.fc.weight,-107,0,2359296,0
3300,blocks.1.mlp.fc.weight,-106,0,2359296,0
3300,blocks.1.mlp.fc.weight,-105,0,2359296,0
3300,blocks.1.mlp.fc.weight,-104,0,2359296,0
3300,blocks.1.mlp.fc.weight,-103,0,2359296,0
3300,blocks.1.mlp.fc.weight,-102,0,2359296,0
3300,blocks.1.mlp.fc.weight,-101,0,2359296,0
3300,blocks.1.mlp.fc.weight,-100,0,2359296,0
3300,blocks.1.mlp.fc.weight,-99,0,2359296,0
3300,blocks.1.mlp.fc.weight,-98,0,2359296,0
3300,blocks.1.mlp.fc.weight,-97,0,2359296,0
3300,blocks.1.mlp.fc.weight,-96,0,2359296,0
3300,blocks.1.mlp.fc.weight,-95,0,2359296,0
3300,blocks.1.mlp.fc.weight,-94,0,2359296,0
3300,blocks.1.mlp.fc.weight,-93,0,2359296,0
3300,blocks.1.mlp.fc.weight,-92,0,2359296,0
3300,blocks.1.mlp.fc.weight,-91,0,2359296,0
3300,blocks.1.mlp.fc.weight,-90,0,2359296,0
3300,blocks.1.mlp.fc.weight,-89,0,2359296,0
3300,blocks.1.mlp.fc.weight,-88,0,2359296,0
3300,blocks.1.mlp.fc.weight,-87,0,2359296,0
3300,blocks.1.mlp.fc.weight,-86,0,2359296,0
3300,blocks.1.mlp.fc.weight,-85,0,2359296,0
3300,blocks.1.mlp.fc.weight,-84,0,2359296,0
3300,blocks.1.mlp.fc.weight,-83,0,2359296,0
3300,blocks.1.mlp.fc.weight,-82,0,2359296,0
3300,blocks.1.mlp.fc.weight,-81,0,2359296,0
3300,blocks.1.mlp.fc.weight,-80,0,2359296,0
3300,blocks.1.mlp.fc.weight,-79,0,2359296,0
3300,blocks.1.mlp.fc.weight,-78,0,2359296,0
3300,blocks.1.mlp.fc.weight,-77,0,2359296,0
3300,blocks.1.mlp.fc.weight,-76,0,2359296,0
3300,blocks.1.mlp.fc.weight,-75,0,2359296,0
3300,blocks.1.mlp.fc.weight,-74,0,2359296,0
3300,blocks.1.mlp.fc.weight,-73,0,2359296,0
3300,blocks.1.mlp.fc.weight,-72,0,2359296,0
3300,blocks.1.mlp.fc.weight,-71,0,2359296,0
3300,blocks.1.mlp.fc.weight,-70,0,2359296,0
3300,blocks.1.mlp.fc.weight,-69,0,2359296,0
3300,blocks.1.mlp.fc.weight,-68,0,2359296,0
3300,blocks.1.mlp.fc.weight,-67,0,2359296,0
3300,blocks.1.mlp.fc.weight,-66,0,2359296,0
3300,blocks.1.mlp.fc.weight,-65,0,2359296,0
3300,blocks.1.mlp.fc.weight,-64,0,2359296,0
3300,blocks.1.mlp.fc.weight,-63,0,2359296,0
3300,blocks.1.mlp.fc.weight,-62,0,2359296,0
3300,blocks.1.mlp.fc.weight,-61,0,2359296,0
3300,blocks.1.mlp.fc.weight,-60,0,2359296,0
3300,blocks.1.mlp.fc.weight,-59,0,2359296,0
3300,blocks.1.mlp.fc.weight,-58,0,2359296,0
3300,blocks.1.mlp.fc.weight,-57,0,2359296,0
3300,blocks.1.mlp.fc.weight,-56,0,2359296,0
3300,blocks.1.mlp.fc.weight,-55,0,2359296,0
3300,blocks.1.mlp.fc.weight,-54,0,2359296,0
3300,blocks.1.mlp.fc.weight,-53,0,2359296,0
3300,blocks.1.mlp.fc.weight,-52,0,2359296,0
3300,blocks.1.mlp.fc.weight,-51,0,2359296,0
3300,blocks.1.mlp.fc.weight,-50,0,2359296,0
3300,blocks.1.mlp.fc.weight,-49,0,2359296,0
3300,blocks.1.mlp.fc.weight,-48,0,2359296,0
3300,blocks.1.mlp.fc.weight,-47,0,2359296,0
3300,blocks.1.mlp.fc.weight,-46,0,2359296,0
3300,blocks.1.mlp.fc.weight,-45,0,2359296,0
3300,blocks.1.mlp.fc.weight,-44,0,2359296,0
3300,blocks.1.mlp.fc.weight,-43,0,2359296,0
3300,blocks.1.mlp.fc.weight,-42,0,2359296,0
3300,blocks.1.mlp.fc.weight,-41,0,2359296,0
3300,blocks.1.mlp.fc.weight,-40,0,2359296,0
3300,blocks.1.mlp.fc.weight,-39,0,2359296,0
3300,blocks.1.mlp.fc.weight,-38,0,2359296,0
3300,blocks.1.mlp.fc.weight,-37,0,2359296,0
3300,blocks.1.mlp.fc.weight,-36,0,2359296,0
3300,blocks.1.mlp.fc.weight,-35,0,2359296,0
3300,blocks.1.mlp.fc.weight,-34,1,2359296,0
3300,blocks.1.mlp.fc.weight,-33,2,2359296,0
3300,blocks.1.mlp.fc.weight,-32,4,2359296,0
3300,blocks.1.mlp.fc.weight,-31,16,2359296,0
3300,blocks.1.mlp.fc.weight,-30,37,2359296,0
3300,blocks.1.mlp.fc.weight,-29,18,2359296,0
3300,blocks.1.mlp.fc.weight,-28,3,2359296,0
3300,blocks.1.mlp.fc.weight,-27,1,2359296,0
3300,blocks.1.mlp.fc.weight,-26,0,2359296,0
3300,blocks.1.mlp.fc.weight,-25,0,2359296,0
3300,blocks.1.mlp.fc.weight,-24,0,2359296,0
3300,blocks.1.mlp.fc.weight,-23,0,2359296,0
3300,blocks.1.mlp.fc.weight,-22,0,2359296,0
3300,blocks.1.mlp.fc.weight,-21,0,2359296,0
3300,blocks.1.mlp.fc.weight,-20,3,2359296,0
3300,blocks.1.mlp.fc.weight,-19,6,2359296,0
3300,blocks.1.mlp.fc.weight,-18,19,2359296,0
3300,blocks.1.mlp.fc.weight,-17,59,2359296,0
3300,blocks.1.mlp.fc.weight,-16,137,2359296,0
3300,blocks.1.mlp.fc.weight,-15,275,2359296,0
3300,blocks.1.mlp.fc.weight,-14,595,2359296,0
3300,blocks.1.mlp.fc.weight,-13,1181,2359296,0
3300,blocks.1.mlp.fc.weight,-12,2551,2359296,0
3300,blocks.1.mlp.fc.weight,-11,5024,2359296,0
3300,blocks.1.mlp.fc.weight,-10,9883,2359296,0
3300,blocks.1.mlp.fc.weight,-9,19371,2359296,0
3300,blocks.1.mlp.fc.weight,-8,39143,2359296,0
3300,blocks.1.mlp.fc.weight,-7,77530,2359296,0
3300,blocks.1.mlp.fc.weight,-6,153326,2359296,0
3300,blocks.1.mlp.fc.weight,-5,295979,2359296,0
3300,blocks.1.mlp.fc.weight,-4,523082,2359296,0
3300,blocks.1.mlp.fc.weight,-3,694406,2359296,0
3300,blocks.1.mlp.fc.weight,-2,432194,2359296,0
3300,blocks.1.mlp.fc.weight,-1,94020,2359296,0
3300,blocks.1.mlp.fc.weight,0,9843,2359296,0
3300,blocks.1.mlp.fc.weight,1,570,2359296,0
3300,blocks.1.mlp.fc.weight,2,17,2359296,0
3300,blocks.1.mlp.fc.weight,3,0,2359296,0
3300,blocks.1.mlp.fc.weight,4,0,2359296,0
3300,blocks.1.mlp.fc.weight,5,0,2359296,0
3300,blocks.1.mlp.fc.weight,6,0,2359296,0
3300,blocks.1.mlp.fc.weight,7,0,2359296,0
3300,blocks.1.mlp.fc.weight,8,0,2359296,0
3300,blocks.1.mlp.fc.weight,9,0,2359296,0
3300,blocks.1.mlp.fc.weight,10,0,2359296,0
3300,blocks.1.mlp.fc.weight,11,0,2359296,0
3300,blocks.1.mlp.fc.weight,12,0,2359296,0
3300,blocks.1.mlp.fc.weight,13,0,2359296,0
3300,blocks.1.mlp.fc.weight,14,0,2359296,0
3300,blocks.1.mlp.fc.weight,15,0,2359296,0
3300,blocks.1.mlp.fc.weight,16,0,2359296,0
3300,blocks.1.mlp.fc.weight,17,0,2359296,0
3300,blocks.1.mlp.fc.weight,18,0,2359296,0
3300,blocks.1.mlp.fc.weight,19,0,2359296,0
3300,blocks.1.mlp.fc.weight,20,0,2359296,0
3300,blocks.1.mlp.fc.weight,21,0,2359296,0
3300,blocks.1.mlp.fc.weight,22,0,2359296,0
3300,blocks.1.mlp.fc.weight,23,0,2359296,0
3300,blocks.1.mlp.fc.weight,24,0,2359296,0
3300,blocks.1.mlp.fc.weight,25,0,2359296,0
3300,blocks.1.mlp.fc.weight,26,0,2359296,0
3300,blocks.1.mlp.fc.weight,27,0,2359296,0
3300,blocks.1.mlp.fc.weight,28,0,2359296,0
3300,blocks.1.mlp.fc.weight,29,0,2359296,0
3300,blocks.1.mlp.fc.weight,30,0,2359296,0
3300,blocks.1.mlp.fc.weight,31,0,2359296,0
3300,blocks.1.mlp.fc.weight,32,0,2359296,0
3300,blocks.1.mlp.fc.weight,33,0,2359296,0
3300,blocks.1.mlp.fc.weight,34,0,2359296,0
3300,blocks.1.mlp.fc.weight,35,0,2359296,0
3300,blocks.1.mlp.fc.weight,36,0,2359296,0
3300,blocks.1.mlp.fc.weight,37,0,2359296,0
3300,blocks.1.mlp.fc.weight,38,0,2359296,0
3300,blocks.1.mlp.fc.weight,39,0,2359296,0
3300,blocks.1.mlp.fc.weight,40,0,2359296,0
3300,blocks.1.mlp.fc.weight,41,0,2359296,0
3300,blocks.1.mlp.fc.weight,42,0,2359296,0
3300,blocks.1.mlp.fc.weight,43,0,2359296,0
3300,blocks.1.mlp.fc.weight,44,0,2359296,0
3300,blocks.1.mlp.fc.weight,45,0,2359296,0
3300,blocks.1.mlp.fc.weight,46,0,2359296,0
3300,blocks.1.mlp.fc.weight,47,0,2359296,0
3300,blocks.1.mlp.fc.weight,48,0,2359296,0
3300,blocks.1.mlp.fc.weight,49,0,2359296,0
3300,blocks.1.mlp.fc.weight,50,0,2359296,0
3300,blocks.1.mlp.fc.weight,51,0,2359296,0
3300,blocks.1.mlp.fc.weight,52,0,2359296,0
3300,blocks.1.mlp.fc.weight,53,0,2359296,0
3300,blocks.1.mlp.fc.weight,54,0,2359296,0
3300,blocks.1.mlp.fc.weight,55,0,2359296,0
3300,blocks.1.mlp.fc.weight,56,0,2359296,0
3300,blocks.1.mlp.fc.weight,57,0,2359296,0
3300,blocks.1.mlp.fc.weight,58,0,2359296,0
3300,blocks.1.mlp.fc.weight,59,0,2359296,0
3300,blocks.1.mlp.fc.weight,60,0,2359296,0
3300,blocks.1.mlp.fc.weight,61,0,2359296,0
3300,blocks.1.mlp.fc.weight,62,0,2359296,0
3300,blocks.1.mlp.fc.weight,63,0,2359296,0
3300,blocks.1.mlp.fc.weight,64,0,2359296,0
3300,blocks.1.mlp.fc.weight,65,0,2359296,0
3300,blocks.1.mlp.fc.weight,66,0,2359296,0
3300,blocks.1.mlp.fc.weight,67,0,2359296,0
3300,blocks.1.mlp.fc.weight,68,0,2359296,0
3300,blocks.1.mlp.fc.weight,69,0,2359296,0
3300,blocks.1.mlp.fc.weight,70,0,2359296,0
3300,blocks.1.mlp.fc.weight,71,0,2359296,0
3300,blocks.1.mlp.fc.weight,72,0,2359296,0
3300,blocks.1.mlp.fc.weight,73,0,2359296,0
3300,blocks.1.mlp.fc.weight,74,0,2359296,0
3300,blocks.1.mlp.fc.weight,75,0,2359296,0
3300,blocks.1.mlp.fc.weight,76,0,2359296,0
3300,blocks.1.mlp.fc.weight,77,0,2359296,0
3300,blocks.1.mlp.fc.weight,78,0,2359296,0
3300,blocks.1.mlp.fc.weight,79,0,2359296,0
3300,blocks.1.mlp.fc.weight,80,0,2359296,0
3300,blocks.1.mlp.fc.weight,81,0,2359296,0
3300,blocks.1.mlp.fc.weight,82,0,2359296,0
3300,blocks.1.mlp.fc.weight,83,0,2359296,0
3300,blocks.1.mlp.fc.weight,84,0,2359296,0
3300,blocks.1.mlp.fc.weight,85,0,2359296,0
3300,blocks.1.mlp.fc.weight,86,0,2359296,0
3300,blocks.1.mlp.fc.weight,87,0,2359296,0
3300,blocks.1.mlp.fc.weight,88,0,2359296,0
3300,blocks.1.mlp.fc.weight,89,0,2359296,0
3300,blocks.1.mlp.fc.weight,90,0,2359296,0
3300,blocks.1.mlp.fc.weight,91,0,2359296,0
3300,blocks.1.mlp.fc.weight,92,0,2359296,0
3300,blocks.1.mlp.fc.weight,93,0,2359296,0
3300,blocks.1.mlp.fc.weight,94,0,2359296,0
3300,blocks.1.mlp.fc.weight,95,0,2359296,0
3300,blocks.1.mlp.fc.weight,96,0,2359296,0
3300,blocks.1.mlp.fc.weight,97,0,2359296,0
3300,blocks.1.mlp.fc.weight,98,0,2359296,0
3300,blocks.1.mlp.fc.weight,99,0,2359296,0
3300,blocks.1.mlp.fc.weight,100,0,2359296,0
3300,blocks.1.mlp.fc.weight,101,0,2359296,0
3300,blocks.1.mlp.fc.weight,102,0,2359296,0
3300,blocks.1.mlp.fc.weight,103,0,2359296,0
3300,blocks.1.mlp.fc.weight,104,0,2359296,0
3300,blocks.1.mlp.fc.weight,105,0,2359296,0
3300,blocks.1.mlp.fc.weight,106,0,2359296,0
3300,blocks.1.mlp.fc.weight,107,0,2359296,0
3300,blocks.1.mlp.fc.weight,108,0,2359296,0
3300,blocks.1.mlp.fc.weight,109,0,2359296,0
3300,blocks.1.mlp.fc.weight,110,0,2359296,0
3300,blocks.1.mlp.fc.weight,111,0,2359296,0
3300,blocks.1.mlp.fc.weight,112,0,2359296,0
3300,blocks.1.mlp.fc.weight,113,0,2359296,0
3300,blocks.1.mlp.fc.weight,114,0,2359296,0
3300,blocks.1.mlp.fc.weight,115,0,2359296,0
3300,blocks.1.mlp.fc.weight,116,0,2359296,0
3300,blocks.1.mlp.fc.weight,117,0,2359296,0
3300,blocks.1.mlp.fc.weight,118,0,2359296,0
3300,blocks.1.mlp.fc.weight,119,0,2359296,0
3300,blocks.1.mlp.fc.weight,120,0,2359296,0
3300,blocks.1.mlp.fc.weight,121,0,2359296,0
3300,blocks.1.mlp.fc.weight,122,0,2359296,0
3300,blocks.1.mlp.fc.weight,123,0,2359296,0
3300,blocks.1.mlp.fc.weight,124,0,2359296,0
3300,blocks.1.mlp.fc.weight,125,0,2359296,0
3300,blocks.1.mlp.fc.weight,126,0,2359296,0
3300,blocks.1.mlp.fc.weight,127,0,2359296,0
3300,blocks.1.mlp.fc.weight,128,0,2359296,0
3300,blocks.1.mlp.proj.weight,-127,0,2359296,0
3300,blocks.1.mlp.proj.weight,-126,0,2359296,0
3300,blocks.1.mlp.proj.weight,-125,0,2359296,0
3300,blocks.1.mlp.proj.weight,-124,0,2359296,0
3300,blocks.1.mlp.proj.weight,-123,0,2359296,0
3300,blocks.1.mlp.proj.weight,-122,0,2359296,0
3300,blocks.1.mlp.proj.weight,-121,0,2359296,0
3300,blocks.1.mlp.proj.weight,-120,0,2359296,0
3300,blocks.1.mlp.proj.weight,-119,0,2359296,0
3300,blocks.1.mlp.proj.weight,-118,0,2359296,0
3300,blocks.1.mlp.proj.weight,-117,0,2359296,0
3300,blocks.1.mlp.proj.weight,-116,0,2359296,0
3300,blocks.1.mlp.proj.weight,-115,0,2359296,0
3300,blocks.1.mlp.proj.weight,-114,0,2359296,0
3300,blocks.1.mlp.proj.weight,-113,0,2359296,0
3300,blocks.1.mlp.proj.weight,-112,0,2359296,0
3300,blocks.1.mlp.proj.weight,-111,0,2359296,0
3300,blocks.1.mlp.proj.weight,-110,0,2359296,0
3300,blocks.1.mlp.proj.weight,-109,0,2359296,0
3300,blocks.1.mlp.proj.weight,-108,0,2359296,0
3300,blocks.1.mlp.proj.weight,-107,0,2359296,0
3300,blocks.1.mlp.proj.weight,-106,0,2359296,0
3300,blocks.1.mlp.proj.weight,-105,0,2359296,0
3300,blocks.1.mlp.proj.weight,-104,0,2359296,0
3300,blocks.1.mlp.proj.weight,-103,0,2359296,0
3300,blocks.1.mlp.proj.weight,-102,0,2359296,0
3300,blocks.1.mlp.proj.weight,-101,0,2359296,0
3300,blocks.1.mlp.proj.weight,-100,0,2359296,0
3300,blocks.1.mlp.proj.weight,-99,0,2359296,0
3300,blocks.1.mlp.proj.weight,-98,0,2359296,0
3300,blocks.1.mlp.proj.weight,-97,0,2359296,0
3300,blocks.1.mlp.proj.weight,-96,0,2359296,0
3300,blocks.1.mlp.proj.weight,-95,0,2359296,0
3300,blocks.1.mlp.proj.weight,-94,0,2359296,0
3300,blocks.1.mlp.proj.weight,-93,0,2359296,0
3300,blocks.1.mlp.proj.weight,-92,0,2359296,0
3300,blocks.1.mlp.proj.weight,-91,0,2359296,0
3300,blocks.1.mlp.proj.weight,-90,0,2359296,0
3300,blocks.1.mlp.proj.weight,-89,0,2359296,0
3300,blocks.1.mlp.proj.weight,-88,0,2359296,0
3300,blocks.1.mlp.proj.weight,-87,0,2359296,0
3300,blocks.1.mlp.proj.weight,-86,0,2359296,0
3300,blocks.1.mlp.proj.weight,-85,0,2359296,0
3300,blocks.1.mlp.proj.weight,-84,0,2359296,0
3300,blocks.1.mlp.proj.weight,-83,0,2359296,0
3300,blocks.1.mlp.proj.weight,-82,0,2359296,0
3300,blocks.1.mlp.proj.weight,-81,0,2359296,0
3300,blocks.1.mlp.proj.weight,-80,0,2359296,0
3300,blocks.1.mlp.proj.weight,-79,0,2359296,0
3300,blocks.1.mlp.proj.weight,-78,0,2359296,0
3300,blocks.1.mlp.proj.weight,-77,0,2359296,0
3300,blocks.1.mlp.proj.weight,-76,0,2359296,0
3300,blocks.1.mlp.proj.weight,-75,0,2359296,0
3300,blocks.1.mlp.proj.weight,-74,0,2359296,0
3300,blocks.1.mlp.proj.weight,-73,0,2359296,0
3300,blocks.1.mlp.proj.weight,-72,0,2359296,0
3300,blocks.1.mlp.proj.weight,-71,0,2359296,0
3300,blocks.1.mlp.proj.weight,-70,0,2359296,0
3300,blocks.1.mlp.proj.weight,-69,0,2359296,0
3300,blocks.1.mlp.proj.weight,-68,0,2359296,0
3300,blocks.1.mlp.proj.weight,-67,0,2359296,0
3300,blocks.1.mlp.proj.weight,-66,0,2359296,0
3300,blocks.1.mlp.proj.weight,-65,0,2359296,0
3300,blocks.1.mlp.proj.weight,-64,0,2359296,0
3300,blocks.1.mlp.proj.weight,-63,0,2359296,0
3300,blocks.1.mlp.proj.weight,-62,0,2359296,0
3300,blocks.1.mlp.proj.weight,-61,0,2359296,0
3300,blocks.1.mlp.proj.weight,-60,0,2359296,0
3300,blocks.1.mlp.proj.weight,-59,0,2359296,0
3300,blocks.1.mlp.proj.weight,-58,0,2359296,0
3300,blocks.1.mlp.proj.weight,-57,0,2359296,0
3300,blocks.1.mlp.proj.weight,-56,0,2359296,0
3300,blocks.1.mlp.proj.weight,-55,0,2359296,0
3300,blocks.1.mlp.proj.weight,-54,0,2359296,0
3300,blocks.1.mlp.proj.weight,-53,0,2359296,0
3300,blocks.1.mlp.proj.weight,-52,0,2359296,0
3300,blocks.1.mlp.proj.weight,-51,0,2359296,0
3300,blocks.1.mlp.proj.weight,-50,0,2359296,0
3300,blocks.1.mlp.proj.weight,-49,0,2359296,0
3300,blocks.1.mlp.proj.weight,-48,0,2359296,0
3300,blocks.1.mlp.proj.weight,-47,0,2359296,0
3300,blocks.1.mlp.proj.weight,-46,0,2359296,0
3300,blocks.1.mlp.proj.weight,-45,0,2359296,0
3300,blocks.1.mlp.proj.weight,-44,0,2359296,0
3300,blocks.1.mlp.proj.weight,-43,0,2359296,0
3300,blocks.1.mlp.proj.weight,-42,0,2359296,0
3300,blocks.1.mlp.proj.weight,-41,0,2359296,0
3300,blocks.1.mlp.proj.weight,-40,0,2359296,0
3300,blocks.1.mlp.proj.weight,-39,0,2359296,0
3300,blocks.1.mlp.proj.weight,-38,0,2359296,0
3300,blocks.1.mlp.proj.weight,-37,0,2359296,0
3300,blocks.1.mlp.proj.weight,-36,0,2359296,0
3300,blocks.1.mlp.proj.weight,-35,0,2359296,0
3300,blocks.1.mlp.proj.weight,-34,0,2359296,0
3300,blocks.1.mlp.proj.weight,-33,0,2359296,0
3300,blocks.1.mlp.proj.weight,-32,6,2359296,0
3300,blocks.1.mlp.proj.weight,-31,4,2359296,0
3300,blocks.1.mlp.proj.weight,-30,18,2359296,0
3300,blocks.1.mlp.proj.weight,-29,30,2359296,0
3300,blocks.1.mlp.proj.weight,-28,12,2359296,0
3300,blocks.1.mlp.proj.weight,-27,0,2359296,0
3300,blocks.1.mlp.proj.weight,-26,0,2359296,0
3300,blocks.1.mlp.proj.weight,-25,0,2359296,0
3300,blocks.1.mlp.proj.weight,-24,0,2359296,0
3300,blocks.1.mlp.proj.weight,-23,0,2359296,0
3300,blocks.1.mlp.proj.weight,-22,0,2359296,0
3300,blocks.1.mlp.proj.weight,-21,0,2359296,0
3300,blocks.1.mlp.proj.weight,-20,0,2359296,0
3300,blocks.1.mlp.proj.weight,-19,3,2359296,0
3300,blocks.1.mlp.proj.weight,-18,8,2359296,0
3300,blocks.1.mlp.proj.weight,-17,23,2359296,0
3300,blocks.1.mlp.proj.weight,-16,75,2359296,0
3300,blocks.1.mlp.proj.weight,-15,173,2359296,0
3300,blocks.1.mlp.proj.weight,-14,357,2359296,0
3300,blocks.1.mlp.proj.weight,-13,684,2359296,0
3300,blocks.1.mlp.proj.weight,-12,1424,2359296,0
3300,blocks.1.mlp.proj.weight,-11,2962,2359296,0
3300,blocks.1.mlp.proj.weight,-10,5918,2359296,0
3300,blocks.1.mlp.proj.weight,-9,11563,2359296,0
3300,blocks.1.mlp.proj.weight,-8,23398,2359296,0
3300,blocks.1.mlp.proj.weight,-7,46370,2359296,0
3300,blocks.1.mlp.proj.weight,-6,92213,2359296,0
3300,blocks.1.mlp.proj.weight,-5,183595,2359296,0
3300,blocks.1.mlp.proj.weight,-4,350819,2359296,0
3300,blocks.1.mlp.proj.weight,-3,606689,2359296,0
3300,blocks.1.mlp.proj.weight,-2,715569,2359296,0
3300,blocks.1.mlp.proj.weight,-1,296408,2359296,0
3300,blocks.1.mlp.proj.weight,0,20230,2359296,0
3300,blocks.1.mlp.proj.weight,1,714,2359296,0
3300,blocks.1.mlp.proj.weight,2,31,2359296,0
3300,blocks.1.mlp.proj.weight,3,0,2359296,0
3300,blocks.1.mlp.proj.weight,4,0,2359296,0
3300,blocks.1.mlp.proj.weight,5,0,2359296,0
3300,blocks.1.mlp.proj.weight,6,0,2359296,0
3300,blocks.1.mlp.proj.weight,7,0,2359296,0
3300,blocks.1.mlp.proj.weight,8,0,2359296,0
3300,blocks.1.mlp.proj.weight,9,0,2359296,0
3300,blocks.1.mlp.proj.weight,10,0,2359296,0
3300,blocks.1.mlp.proj.weight,11,0,2359296,0
3300,blocks.1.mlp.proj.weight,12,0,2359296,0
3300,blocks.1.mlp.proj.weight,13,0,2359296,0
3300,blocks.1.mlp.proj.weight,14,0,2359296,0
3300,blocks.1.mlp.proj.weight,15,0,2359296,0
3300,blocks.1.mlp.proj.weight,16,0,2359296,0
3300,blocks.1.mlp.proj.weight,17,0,2359296,0
3300,blocks.1.mlp.proj.weight,18,0,2359296,0
3300,blocks.1.mlp.proj.weight,19,0,2359296,0
3300,blocks.1.mlp.proj.weight,20,0,2359296,0
3300,blocks.1.mlp.proj.weight,21,0,2359296,0
3300,blocks.1.mlp.proj.weight,22,0,2359296,0
3300,blocks.1.mlp.proj.weight,23,0,2359296,0
3300,blocks.1.mlp.proj.weight,24,0,2359296,0
3300,blocks.1.mlp.proj.weight,25,0,2359296,0
3300,blocks.1.mlp.proj.weight,26,0,2359296,0
3300,blocks.1.mlp.proj.weight,27,0,2359296,0
3300,blocks.1.mlp.proj.weight,28,0,2359296,0
3300,blocks.1.mlp.proj.weight,29,0,2359296,0
3300,blocks.1.mlp.proj.weight,30,0,2359296,0
3300,blocks.1.mlp.proj.weight,31,0,2359296,0
3300,blocks.1.mlp.proj.weight,32,0,2359296,0
3300,blocks.1.mlp.proj.weight,33,0,2359296,0
3300,blocks.1.mlp.proj.weight,34,0,2359296,0
3300,blocks.1.mlp.proj.weight,35,0,2359296,0
3300,blocks.1.mlp.proj.weight,36,0,2359296,0
3300,blocks.1.mlp.proj.weight,37,0,2359296,0
3300,blocks.1.mlp.proj.weight,38,0,2359296,0
3300,blocks.1.mlp.proj.weight,39,0,2359296,0
3300,blocks.1.mlp.proj.weight,40,0,2359296,0
3300,blocks.1.mlp.proj.weight,41,0,2359296,0
3300,blocks.1.mlp.proj.weight,42,0,2359296,0
3300,blocks.1.mlp.proj.weight,43,0,2359296,0
3300,blocks.1.mlp.proj.weight,44,0,2359296,0
3300,blocks.1.mlp.proj.weight,45,0,2359296,0
3300,blocks.1.mlp.proj.weight,46,0,2359296,0
3300,blocks.1.mlp.proj.weight,47,0,2359296,0
3300,blocks.1.mlp.proj.weight,48,0,2359296,0
3300,blocks.1.mlp.proj.weight,49,0,2359296,0
3300,blocks.1.mlp.proj.weight,50,0,2359296,0
3300,blocks.1.mlp.proj.weight,51,0,2359296,0
3300,blocks.1.mlp.proj.weight,52,0,2359296,0
3300,blocks.1.mlp.proj.weight,53,0,2359296,0
3300,blocks.1.mlp.proj.weight,54,0,2359296,0
3300,blocks.1.mlp.proj.weight,55,0,2359296,0
3300,blocks.1.mlp.proj.weight,56,0,2359296,0
3300,blocks.1.mlp.proj.weight,57,0,2359296,0
3300,blocks.1.mlp.proj.weight,58,0,2359296,0
3300,blocks.1.mlp.proj.weight,59,0,2359296,0
3300,blocks.1.mlp.proj.weight,60,0,2359296,0
3300,blocks.1.mlp.proj.weight,61,0,2359296,0
3300,blocks.1.mlp.proj.weight,62,0,2359296,0
3300,blocks.1.mlp.proj.weight,63,0,2359296,0
3300,blocks.1.mlp.proj.weight,64,0,2359296,0
3300,blocks.1.mlp.proj.weight,65,0,2359296,0
3300,blocks.1.mlp.proj.weight,66,0,2359296,0
3300,blocks.1.mlp.proj.weight,67,0,2359296,0
3300,blocks.1.mlp.proj.weight,68,0,2359296,0
3300,blocks.1.mlp.proj.weight,69,0,2359296,0
3300,blocks.1.mlp.proj.weight,70,0,2359296,0
3300,blocks.1.mlp.proj.weight,71,0,2359296,0
3300,blocks.1.mlp.proj.weight,72,0,2359296,0
3300,blocks.1.mlp.proj.weight,73,0,2359296,0
3300,blocks.1.mlp.proj.weight,74,0,2359296,0
3300,blocks.1.mlp.proj.weight,75,0,2359296,0
3300,blocks.1.mlp.proj.weight,76,0,2359296,0
3300,blocks.1.mlp.proj.weight,77,0,2359296,0
3300,blocks.1.mlp.proj.weight,78,0,2359296,0
3300,blocks.1.mlp.proj.weight,79,0,2359296,0
3300,blocks.1.mlp.proj.weight,80,0,2359296,0
3300,blocks.1.mlp.proj.weight,81,0,2359296,0
3300,blocks.1.mlp.proj.weight,82,0,2359296,0
3300,blocks.1.mlp.proj.weight,83,0,2359296,0
3300,blocks.1.mlp.proj.weight,84,0,2359296,0
3300,blocks.1.mlp.proj.weight,85,0,2359296,0
3300,blocks.1.mlp.proj.weight,86,0,2359296,0
3300,blocks.1.mlp.proj.weight,87,0,2359296,0
3300,blocks.1.mlp.proj.weight,88,0,2359296,0
3300,blocks.1.mlp.proj.weight,89,0,2359296,0
3300,blocks.1.mlp.proj.weight,90,0,2359296,0
3300,blocks.1.mlp.proj.weight,91,0,2359296,0
3300,blocks.1.mlp.proj.weight,92,0,2359296,0
3300,blocks.1.mlp.proj.weight,93,0,2359296,0
3300,blocks.1.mlp.proj.weight,94,0,2359296,0
3300,blocks.1.mlp.proj.weight,95,0,2359296,0
3300,blocks.1.mlp.proj.weight,96,0,2359296,0
3300,blocks.1.mlp.proj.weight,97,0,2359296,0
3300,blocks.1.mlp.proj.weight,98,0,2359296,0
3300,blocks.1.mlp.proj.weight,99,0,2359296,0
3300,blocks.1.mlp.proj.weight,100,0,2359296,0
3300,blocks.1.mlp.proj.weight,101,0,2359296,0
3300,blocks.1.mlp.proj.weight,102,0,2359296,0
3300,blocks.1.mlp.proj.weight,103,0,2359296,0
3300,blocks.1.mlp.proj.weight,104,0,2359296,0
3300,blocks.1.mlp.proj.weight,105,0,2359296,0
3300,blocks.1.mlp.proj.weight,106,0,2359296,0
3300,blocks.1.mlp.proj.weight,107,0,2359296,0
3300,blocks.1.mlp.proj.weight,108,0,2359296,0
3300,blocks.1.mlp.proj.weight,109,0,2359296,0
3300,blocks.1.mlp.proj.weight,110,0,2359296,0
3300,blocks.1.mlp.proj.weight,111,0,2359296,0
3300,blocks.1.mlp.proj.weight,112,0,2359296,0
3300,blocks.1.mlp.proj.weight,113,0,2359296,0
3300,blocks.1.mlp.proj.weight,114,0,2359296,0
3300,blocks.1.mlp.proj.weight,115,0,2359296,0
3300,blocks.1.mlp.proj.weight,116,0,2359296,0
3300,blocks.1.mlp.proj.weight,117,0,2359296,0
3300,blocks.1.mlp.proj.weight,118,0,2359296,0
3300,blocks.1.mlp.proj.weight,119,0,2359296,0
3300,blocks.1.mlp.proj.weight,120,0,2359296,0
3300,blocks.1.mlp.proj.weight,121,0,2359296,0
3300,blocks.1.mlp.proj.weight,122,0,2359296,0
3300,blocks.1.mlp.proj.weight,123,0,2359296,0
3300,blocks.1.mlp.proj.weight,124,0,2359296,0
3300,blocks.1.mlp.proj.weight,125,0,2359296,0
3300,blocks.1.mlp.proj.weight,126,0,2359296,0
3300,blocks.1.mlp.proj.weight,127,0,2359296,0
3300,blocks.1.mlp.proj.weight,128,0,2359296,0
3300,blocks.2.mlp.fc.weight,-127,0,2359296,0
3300,blocks.2.mlp.fc.weight,-126,0,2359296,0
3300,blocks.2.mlp.fc.weight,-125,0,2359296,0
3300,blocks.2.mlp.fc.weight,-124,0,2359296,0
3300,blocks.2.mlp.fc.weight,-123,0,2359296,0
3300,blocks.2.mlp.fc.weight,-122,0,2359296,0
3300,blocks.2.mlp.fc.weight,-121,0,2359296,0
3300,blocks.2.mlp.fc.weight,-120,0,2359296,0
3300,blocks.2.mlp.fc.weight,-119,0,2359296,0
3300,blocks.2.mlp.fc.weight,-118,0,2359296,0
3300,blocks.2.mlp.fc.weight,-117,0,2359296,0
3300,blocks.2.mlp.fc.weight,-116,0,2359296,0
3300,blocks.2.mlp.fc.weight,-115,0,2359296,0
3300,blocks.2.mlp.fc.weight,-114,0,2359296,0
3300,blocks.2.mlp.fc.weight,-113,0,2359296,0
3300,blocks.2.mlp.fc.weight,-112,0,2359296,0
3300,blocks.2.mlp.fc.weight,-111,0,2359296,0
3300,blocks.2.mlp.fc.weight,-110,0,2359296,0
3300,blocks.2.mlp.fc.weight,-109,0,2359296,0
3300,blocks.2.mlp.fc.weight,-108,0,2359296,0
3300,blocks.2.mlp.fc.weight,-107,0,2359296,0
3300,blocks.2.mlp.fc.weight,-106,0,2359296,0
3300,blocks.2.mlp.fc.weight,-105,0,2359296,0
3300,blocks.2.mlp.fc.weight,-104,0,2359296,0
3300,blocks.2.mlp.fc.weight,-103,0,2359296,0
3300,blocks.2.mlp.fc.weight,-102,0,2359296,0
3300,blocks.2.mlp.fc.weight,-101,0,2359296,0
3300,blocks.2.mlp.fc.weight,-100,0,2359296,0
3300,blocks.2.mlp.fc.weight,-99,0,2359296,0
3300,blocks.2.mlp.fc.weight,-98,0,2359296,0
3300,blocks.2.mlp.fc.weight,-97,0,2359296,0
3300,blocks.2.mlp.fc.weight,-96,0,2359296,0
3300,blocks.2.mlp.fc.weight,-95,0,2359296,0
3300,blocks.2.mlp.fc.weight,-94,0,2359296,0
3300,blocks.2.mlp.fc.weight,-93,0,2359296,0
3300,blocks.2.mlp.fc.weight,-92,0,2359296,0
3300,blocks.2.mlp.fc.weight,-91,0,2359296,0
3300,blocks.2.mlp.fc.weight,-90,0,2359296,0
3300,blocks.2.mlp.fc.weight,-89,0,2359296,0
3300,blocks.2.mlp.fc.weight,-88,0,2359296,0
3300,blocks.2.mlp.fc.weight,-87,0,2359296,0
3300,blocks.2.mlp.fc.weight,-86,0,2359296,0
3300,blocks.2.mlp.fc.weight,-85,0,2359296,0
3300,blocks.2.mlp.fc.weight,-84,0,2359296,0
3300,blocks.2.mlp.fc.weight,-83,0,2359296,0
3300,blocks.2.mlp.fc.weight,-82,0,2359296,0
3300,blocks.2.mlp.fc.weight,-81,0,2359296,0
3300,blocks.2.mlp.fc.weight,-80,0,2359296,0
3300,blocks.2.mlp.fc.weight,-79,0,2359296,0
3300,blocks.2.mlp.fc.weight,-78,0,2359296,0
3300,blocks.2.mlp.fc.weight,-77,0,2359296,0
3300,blocks.2.mlp.fc.weight,-76,0,2359296,0
3300,blocks.2.mlp.fc.weight,-75,0,2359296,0
3300,blocks.2.mlp.fc.weight,-74,0,2359296,0
3300,blocks.2.mlp.fc.weight,-73,0,2359296,0
3300,blocks.2.mlp.fc.weight,-72,0,2359296,0
3300,blocks.2.mlp.fc.weight,-71,0,2359296,0
3300,blocks.2.mlp.fc.weight,-70,0,2359296,0
3300,blocks.2.mlp.fc.weight,-69,0,2359296,0
3300,blocks.2.mlp.fc.weight,-68,0,2359296,0
3300,blocks.2.mlp.fc.weight,-67,0,2359296,0
3300,blocks.2.mlp.fc.weight,-66,0,2359296,0
3300,blocks.2.mlp.fc.weight,-65,0,2359296,0
3300,blocks.2.mlp.fc.weight,-64,0,2359296,0
3300,blocks.2.mlp.fc.weight,-63,0,2359296,0
3300,blocks.2.mlp.fc.weight,-62,0,2359296,0
3300,blocks.2.mlp.fc.weight,-61,0,2359296,0
3300,blocks.2.mlp.fc.weight,-60,0,2359296,0
3300,blocks.2.mlp.fc.weight,-59,0,2359296,0
3300,blocks.2.mlp.fc.weight,-58,0,2359296,0
3300,blocks.2.mlp.fc.weight,-57,0,2359296,0
3300,blocks.2.mlp.fc.weight,-56,0,2359296,0
3300,blocks.2.mlp.fc.weight,-55,0,2359296,0
3300,blocks.2.mlp.fc.weight,-54,0,2359296,0
3300,blocks.2.mlp.fc.weight,-53,0,2359296,0
3300,blocks.2.mlp.fc.weight,-52,0,2359296,0
3300,blocks.2.mlp.fc.weight,-51,0,2359296,0
3300,blocks.2.mlp.fc.weight,-50,0,2359296,0
3300,blocks.2.mlp.fc.weight,-49,0,2359296,0
3300,blocks.2.mlp.fc.weight,-48,0,2359296,0
3300,blocks.2.mlp.fc.weight,-47,0,2359296,0
3300,blocks.2.mlp.fc.weight,-46,0,2359296,0
3300,blocks.2.mlp.fc.weight,-45,0,2359296,0
3300,blocks.2.mlp.fc.weight,-44,0,2359296,0
3300,blocks.2.mlp.fc.weight,-43,0,2359296,0
3300,blocks.2.mlp.fc.weight,-42,0,2359296,0
3300,blocks.2.mlp.fc.weight,-41,0,2359296,0
3300,blocks.2.mlp.fc.weight,-40,0,2359296,0
3300,blocks.2.mlp.fc.weight,-39,0,2359296,0
3300,blocks.2.mlp.fc.weight,-38,0,2359296,0
3300,blocks.2.mlp.fc.weight,-37,0,2359296,0
3300,blocks.2.mlp.fc.weight,-36,0,2359296,0
3300,blocks.2.mlp.fc.weight,-35,0,2359296,0
3300,blocks.2.mlp.fc.weight,-34,0,2359296,0
3300,blocks.2.mlp.fc.weight,-33,0,2359296,0
3300,blocks.2.mlp.fc.weight,-32,6,2359296,0
3300,blocks.2.mlp.fc.weight,-31,13,2359296,0
3300,blocks.2.mlp.fc.weight,-30,37,2359296,0
3300,blocks.2.mlp.fc.weight,-29,19,2359296,0
3300,blocks.2.mlp.fc.weight,-28,5,2359296,0
3300,blocks.2.mlp.fc.weight,-27,0,2359296,0
3300,blocks.2.mlp.fc.weight,-26,0,2359296,0
3300,blocks.2.mlp.fc.weight,-25,0,2359296,0
3300,blocks.2.mlp.fc.weight,-24,0,2359296,0
3300,blocks.2.mlp.fc.weight,-23,0,2359296,0
3300,blocks.2.mlp.fc.weight,-22,0,2359296,0
3300,blocks.2.mlp.fc.weight,-21,1,2359296,0
3300,blocks.2.mlp.fc.weight,-20,2,2359296,0
3300,blocks.2.mlp.fc.weight,-19,5,2359296,0
3300,blocks.2.mlp.fc.weight,-18,19,2359296,0
3300,blocks.2.mlp.fc.weight,-17,55,2359296,0
3300,blocks.2.mlp.fc.weight,-16,142,2359296,0
3300,blocks.2.mlp.fc.weight,-15,304,2359296,0
3300,blocks.2.mlp.fc.weight,-14,592,2359296,0
3300,blocks.2.mlp.fc.weight,-13,1137,2359296,0
3300,blocks.2.mlp.fc.weight,-12,2353,2359296,0
3300,blocks.2.mlp.fc.weight,-11,4742,2359296,0
3300,blocks.2.mlp.fc.weight,-10,9249,2359296,0
3300,blocks.2.mlp.fc.weight,-9,18736,2359296,0
3300,blocks.2.mlp.fc.weight,-8,37672,2359296,0
3300,blocks.2.mlp.fc.weight,-7,74566,2359296,0
3300,blocks.2.mlp.fc.weight,-6,147785,2359296,0
3300,blocks.2.mlp.fc.weight,-5,282866,2359296,0
3300,blocks.2.mlp.fc.weight,-4,502847,2359296,0
3300,blocks.2.mlp.fc.weight,-3,685564,2359296,0
3300,blocks.2.mlp.fc.weight,-2,458721,2359296,0
3300,blocks.2.mlp.fc.weight,-1,113938,2359296,0
3300,blocks.2.mlp.fc.weight,0,16543,2359296,0
3300,blocks.2.mlp.fc.weight,1,1317,2359296,0
3300,blocks.2.mlp.fc.weight,2,60,2359296,0
3300,blocks.2.mlp.fc.weight,3,0,2359296,0
3300,blocks.2.mlp.fc.weight,4,0,2359296,0
3300,blocks.2.mlp.fc.weight,5,0,2359296,0
3300,blocks.2.mlp.fc.weight,6,0,2359296,0
3300,blocks.2.mlp.fc.weight,7,0,2359296,0
3300,blocks.2.mlp.fc.weight,8,0,2359296,0
3300,blocks.2.mlp.fc.weight,9,0,2359296,0
3300,blocks.2.mlp.fc.weight,10,0,2359296,0
3300,blocks.2.mlp.fc.weight,11,0,2359296,0
3300,blocks.2.mlp.fc.weight,12,0,2359296,0
3300,blocks.2.mlp.fc.weight,13,0,2359296,0
3300,blocks.2.mlp.fc.weight,14,0,2359296,0
3300,blocks.2.mlp.fc.weight,15,0,2359296,0
3300,blocks.2.mlp.fc.weight,16,0,2359296,0
3300,blocks.2.mlp.fc.weight,17,0,2359296,0
3300,blocks.2.mlp.fc.weight,18,0,2359296,0
3300,blocks.2.mlp.fc.weight,19,0,2359296,0
3300,blocks.2.mlp.fc.weight,20,0,2359296,0
3300,blocks.2.mlp.fc.weight,21,0,2359296,0
3300,blocks.2.mlp.fc.weight,22,0,2359296,0
3300,blocks.2.mlp.fc.weight,23,0,2359296,0
3300,blocks.2.mlp.fc.weight,24,0,2359296,0
3300,blocks.2.mlp.fc.weight,25,0,2359296,0
3300,blocks.2.mlp.fc.weight,26,0,2359296,0
3300,blocks.2.mlp.fc.weight,27,0,2359296,0
3300,blocks.2.mlp.fc.weight,28,0,2359296,0
3300,blocks.2.mlp.fc.weight,29,0,2359296,0
3300,blocks.2.mlp.fc.weight,30,0,2359296,0
3300,blocks.2.mlp.fc.weight,31,0,2359296,0
3300,blocks.2.mlp.fc.weight,32,0,2359296,0
3300,blocks.2.mlp.fc.weight,33,0,2359296,0
3300,blocks.2.mlp.fc.weight,34,0,2359296,0
3300,blocks.2.mlp.fc.weight,35,0,2359296,0
3300,blocks.2.mlp.fc.weight,36,0,2359296,0
3300,blocks.2.mlp.fc.weight,37,0,2359296,0
3300,blocks.2.mlp.fc.weight,38,0,2359296,0
3300,blocks.2.mlp.fc.weight,39,0,2359296,0
3300,blocks.2.mlp.fc.weight,40,0,2359296,0
3300,blocks.2.mlp.fc.weight,41,0,2359296,0
3300,blocks.2.mlp.fc.weight,42,0,2359296,0
3300,blocks.2.mlp.fc.weight,43,0,2359296,0
3300,blocks.2.mlp.fc.weight,44,0,2359296,0
3300,blocks.2.mlp.fc.weight,45,0,2359296,0
3300,blocks.2.mlp.fc.weight,46,0,2359296,0
3300,blocks.2.mlp.fc.weight,47,0,2359296,0
3300,blocks.2.mlp.fc.weight,48,0,2359296,0
3300,blocks.2.mlp.fc.weight,49,0,2359296,0
3300,blocks.2.mlp.fc.weight,50,0,2359296,0
3300,blocks.2.mlp.fc.weight,51,0,2359296,0
3300,blocks.2.mlp.fc.weight,52,0,2359296,0
3300,blocks.2.mlp.fc.weight,53,0,2359296,0
3300,blocks.2.mlp.fc.weight,54,0,2359296,0
3300,blocks.2.mlp.fc.weight,55,0,2359296,0
3300,blocks.2.mlp.fc.weight,56,0,2359296,0
3300,blocks.2.mlp.fc.weight,57,0,2359296,0
3300,blocks.2.mlp.fc.weight,58,0,2359296,0
3300,blocks.2.mlp.fc.weight,59,0,2359296,0
3300,blocks.2.mlp.fc.weight,60,0,2359296,0
3300,blocks.2.mlp.fc.weight,61,0,2359296,0
3300,blocks.2.mlp.fc.weight,62,0,2359296,0
3300,blocks.2.mlp.fc.weight,63,0,2359296,0
3300,blocks.2.mlp.fc.weight,64,0,2359296,0
3300,blocks.2.mlp.fc.weight,65,0,2359296,0
3300,blocks.2.mlp.fc.weight,66,0,2359296,0
3300,blocks.2.mlp.fc.weight,67,0,2359296,0
3300,blocks.2.mlp.fc.weight,68,0,2359296,0
3300,blocks.2.mlp.fc.weight,69,0,2359296,0
3300,blocks.2.mlp.fc.weight,70,0,2359296,0
3300,blocks.2.mlp.fc.weight,71,0,2359296,0
3300,blocks.2.mlp.fc.weight,72,0,2359296,0
3300,blocks.2.mlp.fc.weight,73,0,2359296,0
3300,blocks.2.mlp.fc.weight,74,0,2359296,0
3300,blocks.2.mlp.fc.weight,75,0,2359296,0
3300,blocks.2.mlp.fc.weight,76,0,2359296,0
3300,blocks.2.mlp.fc.weight,77,0,2359296,0
3300,blocks.2.mlp.fc.weight,78,0,2359296,0
3300,blocks.2.mlp.fc.weight,79,0,2359296,0
3300,blocks.2.mlp.fc.weight,80,0,2359296,0
3300,blocks.2.mlp.fc.weight,81,0,2359296,0
3300,blocks.2.mlp.fc.weight,82,0,2359296,0
3300,blocks.2.mlp.fc.weight,83,0,2359296,0
3300,blocks.2.mlp.fc.weight,84,0,2359296,0
3300,blocks.2.mlp.fc.weight,85,0,2359296,0
3300,blocks.2.mlp.fc.weight,86,0,2359296,0
3300,blocks.2.mlp.fc.weight,87,0,2359296,0
3300,blocks.2.mlp.fc.weight,88,0,2359296,0
3300,blocks.2.mlp.fc.weight,89,0,2359296,0
3300,blocks.2.mlp.fc.weight,90,0,2359296,0
3300,blocks.2.mlp.fc.weight,91,0,2359296,0
3300,blocks.2.mlp.fc.weight,92,0,2359296,0
3300,blocks.2.mlp.fc.weight,93,0,2359296,0
3300,blocks.2.mlp.fc.weight,94,0,2359296,0
3300,blocks.2.mlp.fc.weight,95,0,2359296,0
3300,blocks.2.mlp.fc.weight,96,0,2359296,0
3300,blocks.2.mlp.fc.weight,97,0,2359296,0
3300,blocks.2.mlp.fc.weight,98,0,2359296,0
3300,blocks.2.mlp.fc.weight,99,0,2359296,0
3300,blocks.2.mlp.fc.weight,100,0,2359296,0
3300,blocks.2.mlp.fc.weight,101,0,2359296,0
3300,blocks.2.mlp.fc.weight,102,0,2359296,0
3300,blocks.2.mlp.fc.weight,103,0,2359296,0
3300,blocks.2.mlp.fc.weight,104,0,2359296,0
3300,blocks.2.mlp.fc.weight,105,0,2359296,0
3300,blocks.2.mlp.fc.weight,106,0,2359296,0
3300,blocks.2.mlp.fc.weight,107,0,2359296,0
3300,blocks.2.mlp.fc.weight,108,0,2359296,0
3300,blocks.2.mlp.fc.weight,109,0,2359296,0
3300,blocks.2.mlp.fc.weight,110,0,2359296,0
3300,blocks.2.mlp.fc.weight,111,0,2359296,0
3300,blocks.2.mlp.fc.weight,112,0,2359296,0
3300,blocks.2.mlp.fc.weight,113,0,2359296,0
3300,blocks.2.mlp.fc.weight,114,0,2359296,0
3300,blocks.2.mlp.fc.weight,115,0,2359296,0
3300,blocks.2.mlp.fc.weight,116,0,2359296,0
3300,blocks.2.mlp.fc.weight,117,0,2359296,0
3300,blocks.2.mlp.fc.weight,118,0,2359296,0
3300,blocks.2.mlp.fc.weight,119,0,2359296,0
3300,blocks.2.mlp.fc.weight,120,0,2359296,0
3300,blocks.2.mlp.fc.weight,121,0,2359296,0
3300,blocks.2.mlp.fc.weight,122,0,2359296,0
3300,blocks.2.mlp.fc.weight,123,0,2359296,0
3300,blocks.2.mlp.fc.weight,124,0,2359296,0
3300,blocks.2.mlp.fc.weight,125,0,2359296,0
3300,blocks.2.mlp.fc.weight,126,0,2359296,0
3300,blocks.2.mlp.fc.weight,127,0,2359296,0
3300,blocks.2.mlp.fc.weight,128,0,2359296,0
3300,blocks.2.mlp.proj.weight,-127,0,2359296,0
3300,blocks.2.mlp.proj.weight,-126,0,2359296,0
3300,blocks.2.mlp.proj.weight,-125,0,2359296,0
3300,blocks.2.mlp.proj.weight,-124,0,2359296,0
3300,blocks.2.mlp.proj.weight,-123,0,2359296,0
3300,blocks.2.mlp.proj.weight,-122,0,2359296,0
3300,blocks.2.mlp.proj.weight,-121,0,2359296,0
3300,blocks.2.mlp.proj.weight,-120,0,2359296,0
3300,blocks.2.mlp.proj.weight,-119,0,2359296,0
3300,blocks.2.mlp.proj.weight,-118,0,2359296,0
3300,blocks.2.mlp.proj.weight,-117,0,2359296,0
3300,blocks.2.mlp.proj.weight,-116,0,2359296,0
3300,blocks.2.mlp.proj.weight,-115,0,2359296,0
3300,blocks.2.mlp.proj.weight,-114,0,2359296,0
3300,blocks.2.mlp.proj.weight,-113,0,2359296,0
3300,blocks.2.mlp.proj.weight,-112,0,2359296,0
3300,blocks.2.mlp.proj.weight,-111,0,2359296,0
3300,blocks.2.mlp.proj.weight,-110,0,2359296,0
3300,blocks.2.mlp.proj.weight,-109,0,2359296,0
3300,blocks.2.mlp.proj.weight,-108,0,2359296,0
3300,blocks.2.mlp.proj.weight,-107,0,2359296,0
3300,blocks.2.mlp.proj.weight,-106,0,2359296,0
3300,blocks.2.mlp.proj.weight,-105,0,2359296,0
3300,blocks.2.mlp.proj.weight,-104,0,2359296,0
3300,blocks.2.mlp.proj.weight,-103,0,2359296,0
3300,blocks.2.mlp.proj.weight,-102,0,2359296,0
3300,blocks.2.mlp.proj.weight,-101,0,2359296,0
3300,blocks.2.mlp.proj.weight,-100,0,2359296,0
3300,blocks.2.mlp.proj.weight,-99,0,2359296,0
3300,blocks.2.mlp.proj.weight,-98,0,2359296,0
3300,blocks.2.mlp.proj.weight,-97,0,2359296,0
3300,blocks.2.mlp.proj.weight,-96,0,2359296,0
3300,blocks.2.mlp.proj.weight,-95,0,2359296,0
3300,blocks.2.mlp.proj.weight,-94,0,2359296,0
3300,blocks.2.mlp.proj.weight,-93,0,2359296,0
3300,blocks.2.mlp.proj.weight,-92,0,2359296,0
3300,blocks.2.mlp.proj.weight,-91,0,2359296,0
3300,blocks.2.mlp.proj.weight,-90,0,2359296,0
3300,blocks.2.mlp.proj.weight,-89,0,2359296,0
3300,blocks.2.mlp.proj.weight,-88,0,2359296,0
3300,blocks.2.mlp.proj.weight,-87,0,2359296,0
3300,blocks.2.mlp.proj.weight,-86,0,2359296,0
3300,blocks.2.mlp.proj.weight,-85,0,2359296,0
3300,blocks.2.mlp.proj.weight,-84,0,2359296,0
3300,blocks.2.mlp.proj.weight,-83,0,2359296,0
3300,blocks.2.mlp.proj.weight,-82,0,2359296,0
3300,blocks.2.mlp.proj.weight,-81,0,2359296,0
3300,blocks.2.mlp.proj.weight,-80,0,2359296,0
3300,blocks.2.mlp.proj.weight,-79,0,2359296,0
3300,blocks.2.mlp.proj.weight,-78,0,2359296,0
3300,blocks.2.mlp.proj.weight,-77,0,2359296,0
3300,blocks.2.mlp.proj.weight,-76,0,2359296,0
3300,blocks.2.mlp.proj.weight,-75,0,2359296,0
3300,blocks.2.mlp.proj.weight,-74,0,2359296,0
3300,blocks.2.mlp.proj.weight,-73,0,2359296,0
3300,blocks.2.mlp.proj.weight,-72,0,2359296,0
3300,blocks.2.mlp.proj.weight,-71,0,2359296,0
3300,blocks.2.mlp.proj.weight,-70,0,2359296,0
3300,blocks.2.mlp.proj.weight,-69,0,2359296,0
3300,blocks.2.mlp.proj.weight,-68,0,2359296,0
3300,blocks.2.mlp.proj.weight,-67,0,2359296,0
3300,blocks.2.mlp.proj.weight,-66,0,2359296,0
3300,blocks.2.mlp.proj.weight,-65,0,2359296,0
3300,blocks.2.mlp.proj.weight,-64,0,2359296,0
3300,blocks.2.mlp.proj.weight,-63,0,2359296,0
3300,blocks.2.mlp.proj.weight,-62,0,2359296,0
3300,blocks.2.mlp.proj.weight,-61,0,2359296,0
3300,blocks.2.mlp.proj.weight,-60,0,2359296,0
3300,blocks.2.mlp.proj.weight,-59,0,2359296,0
3300,blocks.2.mlp.proj.weight,-58,0,2359296,0
3300,blocks.2.mlp.proj.weight,-57,0,2359296,0
3300,blocks.2.mlp.proj.weight,-56,0,2359296,0
3300,blocks.2.mlp.proj.weight,-55,0,2359296,0
3300,blocks.2.mlp.proj.weight,-54,0,2359296,0
3300,blocks.2.mlp.proj.weight,-53,0,2359296,0
3300,blocks.2.mlp.proj.weight,-52,0,2359296,0
3300,blocks.2.mlp.proj.weight,-51,0,2359296,0
3300,blocks.2.mlp.proj.weight,-50,0,2359296,0
3300,blocks.2.mlp.proj.weight,-49,0,2359296,0
3300,blocks.2.mlp.proj.weight,-48,0,2359296,0
3300,blocks.2.mlp.proj.weight,-47,0,2359296,0
3300,blocks.2.mlp.proj.weight,-46,0,2359296,0
3300,blocks.2.mlp.proj.weight,-45,0,2359296,0
3300,blocks.2.mlp.proj.weight,-44,0,2359296,0
3300,blocks.2.mlp.proj.weight,-43,0,2359296,0
3300,blocks.2.mlp.proj.weight,-42,0,2359296,0
3300,blocks.2.mlp.proj.weight,-41,0,2359296,0
3300,blocks.2.mlp.proj.weight,-40,0,2359296,0
3300,blocks.2.mlp.proj.weight,-39,0,2359296,0
3300,blocks.2.mlp.proj.weight,-38,0,2359296,0
3300,blocks.2.mlp.proj.weight,-37,0,2359296,0
3300,blocks.2.mlp.proj.weight,-36,0,2359296,0
3300,blocks.2.mlp.proj.weight,-35,0,2359296,0
3300,blocks.2.mlp.proj.weight,-34,0,2359296,0
3300,blocks.2.mlp.proj.weight,-33,0,2359296,0
3300,blocks.2.mlp.proj.weight,-32,1,2359296,0
3300,blocks.2.mlp.proj.weight,-31,13,2359296,0
3300,blocks.2.mlp.proj.weight,-30,17,2359296,0
3300,blocks.2.mlp.proj.weight,-29,37,2359296,0
3300,blocks.2.mlp.proj.weight,-28,12,2359296,0
3300,blocks.2.mlp.proj.weight,-27,0,2359296,0
3300,blocks.2.mlp.proj.weight,-26,0,2359296,0
3300,blocks.2.mlp.proj.weight,-25,0,2359296,0
3300,blocks.2.mlp.proj.weight,-24,0,2359296,0
3300,blocks.2.mlp.proj.weight,-23,0,2359296,0
3300,blocks.2.mlp.proj.weight,-22,0,2359296,0
3300,blocks.2.mlp.proj.weight,-21,0,2359296,0
3300,blocks.2.mlp.proj.weight,-20,1,2359296,0
3300,blocks.2.mlp.proj.weight,-19,2,2359296,0
3300,blocks.2.mlp.proj.weight,-18,13,2359296,0
3300,blocks.2.mlp.proj.weight,-17,29,2359296,0
3300,blocks.2.mlp.proj.weight,-16,83,2359296,0
3300,blocks.2.mlp.proj.weight,-15,201,2359296,0
3300,blocks.2.mlp.proj.weight,-14,326,2359296,0
3300,blocks.2.mlp.proj.weight,-13,695,2359296,0
3300,blocks.2.mlp.proj.weight,-12,1434,2359296,0
3300,blocks.2.mlp.proj.weight,-11,3077,2359296,0
3300,blocks.2.mlp.proj.weight,-10,6026,2359296,0
3300,blocks.2.mlp.proj.weight,-9,12147,2359296,0
3300,blocks.2.mlp.proj.weight,-8,24285,2359296,0
3300,blocks.2.mlp.proj.weight,-7,48091,2359296,0
3300,blocks.2.mlp.proj.weight,-6,95970,2359296,0
3300,blocks.2.mlp.proj.weight,-5,189979,2359296,0
3300,blocks.2.mlp.proj.weight,-4,363173,2359296,0
3300,blocks.2.mlp.proj.weight,-3,617322,2359296,0
3300,blocks.2.mlp.proj.weight,-2,706723,2359296,0
3300,blocks.2.mlp.proj.weight,-1,270655,2359296,0
3300,blocks.2.mlp.proj.weight,0,16369,2359296,0
3300,blocks.2.mlp.proj.weight,1,1130,2359296,0
3300,blocks.2.mlp.proj.weight,2,469,2359296,0
3300,blocks.2.mlp.proj.weight,3,430,2359296,0
3300,blocks.2.mlp.proj.weight,4,472,2359296,0
3300,blocks.2.mlp.proj.weight,5,112,2359296,0
3300,blocks.2.mlp.proj.weight,6,2,2359296,0
3300,blocks.2.mlp.proj.weight,7,0,2359296,0
3300,blocks.2.mlp.proj.weight,8,0,2359296,0
3300,blocks.2.mlp.proj.weight,9,0,2359296,0
3300,blocks.2.mlp.proj.weight,10,0,2359296,0
3300,blocks.2.mlp.proj.weight,11,0,2359296,0
3300,blocks.2.mlp.proj.weight,12,0,2359296,0
3300,blocks.2.mlp.proj.weight,13,0,2359296,0
3300,blocks.2.mlp.proj.weight,14,0,2359296,0
3300,blocks.2.mlp.proj.weight,15,0,2359296,0
3300,blocks.2.mlp.proj.weight,16,0,2359296,0
3300,blocks.2.mlp.proj.weight,17,0,2359296,0
3300,blocks.2.mlp.proj.weight,18,0,2359296,0
3300,blocks.2.mlp.proj.weight,19,0,2359296,0
3300,blocks.2.mlp.proj.weight,20,0,2359296,0
3300,blocks.2.mlp.proj.weight,21,0,2359296,0
3300,blocks.2.mlp.proj.weight,22,0,2359296,0
3300,blocks.2.mlp.proj.weight,23,0,2359296,0
3300,blocks.2.mlp.proj.weight,24,0,2359296,0
3300,blocks.2.mlp.proj.weight,25,0,2359296,0
3300,blocks.2.mlp.proj.weight,26,0,2359296,0
3300,blocks.2.mlp.proj.weight,27,0,2359296,0
3300,blocks.2.mlp.proj.weight,28,0,2359296,0
3300,blocks.2.mlp.proj.weight,29,0,2359296,0
3300,blocks.2.mlp.proj.weight,30,0,2359296,0
3300,blocks.2.mlp.proj.weight,31,0,2359296,0
3300,blocks.2.mlp.proj.weight,32,0,2359296,0
3300,blocks.2.mlp.proj.weight,33,0,2359296,0
3300,blocks.2.mlp.proj.weight,34,0,2359296,0
3300,blocks.2.mlp.proj.weight,35,0,2359296,0
3300,blocks.2.mlp.proj.weight,36,0,2359296,0
3300,blocks.2.mlp.proj.weight,37,0,2359296,0
3300,blocks.2.mlp.proj.weight,38,0,2359296,0
3300,blocks.2.mlp.proj.weight,39,0,2359296,0
3300,blocks.2.mlp.proj.weight,40,0,2359296,0
3300,blocks.2.mlp.proj.weight,41,0,2359296,0
3300,blocks.2.mlp.proj.weight,42,0,2359296,0
3300,blocks.2.mlp.proj.weight,43,0,2359296,0
3300,blocks.2.mlp.proj.weight,44,0,2359296,0
3300,blocks.2.mlp.proj.weight,45,0,2359296,0
3300,blocks.2.mlp.proj.weight,46,0,2359296,0
3300,blocks.2.mlp.proj.weight,47,0,2359296,0
3300,blocks.2.mlp.proj.weight,48,0,2359296,0
3300,blocks.2.mlp.proj.weight,49,0,2359296,0
3300,blocks.2.mlp.proj.weight,50,0,2359296,0
3300,blocks.2.mlp.proj.weight,51,0,2359296,0
3300,blocks.2.mlp.proj.weight,52,0,2359296,0
3300,blocks.2.mlp.proj.weight,53,0,2359296,0
3300,blocks.2.mlp.proj.weight,54,0,2359296,0
3300,blocks.2.mlp.proj.weight,55,0,2359296,0
3300,blocks.2.mlp.proj.weight,56,0,2359296,0
3300,blocks.2.mlp.proj.weight,57,0,2359296,0
3300,blocks.2.mlp.proj.weight,58,0,2359296,0
3300,blocks.2.mlp.proj.weight,59,0,2359296,0
3300,blocks.2.mlp.proj.weight,60,0,2359296,0
3300,blocks.2.mlp.proj.weight,61,0,2359296,0
3300,blocks.2.mlp.proj.weight,62,0,2359296,0
3300,blocks.2.mlp.proj.weight,63,0,2359296,0
3300,blocks.2.mlp.proj.weight,64,0,2359296,0
3300,blocks.2.mlp.proj.weight,65,0,2359296,0
3300,blocks.2.mlp.proj.weight,66,0,2359296,0
3300,blocks.2.mlp.proj.weight,67,0,2359296,0
3300,blocks.2.mlp.proj.weight,68,0,2359296,0
3300,blocks.2.mlp.proj.weight,69,0,2359296,0
3300,blocks.2.mlp.proj.weight,70,0,2359296,0
3300,blocks.2.mlp.proj.weight,71,0,2359296,0
3300,blocks.2.mlp.proj.weight,72,0,2359296,0
3300,blocks.2.mlp.proj.weight,73,0,2359296,0
3300,blocks.2.mlp.proj.weight,74,0,2359296,0
3300,blocks.2.mlp.proj.weight,75,0,2359296,0
3300,blocks.2.mlp.proj.weight,76,0,2359296,0
3300,blocks.2.mlp.proj.weight,77,0,2359296,0
3300,blocks.2.mlp.proj.weight,78,0,2359296,0
3300,blocks.2.mlp.proj.weight,79,0,2359296,0
3300,blocks.2.mlp.proj.weight,80,0,2359296,0
3300,blocks.2.mlp.proj.weight,81,0,2359296,0
3300,blocks.2.mlp.proj.weight,82,0,2359296,0
3300,blocks.2.mlp.proj.weight,83,0,2359296,0
3300,blocks.2.mlp.proj.weight,84,0,2359296,0
3300,blocks.2.mlp.proj.weight,85,0,2359296,0
3300,blocks.2.mlp.proj.weight,86,0,2359296,0
3300,blocks.2.mlp.proj.weight,87,0,2359296,0
3300,blocks.2.mlp.proj.weight,88,0,2359296,0
3300,blocks.2.mlp.proj.weight,89,0,2359296,0
3300,blocks.2.mlp.proj.weight,90,0,2359296,0
3300,blocks.2.mlp.proj.weight,91,0,2359296,0
3300,blocks.2.mlp.proj.weight,92,0,2359296,0
3300,blocks.2.mlp.proj.weight,93,0,2359296,0
3300,blocks.2.mlp.proj.weight,94,0,2359296,0
3300,blocks.2.mlp.proj.weight,95,0,2359296,0
3300,blocks.2.mlp.proj.weight,96,0,2359296,0
3300,blocks.2.mlp.proj.weight,97,0,2359296,0
3300,blocks.2.mlp.proj.weight,98,0,2359296,0
3300,blocks.2.mlp.proj.weight,99,0,2359296,0
3300,blocks.2.mlp.proj.weight,100,0,2359296,0
3300,blocks.2.mlp.proj.weight,101,0,2359296,0
3300,blocks.2.mlp.proj.weight,102,0,2359296,0
3300,blocks.2.mlp.proj.weight,103,0,2359296,0
3300,blocks.2.mlp.proj.weight,104,0,2359296,0
3300,blocks.2.mlp.proj.weight,105,0,2359296,0
3300,blocks.2.mlp.proj.weight,106,0,2359296,0
3300,blocks.2.mlp.proj.weight,107,0,2359296,0
3300,blocks.2.mlp.proj.weight,108,0,2359296,0
3300,blocks.2.mlp.proj.weight,109,0,2359296,0
3300,blocks.2.mlp.proj.weight,110,0,2359296,0
3300,blocks.2.mlp.proj.weight,111,0,2359296,0
3300,blocks.2.mlp.proj.weight,112,0,2359296,0
3300,blocks.2.mlp.proj.weight,113,0,2359296,0
3300,blocks.2.mlp.proj.weight,114,0,2359296,0
3300,blocks.2.mlp.proj.weight,115,0,2359296,0
3300,blocks.2.mlp.proj.weight,116,0,2359296,0
3300,blocks.2.mlp.proj.weight,117,0,2359296,0
3300,blocks.2.mlp.proj.weight,118,0,2359296,0
3300,blocks.2.mlp.proj.weight,119,0,2359296,0
3300,blocks.2.mlp.proj.weight,120,0,2359296,0
3300,blocks.2.mlp.proj.weight,121,0,2359296,0
3300,blocks.2.mlp.proj.weight,122,0,2359296,0
3300,blocks.2.mlp.proj.weight,123,0,2359296,0
3300,blocks.2.mlp.proj.weight,124,0,2359296,0
3300,blocks.2.mlp.proj.weight,125,0,2359296,0
3300,blocks.2.mlp.proj.weight,126,0,2359296,0
3300,blocks.2.mlp.proj.weight,127,0,2359296,0
3300,blocks.2.mlp.proj.weight,128,0,2359296,0
3300,blocks.3.mlp.fc.weight,-127,0,2359296,0
3300,blocks.3.mlp.fc.weight,-126,0,2359296,0
3300,blocks.3.mlp.fc.weight,-125,0,2359296,0
3300,blocks.3.mlp.fc.weight,-124,0,2359296,0
3300,blocks.3.mlp.fc.weight,-123,0,2359296,0
3300,blocks.3.mlp.fc.weight,-122,0,2359296,0
3300,blocks.3.mlp.fc.weight,-121,0,2359296,0
3300,blocks.3.mlp.fc.weight,-120,0,2359296,0
3300,blocks.3.mlp.fc.weight,-119,0,2359296,0
3300,blocks.3.mlp.fc.weight,-118,0,2359296,0
3300,blocks.3.mlp.fc.weight,-117,0,2359296,0
3300,blocks.3.mlp.fc.weight,-116,0,2359296,0
3300,blocks.3.mlp.fc.weight,-115,0,2359296,0
3300,blocks.3.mlp.fc.weight,-114,0,2359296,0
3300,blocks.3.mlp.fc.weight,-113,0,2359296,0
3300,blocks.3.mlp.fc.weight,-112,0,2359296,0
3300,blocks.3.mlp.fc.weight,-111,0,2359296,0
3300,blocks.3.mlp.fc.weight,-110,0,2359296,0
3300,blocks.3.mlp.fc.weight,-109,0,2359296,0
3300,blocks.3.mlp.fc.weight,-108,0,2359296,0
3300,blocks.3.mlp.fc.weight,-107,0,2359296,0
3300,blocks.3.mlp.fc.weight,-106,0,2359296,0
3300,blocks.3.mlp.fc.weight,-105,0,2359296,0
3300,blocks.3.mlp.fc.weight,-104,0,2359296,0
3300,blocks.3.mlp.fc.weight,-103,0,2359296,0
3300,blocks.3.mlp.fc.weight,-102,0,2359296,0
3300,blocks.3.mlp.fc.weight,-101,0,2359296,0
3300,blocks.3.mlp.fc.weight,-100,0,2359296,0
3300,blocks.3.mlp.fc.weight,-99,0,2359296,0
3300,blocks.3.mlp.fc.weight,-98,0,2359296,0
3300,blocks.3.mlp.fc.weight,-97,0,2359296,0
3300,blocks.3.mlp.fc.weight,-96,0,2359296,0
3300,blocks.3.mlp.fc.weight,-95,0,2359296,0
3300,blocks.3.mlp.fc.weight,-94,0,2359296,0
3300,blocks.3.mlp.fc.weight,-93,0,2359296,0
3300,blocks.3.mlp.fc.weight,-92,0,2359296,0
3300,blocks.3.mlp.fc.weight,-91,0,2359296,0
3300,blocks.3.mlp.fc.weight,-90,0,2359296,0
3300,blocks.3.mlp.fc.weight,-89,0,2359296,0
3300,blocks.3.mlp.fc.weight,-88,0,2359296,0
3300,blocks.3.mlp.fc.weight,-87,0,2359296,0
3300,blocks.3.mlp.fc.weight,-86,0,2359296,0
3300,blocks.3.mlp.fc.weight,-85,0,2359296,0
3300,blocks.3.mlp.fc.weight,-84,0,2359296,0
3300,blocks.3.mlp.fc.weight,-83,0,2359296,0
3300,blocks.3.mlp.fc.weight,-82,0,2359296,0
3300,blocks.3.mlp.fc.weight,-81,0,2359296,0
3300,blocks.3.mlp.fc.weight,-80,0,2359296,0
3300,blocks.3.mlp.fc.weight,-79,0,2359296,0
3300,blocks.3.mlp.fc.weight,-78,0,2359296,0
3300,blocks.3.mlp.fc.weight,-77,0,2359296,0
3300,blocks.3.mlp.fc.weight,-76,0,2359296,0
3300,blocks.3.mlp.fc.weight,-75,0,2359296,0
3300,blocks.3.mlp.fc.weight,-74,0,2359296,0
3300,blocks.3.mlp.fc.weight,-73,0,2359296,0
3300,blocks.3.mlp.fc.weight,-72,0,2359296,0
3300,blocks.3.mlp.fc.weight,-71,0,2359296,0
3300,blocks.3.mlp.fc.weight,-70,0,2359296,0
3300,blocks.3.mlp.fc.weight,-69,0,2359296,0
3300,blocks.3.mlp.fc.weight,-68,0,2359296,0
3300,blocks.3.mlp.fc.weight,-67,0,2359296,0
3300,blocks.3.mlp.fc.weight,-66,0,2359296,0
3300,blocks.3.mlp.fc.weight,-65,0,2359296,0
3300,blocks.3.mlp.fc.weight,-64,0,2359296,0
3300,blocks.3.mlp.fc.weight,-63,0,2359296,0
3300,blocks.3.mlp.fc.weight,-62,0,2359296,0
3300,blocks.3.mlp.fc.weight,-61,0,2359296,0
3300,blocks.3.mlp.fc.weight,-60,0,2359296,0
3300,blocks.3.mlp.fc.weight,-59,0,2359296,0
3300,blocks.3.mlp.fc.weight,-58,0,2359296,0
3300,blocks.3.mlp.fc.weight,-57,0,2359296,0
3300,blocks.3.mlp.fc.weight,-56,0,2359296,0
3300,blocks.3.mlp.fc.weight,-55,0,2359296,0
3300,blocks.3.mlp.fc.weight,-54,0,2359296,0
3300,blocks.3.mlp.fc.weight,-53,0,2359296,0
3300,blocks.3.mlp.fc.weight,-52,0,2359296,0
3300,blocks.3.mlp.fc.weight,-51,0,2359296,0
3300,blocks.3.mlp.fc.weight,-50,0,2359296,0
3300,blocks.3.mlp.fc.weight,-49,0,2359296,0
3300,blocks.3.mlp.fc.weight,-48,0,2359296,0
3300,blocks.3.mlp.fc.weight,-47,0,2359296,0
3300,blocks.3.mlp.fc.weight,-46,0,2359296,0
3300,blocks.3.mlp.fc.weight,-45,0,2359296,0
3300,blocks.3.mlp.fc.weight,-44,0,2359296,0
3300,blocks.3.mlp.fc.weight,-43,0,2359296,0
3300,blocks.3.mlp.fc.weight,-42,0,2359296,0
3300,blocks.3.mlp.fc.weight,-41,0,2359296,0
3300,blocks.3.mlp.fc.weight,-40,0,2359296,0
3300,blocks.3.mlp.fc.weight,-39,0,2359296,0
3300,blocks.3.mlp.fc.weight,-38,0,2359296,0
3300,blocks.3.mlp.fc.weight,-37,0,2359296,0
3300,blocks.3.mlp.fc.weight,-36,0,2359296,0
3300,blocks.3.mlp.fc.weight,-35,0,2359296,0
3300,blocks.3.mlp.fc.weight,-34,0,2359296,0
3300,blocks.3.mlp.fc.weight,-33,2,2359296,0
3300,blocks.3.mlp.fc.weight,-32,8,2359296,0
3300,blocks.3.mlp.fc.weight,-31,20,2359296,0
3300,blocks.3.mlp.fc.weight,-30,38,2359296,0
3300,blocks.3.mlp.fc.weight,-29,22,2359296,0
3300,blocks.3.mlp.fc.weight,-28,8,2359296,0
3300,blocks.3.mlp.fc.weight,-27,0,2359296,0
3300,blocks.3.mlp.fc.weight,-26,0,2359296,0
3300,blocks.3.mlp.fc.weight,-25,0,2359296,0
3300,blocks.3.mlp.fc.weight,-24,0,2359296,0
3300,blocks.3.mlp.fc.weight,-23,0,2359296,0
3300,blocks.3.mlp.fc.weight,-22,0,2359296,0
3300,blocks.3.mlp.fc.weight,-21,0,2359296,0
3300,blocks.3.mlp.fc.weight,-20,1,2359296,0
3300,blocks.3.mlp.fc.weight,-19,5,2359296,0
3300,blocks.3.mlp.fc.weight,-18,17,2359296,0
3300,blocks.3.mlp.fc.weight,-17,48,2359296,0
3300,blocks.3.mlp.fc.weight,-16,128,2359296,0
3300,blocks.3.mlp.fc.weight,-15,266,2359296,0
3300,blocks.3.mlp.fc.weight,-14,491,2359296,0
3300,blocks.3.mlp.fc.weight,-13,1088,2359296,0
3300,blocks.3.mlp.fc.weight,-12,2179,2359296,0
3300,blocks.3.mlp.fc.weight,-11,4409,2359296,0
3300,blocks.3.mlp.fc.weight,-10,8723,2359296,0
3300,blocks.3.mlp.fc.weight,-9,17667,2359296,0
3300,blocks.3.mlp.fc.weight,-8,34998,2359296,0
3300,blocks.3.mlp.fc.weight,-7,69396,2359296,0
3300,blocks.3.mlp.fc.weight,-6,137304,2359296,0
3300,blocks.3.mlp.fc.weight,-5,264784,2359296,0
3300,blocks.3.mlp.fc.weight,-4,477252,2359296,0
3300,blocks.3.mlp.fc.weight,-3,678310,2359296,0
3300,blocks.3.mlp.fc.weight,-2,500550,2359296,0
3300,blocks.3.mlp.fc.weight,-1,138383,2359296,0
3300,blocks.3.mlp.fc.weight,0,21089,2359296,0
3300,blocks.3.mlp.fc.weight,1,1977,2359296,0
3300,blocks.3.mlp.fc.weight,2,130,2359296,0
3300,blocks.3.mlp.fc.weight,3,3,2359296,0
3300,blocks.3.mlp.fc.weight,4,0,2359296,0
3300,blocks.3.mlp.fc.weight,5,0,2359296,0
3300,blocks.3.mlp.fc.weight,6,0,2359296,0
3300,blocks.3.mlp.fc.weight,7,0,2359296,0
3300,blocks.3.mlp.fc.weight,8,0,2359296,0
3300,blocks.3.mlp.fc.weight,9,0,2359296,0
3300,blocks.3.mlp.fc.weight,10,0,2359296,0
3300,blocks.3.mlp.fc.weight,11,0,2359296,0
3300,blocks.3.mlp.fc.weight,12,0,2359296,0
3300,blocks.3.mlp.fc.weight,13,0,2359296,0
3300,blocks.3.mlp.fc.weight,14,0,2359296,0
3300,blocks.3.mlp.fc.weight,15,0,2359296,0
3300,blocks.3.mlp.fc.weight,16,0,2359296,0
3300,blocks.3.mlp.fc.weight,17,0,2359296,0
3300,blocks.3.mlp.fc.weight,18,0,2359296,0
3300,blocks.3.mlp.fc.weight,19,0,2359296,0
3300,blocks.3.mlp.fc.weight,20,0,2359296,0
3300,blocks.3.mlp.fc.weight,21,0,2359296,0
3300,blocks.3.mlp.fc.weight,22,0,2359296,0
3300,blocks.3.mlp.fc.weight,23,0,2359296,0
3300,blocks.3.mlp.fc.weight,24,0,2359296,0
3300,blocks.3.mlp.fc.weight,25,0,2359296,0
3300,blocks.3.mlp.fc.weight,26,0,2359296,0
3300,blocks.3.mlp.fc.weight,27,0,2359296,0
3300,blocks.3.mlp.fc.weight,28,0,2359296,0
3300,blocks.3.mlp.fc.weight,29,0,2359296,0
3300,blocks.3.mlp.fc.weight,30,0,2359296,0
3300,blocks.3.mlp.fc.weight,31,0,2359296,0
3300,blocks.3.mlp.fc.weight,32,0,2359296,0
3300,blocks.3.mlp.fc.weight,33,0,2359296,0
3300,blocks.3.mlp.fc.weight,34,0,2359296,0
3300,blocks.3.mlp.fc.weight,35,0,2359296,0
3300,blocks.3.mlp.fc.weight,36,0,2359296,0
3300,blocks.3.mlp.fc.weight,37,0,2359296,0
3300,blocks.3.mlp.fc.weight,38,0,2359296,0
3300,blocks.3.mlp.fc.weight,39,0,2359296,0
3300,blocks.3.mlp.fc.weight,40,0,2359296,0
3300,blocks.3.mlp.fc.weight,41,0,2359296,0
3300,blocks.3.mlp.fc.weight,42,0,2359296,0
3300,blocks.3.mlp.fc.weight,43,0,2359296,0
3300,blocks.3.mlp.fc.weight,44,0,2359296,0
3300,blocks.3.mlp.fc.weight,45,0,2359296,0
3300,blocks.3.mlp.fc.weight,46,0,2359296,0
3300,blocks.3.mlp.fc.weight,47,0,2359296,0
3300,blocks.3.mlp.fc.weight,48,0,2359296,0
3300,blocks.3.mlp.fc.weight,49,0,2359296,0
3300,blocks.3.mlp.fc.weight,50,0,2359296,0
3300,blocks.3.mlp.fc.weight,51,0,2359296,0
3300,blocks.3.mlp.fc.weight,52,0,2359296,0
3300,blocks.3.mlp.fc.weight,53,0,2359296,0
3300,blocks.3.mlp.fc.weight,54,0,2359296,0
3300,blocks.3.mlp.fc.weight,55,0,2359296,0
3300,blocks.3.mlp.fc.weight,56,0,2359296,0
3300,blocks.3.mlp.fc.weight,57,0,2359296,0
3300,blocks.3.mlp.fc.weight,58,0,2359296,0
3300,blocks.3.mlp.fc.weight,59,0,2359296,0
3300,blocks.3.mlp.fc.weight,60,0,2359296,0
3300,blocks.3.mlp.fc.weight,61,0,2359296,0
3300,blocks.3.mlp.fc.weight,62,0,2359296,0
3300,blocks.3.mlp.fc.weight,63,0,2359296,0
3300,blocks.3.mlp.fc.weight,64,0,2359296,0
3300,blocks.3.mlp.fc.weight,65,0,2359296,0
3300,blocks.3.mlp.fc.weight,66,0,2359296,0
3300,blocks.3.mlp.fc.weight,67,0,2359296,0
3300,blocks.3.mlp.fc.weight,68,0,2359296,0
3300,blocks.3.mlp.fc.weight,69,0,2359296,0
3300,blocks.3.mlp.fc.weight,70,0,2359296,0
3300,blocks.3.mlp.fc.weight,71,0,2359296,0
3300,blocks.3.mlp.fc.weight,72,0,2359296,0
3300,blocks.3.mlp.fc.weight,73,0,2359296,0
3300,blocks.3.mlp.fc.weight,74,0,2359296,0
3300,blocks.3.mlp.fc.weight,75,0,2359296,0
3300,blocks.3.mlp.fc.weight,76,0,2359296,0
3300,blocks.3.mlp.fc.weight,77,0,2359296,0
3300,blocks.3.mlp.fc.weight,78,0,2359296,0
3300,blocks.3.mlp.fc.weight,79,0,2359296,0
3300,blocks.3.mlp.fc.weight,80,0,2359296,0
3300,blocks.3.mlp.fc.weight,81,0,2359296,0
3300,blocks.3.mlp.fc.weight,82,0,2359296,0
3300,blocks.3.mlp.fc.weight,83,0,2359296,0
3300,blocks.3.mlp.fc.weight,84,0,2359296,0
3300,blocks.3.mlp.fc.weight,85,0,2359296,0
3300,blocks.3.mlp.fc.weight,86,0,2359296,0
3300,blocks.3.mlp.fc.weight,87,0,2359296,0
3300,blocks.3.mlp.fc.weight,88,0,2359296,0
3300,blocks.3.mlp.fc.weight,89,0,2359296,0
3300,blocks.3.mlp.fc.weight,90,0,2359296,0
3300,blocks.3.mlp.fc.weight,91,0,2359296,0
3300,blocks.3.mlp.fc.weight,92,0,2359296,0
3300,blocks.3.mlp.fc.weight,93,0,2359296,0
3300,blocks.3.mlp.fc.weight,94,0,2359296,0
3300,blocks.3.mlp.fc.weight,95,0,2359296,0
3300,blocks.3.mlp.fc.weight,96,0,2359296,0
3300,blocks.3.mlp.fc.weight,97,0,2359296,0
3300,blocks.3.mlp.fc.weight,98,0,2359296,0
3300,blocks.3.mlp.fc.weight,99,0,2359296,0
3300,blocks.3.mlp.fc.weight,100,0,2359296,0
3300,blocks.3.mlp.fc.weight,101,0,2359296,0
3300,blocks.3.mlp.fc.weight,102,0,2359296,0
3300,blocks.3.mlp.fc.weight,103,0,2359296,0
3300,blocks.3.mlp.fc.weight,104,0,2359296,0
3300,blocks.3.mlp.fc.weight,105,0,2359296,0
3300,blocks.3.mlp.fc.weight,106,0,2359296,0
3300,blocks.3.mlp.fc.weight,107,0,2359296,0
3300,blocks.3.mlp.fc.weight,108,0,2359296,0
3300,blocks.3.mlp.fc.weight,109,0,2359296,0
3300,blocks.3.mlp.fc.weight,110,0,2359296,0
3300,blocks.3.mlp.fc.weight,111,0,2359296,0
3300,blocks.3.mlp.fc.weight,112,0,2359296,0
3300,blocks.3.mlp.fc.weight,113,0,2359296,0
3300,blocks.3.mlp.fc.weight,114,0,2359296,0
3300,blocks.3.mlp.fc.weight,115,0,2359296,0
3300,blocks.3.mlp.fc.weight,116,0,2359296,0
3300,blocks.3.mlp.fc.weight,117,0,2359296,0
3300,blocks.3.mlp.fc.weight,118,0,2359296,0
3300,blocks.3.mlp.fc.weight,119,0,2359296,0
3300,blocks.3.mlp.fc.weight,120,0,2359296,0
3300,blocks.3.mlp.fc.weight,121,0,2359296,0
3300,blocks.3.mlp.fc.weight,122,0,2359296,0
3300,blocks.3.mlp.fc.weight,123,0,2359296,0
3300,blocks.3.mlp.fc.weight,124,0,2359296,0
3300,blocks.3.mlp.fc.weight,125,0,2359296,0
3300,blocks.3.mlp.fc.weight,126,0,2359296,0
3300,blocks.3.mlp.fc.weight,127,0,2359296,0
3300,blocks.3.mlp.fc.weight,128,0,2359296,0
3300,blocks.3.mlp.proj.weight,-127,0,2359296,0
3300,blocks.3.mlp.proj.weight,-126,0,2359296,0
3300,blocks.3.mlp.proj.weight,-125,0,2359296,0
3300,blocks.3.mlp.proj.weight,-124,0,2359296,0
3300,blocks.3.mlp.proj.weight,-123,0,2359296,0
3300,blocks.3.mlp.proj.weight,-122,0,2359296,0
3300,blocks.3.mlp.proj.weight,-121,0,2359296,0
3300,blocks.3.mlp.proj.weight,-120,0,2359296,0
3300,blocks.3.mlp.proj.weight,-119,0,2359296,0
3300,blocks.3.mlp.proj.weight,-118,0,2359296,0
3300,blocks.3.mlp.proj.weight,-117,0,2359296,0
3300,blocks.3.mlp.proj.weight,-116,0,2359296,0
3300,blocks.3.mlp.proj.weight,-115,0,2359296,0
3300,blocks.3.mlp.proj.weight,-114,0,2359296,0
3300,blocks.3.mlp.proj.weight,-113,0,2359296,0
3300,blocks.3.mlp.proj.weight,-112,0,2359296,0
3300,blocks.3.mlp.proj.weight,-111,0,2359296,0
3300,blocks.3.mlp.proj.weight,-110,0,2359296,0
3300,blocks.3.mlp.proj.weight,-109,0,2359296,0
3300,blocks.3.mlp.proj.weight,-108,0,2359296,0
3300,blocks.3.mlp.proj.weight,-107,0,2359296,0
3300,blocks.3.mlp.proj.weight,-106,0,2359296,0
3300,blocks.3.mlp.proj.weight,-105,0,2359296,0
3300,blocks.3.mlp.proj.weight,-104,0,2359296,0
3300,blocks.3.mlp.proj.weight,-103,0,2359296,0
3300,blocks.3.mlp.proj.weight,-102,0,2359296,0
3300,blocks.3.mlp.proj.weight,-101,0,2359296,0
3300,blocks.3.mlp.proj.weight,-100,0,2359296,0
3300,blocks.3.mlp.proj.weight,-99,0,2359296,0
3300,blocks.3.mlp.proj.weight,-98,0,2359296,0
3300,blocks.3.mlp.proj.weight,-97,0,2359296,0
3300,blocks.3.mlp.proj.weight,-96,0,2359296,0
3300,blocks.3.mlp.proj.weight,-95,0,2359296,0
3300,blocks.3.mlp.proj.weight,-94,0,2359296,0
3300,blocks.3.mlp.proj.weight,-93,0,2359296,0
3300,blocks.3.mlp.proj.weight,-92,0,2359296,0
3300,blocks.3.mlp.proj.weight,-91,0,2359296,0
3300,blocks.3.mlp.proj.weight,-90,0,2359296,0
3300,blocks.3.mlp.proj.weight,-89,0,2359296,0
3300,blocks.3.mlp.proj.weight,-88,0,2359296,0
3300,blocks.3.mlp.proj.weight,-87,0,2359296,0
3300,blocks.3.mlp.proj.weight,-86,0,2359296,0
3300,blocks.3.mlp.proj.weight,-85,0,2359296,0
3300,blocks.3.mlp.proj.weight,-84,0,2359296,0
3300,blocks.3.mlp.proj.weight,-83,0,2359296,0
3300,blocks.3.mlp.proj.weight,-82,0,2359296,0
3300,blocks.3.mlp.proj.weight,-81,0,2359296,0
3300,blocks.3.mlp.proj.weight,-80,0,2359296,0
3300,blocks.3.mlp.proj.weight,-79,0,2359296,0
3300,blocks.3.mlp.proj.weight,-78,0,2359296,0
3300,blocks.3.mlp.proj.weight,-77,0,2359296,0
3300,blocks.3.mlp.proj.weight,-76,0,2359296,0
3300,blocks.3.mlp.proj.weight,-75,0,2359296,0
3300,blocks.3.mlp.proj.weight,-74,0,2359296,0
3300,blocks.3.mlp.proj.weight,-73,0,2359296,0
3300,blocks.3.mlp.proj.weight,-72,0,2359296,0
3300,blocks.3.mlp.proj.weight,-71,0,2359296,0
3300,blocks.3.mlp.proj.weight,-70,0,2359296,0
3300,blocks.3.mlp.proj.weight,-69,0,2359296,0
3300,blocks.3.mlp.proj.weight,-68,0,2359296,0
3300,blocks.3.mlp.proj.weight,-67,0,2359296,0
3300,blocks.3.mlp.proj.weight,-66,0,2359296,0
3300,blocks.3.mlp.proj.weight,-65,0,2359296,0
3300,blocks.3.mlp.proj.weight,-64,0,2359296,0
3300,blocks.3.mlp.proj.weight,-63,0,2359296,0
3300,blocks.3.mlp.proj.weight,-62,0,2359296,0
3300,blocks.3.mlp.proj.weight,-61,0,2359296,0
3300,blocks.3.mlp.proj.weight,-60,0,2359296,0
3300,blocks.3.mlp.proj.weight,-59,0,2359296,0
3300,blocks.3.mlp.proj.weight,-58,0,2359296,0
3300,blocks.3.mlp.proj.weight,-57,0,2359296,0
3300,blocks.3.mlp.proj.weight,-56,0,2359296,0
3300,blocks.3.mlp.proj.weight,-55,0,2359296,0
3300,blocks.3.mlp.proj.weight,-54,0,2359296,0
3300,blocks.3.mlp.proj.weight,-53,0,2359296,0
3300,blocks.3.mlp.proj.weight,-52,0,2359296,0
3300,blocks.3.mlp.proj.weight,-51,0,2359296,0
3300,blocks.3.mlp.proj.weight,-50,0,2359296,0
3300,blocks.3.mlp.proj.weight,-49,0,2359296,0
3300,blocks.3.mlp.proj.weight,-48,0,2359296,0
3300,blocks.3.mlp.proj.weight,-47,0,2359296,0
3300,blocks.3.mlp.proj.weight,-46,0,2359296,0
3300,blocks.3.mlp.proj.weight,-45,0,2359296,0
3300,blocks.3.mlp.proj.weight,-44,0,2359296,0
3300,blocks.3.mlp.proj.weight,-43,0,2359296,0
3300,blocks.3.mlp.proj.weight,-42,0,2359296,0
3300,blocks.3.mlp.proj.weight,-41,0,2359296,0
3300,blocks.3.mlp.proj.weight,-40,0,2359296,0
3300,blocks.3.mlp.proj.weight,-39,0,2359296,0
3300,blocks.3.mlp.proj.weight,-38,0,2359296,0
3300,blocks.3.mlp.proj.weight,-37,0,2359296,0
3300,blocks.3.mlp.proj.weight,-36,0,2359296,0
3300,blocks.3.mlp.proj.weight,-35,0,2359296,0
3300,blocks.3.mlp.proj.weight,-34,1,2359296,0
3300,blocks.3.mlp.proj.weight,-33,0,2359296,0
3300,blocks.3.mlp.proj.weight,-32,3,2359296,0
3300,blocks.3.mlp.proj.weight,-31,3,2359296,0
3300,blocks.3.mlp.proj.weight,-30,20,2359296,0
3300,blocks.3.mlp.proj.weight,-29,24,2359296,0
3300,blocks.3.mlp.proj.weight,-28,10,2359296,0
3300,blocks.3.mlp.proj.weight,-27,0,2359296,0
3300,blocks.3.mlp.proj.weight,-26,0,2359296,0
3300,blocks.3.mlp.proj.weight,-25,1,2359296,0
3300,blocks.3.mlp.proj.weight,-24,0,2359296,0
3300,blocks.3.mlp.proj.weight,-23,0,2359296,0
3300,blocks.3.mlp.proj.weight,-22,0,2359296,0
3300,blocks.3.mlp.proj.weight,-21,0,2359296,0
3300,blocks.3.mlp.proj.weight,-20,0,2359296,0
3300,blocks.3.mlp.proj.weight,-19,0,2359296,0
3300,blocks.3.mlp.proj.weight,-18,6,2359296,0
3300,blocks.3.mlp.proj.weight,-17,21,2359296,0
3300,blocks.3.mlp.proj.weight,-16,79,2359296,0
3300,blocks.3.mlp.proj.weight,-15,154,2359296,0
3300,blocks.3.mlp.proj.weight,-14,303,2359296,0
3300,blocks.3.mlp.proj.weight,-13,707,2359296,0
3300,blocks.3.mlp.proj.weight,-12,1448,2359296,0
3300,blocks.3.mlp.proj.weight,-11,2892,2359296,0
3300,blocks.3.mlp.proj.weight,-10,5541,2359296,0
3300,blocks.3.mlp.proj.weight,-9,10939,2359296,0
3300,blocks.3.mlp.proj.weight,-8,22086,2359296,0
3300,blocks.3.mlp.proj.weight,-7,44565,2359296,0
3300,blocks.3.mlp.proj.weight,-6,87671,2359296,0
3300,blocks.3.mlp.proj.weight,-5,174187,2359296,0
3300,blocks.3.mlp.proj.weight,-4,334118,2359296,0
3300,blocks.3.mlp.proj.weight,-3,582725,2359296,0
3300,blocks.3.mlp.proj.weight,-2,719512,2359296,0
3300,blocks.3.mlp.proj.weight,-1,337315,2359296,0
3300,blocks.3.mlp.proj.weight,0,31126,2359296,0
3300,blocks.3.mlp.proj.weight,1,2435,2359296,0
3300,blocks.3.mlp.proj.weight,2,668,2359296,0
3300,blocks.3.mlp.proj.weight,3,444,2359296,0
3300,blocks.3.mlp.proj.weight,4,247,2359296,0
3300,blocks.3.mlp.proj.weight,5,45,2359296,0
3300,blocks.3.mlp.proj.weight,6,0,2359296,0
3300,blocks.3.mlp.proj.weight,7,0,2359296,0
3300,blocks.3.mlp.proj.weight,8,0,2359296,0
3300,blocks.3.mlp.proj.weight,9,0,2359296,0
3300,blocks.3.mlp.proj.weight,10,0,2359296,0
3300,blocks.3.mlp.proj.weight,11,0,2359296,0
3300,blocks.3.mlp.proj.weight,12,0,2359296,0
3300,blocks.3.mlp.proj.weight,13,0,2359296,0
3300,blocks.3.mlp.proj.weight,14,0,2359296,0
3300,blocks.3.mlp.proj.weight,15,0,2359296,0
3300,blocks.3.mlp.proj.weight,16,0,2359296,0
3300,blocks.3.mlp.proj.weight,17,0,2359296,0
3300,blocks.3.mlp.proj.weight,18,0,2359296,0
3300,blocks.3.mlp.proj.weight,19,0,2359296,0
3300,blocks.3.mlp.proj.weight,20,0,2359296,0
3300,blocks.3.mlp.proj.weight,21,0,2359296,0
3300,blocks.3.mlp.proj.weight,22,0,2359296,0
3300,blocks.3.mlp.proj.weight,23,0,2359296,0
3300,blocks.3.mlp.proj.weight,24,0,2359296,0
3300,blocks.3.mlp.proj.weight,25,0,2359296,0
3300,blocks.3.mlp.proj.weight,26,0,2359296,0
3300,blocks.3.mlp.proj.weight,27,0,2359296,0
3300,blocks.3.mlp.proj.weight,28,0,2359296,0
3300,blocks.3.mlp.proj.weight,29,0,2359296,0
3300,blocks.3.mlp.proj.weight,30,0,2359296,0
3300,blocks.3.mlp.proj.weight,31,0,2359296,0
3300,blocks.3.mlp.proj.weight,32,0,2359296,0
3300,blocks.3.mlp.proj.weight,33,0,2359296,0
3300,blocks.3.mlp.proj.weight,34,0,2359296,0
3300,blocks.3.mlp.proj.weight,35,0,2359296,0
3300,blocks.3.mlp.proj.weight,36,0,2359296,0
3300,blocks.3.mlp.proj.weight,37,0,2359296,0
3300,blocks.3.mlp.proj.weight,38,0,2359296,0
3300,blocks.3.mlp.proj.weight,39,0,2359296,0
3300,blocks.3.mlp.proj.weight,40,0,2359296,0
3300,blocks.3.mlp.proj.weight,41,0,2359296,0
3300,blocks.3.mlp.proj.weight,42,0,2359296,0
3300,blocks.3.mlp.proj.weight,43,0,2359296,0
3300,blocks.3.mlp.proj.weight,44,0,2359296,0
3300,blocks.3.mlp.proj.weight,45,0,2359296,0
3300,blocks.3.mlp.proj.weight,46,0,2359296,0
3300,blocks.3.mlp.proj.weight,47,0,2359296,0
3300,blocks.3.mlp.proj.weight,48,0,2359296,0
3300,blocks.3.mlp.proj.weight,49,0,2359296,0
3300,blocks.3.mlp.proj.weight,50,0,2359296,0
3300,blocks.3.mlp.proj.weight,51,0,2359296,0
3300,blocks.3.mlp.proj.weight,52,0,2359296,0
3300,blocks.3.mlp.proj.weight,53,0,2359296,0
3300,blocks.3.mlp.proj.weight,54,0,2359296,0
3300,blocks.3.mlp.proj.weight,55,0,2359296,0
3300,blocks.3.mlp.proj.weight,56,0,2359296,0
3300,blocks.3.mlp.proj.weight,57,0,2359296,0
3300,blocks.3.mlp.proj.weight,58,0,2359296,0
3300,blocks.3.mlp.proj.weight,59,0,2359296,0
3300,blocks.3.mlp.proj.weight,60,0,2359296,0
3300,blocks.3.mlp.proj.weight,61,0,2359296,0
3300,blocks.3.mlp.proj.weight,62,0,2359296,0
3300,blocks.3.mlp.proj.weight,63,0,2359296,0
3300,blocks.3.mlp.proj.weight,64,0,2359296,0
3300,blocks.3.mlp.proj.weight,65,0,2359296,0
3300,blocks.3.mlp.proj.weight,66,0,2359296,0
3300,blocks.3.mlp.proj.weight,67,0,2359296,0
3300,blocks.3.mlp.proj.weight,68,0,2359296,0
3300,blocks.3.mlp.proj.weight,69,0,2359296,0
3300,blocks.3.mlp.proj.weight,70,0,2359296,0
3300,blocks.3.mlp.proj.weight,71,0,2359296,0
3300,blocks.3.mlp.proj.weight,72,0,2359296,0
3300,blocks.3.mlp.proj.weight,73,0,2359296,0
3300,blocks.3.mlp.proj.weight,74,0,2359296,0
3300,blocks.3.mlp.proj.weight,75,0,2359296,0
3300,blocks.3.mlp.proj.weight,76,0,2359296,0
3300,blocks.3.mlp.proj.weight,77,0,2359296,0
3300,blocks.3.mlp.proj.weight,78,0,2359296,0
3300,blocks.3.mlp.proj.weight,79,0,2359296,0
3300,blocks.3.mlp.proj.weight,80,0,2359296,0
3300,blocks.3.mlp.proj.weight,81,0,2359296,0
3300,blocks.3.mlp.proj.weight,82,0,2359296,0
3300,blocks.3.mlp.proj.weight,83,0,2359296,0
3300,blocks.3.mlp.proj.weight,84,0,2359296,0
3300,blocks.3.mlp.proj.weight,85,0,2359296,0
3300,blocks.3.mlp.proj.weight,86,0,2359296,0
3300,blocks.3.mlp.proj.weight,87,0,2359296,0
3300,blocks.3.mlp.proj.weight,88,0,2359296,0
3300,blocks.3.mlp.proj.weight,89,0,2359296,0
3300,blocks.3.mlp.proj.weight,90,0,2359296,0
3300,blocks.3.mlp.proj.weight,91,0,2359296,0
3300,blocks.3.mlp.proj.weight,92,0,2359296,0
3300,blocks.3.mlp.proj.weight,93,0,2359296,0
3300,blocks.3.mlp.proj.weight,94,0,2359296,0
3300,blocks.3.mlp.proj.weight,95,0,2359296,0
3300,blocks.3.mlp.proj.weight,96,0,2359296,0
3300,blocks.3.mlp.proj.weight,97,0,2359296,0
3300,blocks.3.mlp.proj.weight,98,0,2359296,0
3300,blocks.3.mlp.proj.weight,99,0,2359296,0
3300,blocks.3.mlp.proj.weight,100,0,2359296,0
3300,blocks.3.mlp.proj.weight,101,0,2359296,0
3300,blocks.3.mlp.proj.weight,102,0,2359296,0
3300,blocks.3.mlp.proj.weight,103,0,2359296,0
3300,blocks.3.mlp.proj.weight,104,0,2359296,0
3300,blocks.3.mlp.proj.weight,105,0,2359296,0
3300,blocks.3.mlp.proj.weight,106,0,2359296,0
3300,blocks.3.mlp.proj.weight,107,0,2359296,0
3300,blocks.3.mlp.proj.weight,108,0,2359296,0
3300,blocks.3.mlp.proj.weight,109,0,2359296,0
3300,blocks.3.mlp.proj.weight,110,0,2359296,0
3300,blocks.3.mlp.proj.weight,111,0,2359296,0
3300,blocks.3.mlp.proj.weight,112,0,2359296,0
3300,blocks.3.mlp.proj.weight,113,0,2359296,0
3300,blocks.3.mlp.proj.weight,114,0,2359296,0
3300,blocks.3.mlp.proj.weight,115,0,2359296,0
3300,blocks.3.mlp.proj.weight,116,0,2359296,0
3300,blocks.3.mlp.proj.weight,117,0,2359296,0
3300,blocks.3.mlp.proj.weight,118,0,2359296,0
3300,blocks.3.mlp.proj.weight,119,0,2359296,0
3300,blocks.3.mlp.proj.weight,120,0,2359296,0
3300,blocks.3.mlp.proj.weight,121,0,2359296,0
3300,blocks.3.mlp.proj.weight,122,0,2359296,0
3300,blocks.3.mlp.proj.weight,123,0,2359296,0
3300,blocks.3.mlp.proj.weight,124,0,2359296,0
3300,blocks.3.mlp.proj.weight,125,0,2359296,0
3300,blocks.3.mlp.proj.weight,126,0,2359296,0
3300,blocks.3.mlp.proj.weight,127,0,2359296,0
3300,blocks.3.mlp.proj.weight,128,0,2359296,0
3300,blocks.4.mlp.fc.weight,-127,0,2359296,0
3300,blocks.4.mlp.fc.weight,-126,0,2359296,0
3300,blocks.4.mlp.fc.weight,-125,0,2359296,0
3300,blocks.4.mlp.fc.weight,-124,0,2359296,0
3300,blocks.4.mlp.fc.weight,-123,0,2359296,0
3300,blocks.4.mlp.fc.weight,-122,0,2359296,0
3300,blocks.4.mlp.fc.weight,-121,0,2359296,0
3300,blocks.4.mlp.fc.weight,-120,0,2359296,0
3300,blocks.4.mlp.fc.weight,-119,0,2359296,0
3300,blocks.4.mlp.fc.weight,-118,0,2359296,0
3300,blocks.4.mlp.fc.weight,-117,0,2359296,0
3300,blocks.4.mlp.fc.weight,-116,0,2359296,0
3300,blocks.4.mlp.fc.weight,-115,0,2359296,0
3300,blocks.4.mlp.fc.weight,-114,0,2359296,0
3300,blocks.4.mlp.fc.weight,-113,0,2359296,0
3300,blocks.4.mlp.fc.weight,-112,0,2359296,0
3300,blocks.4.mlp.fc.weight,-111,0,2359296,0
3300,blocks.4.mlp.fc.weight,-110,0,2359296,0
3300,blocks.4.mlp.fc.weight,-109,0,2359296,0
3300,blocks.4.mlp.fc.weight,-108,0,2359296,0
3300,blocks.4.mlp.fc.weight,-107,0,2359296,0
3300,blocks.4.mlp.fc.weight,-106,0,2359296,0
3300,blocks.4.mlp.fc.weight,-105,0,2359296,0
3300,blocks.4.mlp.fc.weight,-104,0,2359296,0
3300,blocks.4.mlp.fc.weight,-103,0,2359296,0
3300,blocks.4.mlp.fc.weight,-102,0,2359296,0
3300,blocks.4.mlp.fc.weight,-101,0,2359296,0
3300,blocks.4.mlp.fc.weight,-100,0,2359296,0
3300,blocks.4.mlp.fc.weight,-99,0,2359296,0
3300,blocks.4.mlp.fc.weight,-98,0,2359296,0
3300,blocks.4.mlp.fc.weight,-97,0,2359296,0
3300,blocks.4.mlp.fc.weight,-96,0,2359296,0
3300,blocks.4.mlp.fc.weight,-95,0,2359296,0
3300,blocks.4.mlp.fc.weight,-94,0,2359296,0
3300,blocks.4.mlp.fc.weight,-93,0,2359296,0
3300,blocks.4.mlp.fc.weight,-92,0,2359296,0
3300,blocks.4.mlp.fc.weight,-91,0,2359296,0
3300,blocks.4.mlp.fc.weight,-90,0,2359296,0
3300,blocks.4.mlp.fc.weight,-89,0,2359296,0
3300,blocks.4.mlp.fc.weight,-88,0,2359296,0
3300,blocks.4.mlp.fc.weight,-87,0,2359296,0
3300,blocks.4.mlp.fc.weight,-86,0,2359296,0
3300,blocks.4.mlp.fc.weight,-85,0,2359296,0
3300,blocks.4.mlp.fc.weight,-84,0,2359296,0
3300,blocks.4.mlp.fc.weight,-83,0,2359296,0
3300,blocks.4.mlp.fc.weight,-82,0,2359296,0
3300,blocks.4.mlp.fc.weight,-81,0,2359296,0
3300,blocks.4.mlp.fc.weight,-80,0,2359296,0
3300,blocks.4.mlp.fc.weight,-79,0,2359296,0
3300,blocks.4.mlp.fc.weight,-78,0,2359296,0
3300,blocks.4.mlp.fc.weight,-77,0,2359296,0
3300,blocks.4.mlp.fc.weight,-76,0,2359296,0
3300,blocks.4.mlp.fc.weight,-75,0,2359296,0
3300,blocks.4.mlp.fc.weight,-74,0,2359296,0
3300,blocks.4.mlp.fc.weight,-73,0,2359296,0
3300,blocks.4.mlp.fc.weight,-72,0,2359296,0
3300,blocks.4.mlp.fc.weight,-71,0,2359296,0
3300,blocks.4.mlp.fc.weight,-70,0,2359296,0
3300,blocks.4.mlp.fc.weight,-69,0,2359296,0
3300,blocks.4.mlp.fc.weight,-68,0,2359296,0
3300,blocks.4.mlp.fc.weight,-67,0,2359296,0
3300,blocks.4.mlp.fc.weight,-66,0,2359296,0
3300,blocks.4.mlp.fc.weight,-65,0,2359296,0
3300,blocks.4.mlp.fc.weight,-64,0,2359296,0
3300,blocks.4.mlp.fc.weight,-63,0,2359296,0
3300,blocks.4.mlp.fc.weight,-62,0,2359296,0
3300,blocks.4.mlp.fc.weight,-61,0,2359296,0
3300,blocks.4.mlp.fc.weight,-60,0,2359296,0
3300,blocks.4.mlp.fc.weight,-59,0,2359296,0
3300,blocks.4.mlp.fc.weight,-58,0,2359296,0
3300,blocks.4.mlp.fc.weight,-57,0,2359296,0
3300,blocks.4.mlp.fc.weight,-56,0,2359296,0
3300,blocks.4.mlp.fc.weight,-55,0,2359296,0
3300,blocks.4.mlp.fc.weight,-54,0,2359296,0
3300,blocks.4.mlp.fc.weight,-53,0,2359296,0
3300,blocks.4.mlp.fc.weight,-52,0,2359296,0
3300,blocks.4.mlp.fc.weight,-51,0,2359296,0
3300,blocks.4.mlp.fc.weight,-50,0,2359296,0
3300,blocks.4.mlp.fc.weight,-49,0,2359296,0
3300,blocks.4.mlp.fc.weight,-48,0,2359296,0
3300,blocks.4.mlp.fc.weight,-47,0,2359296,0
3300,blocks.4.mlp.fc.weight,-46,0,2359296,0
3300,blocks.4.mlp.fc.weight,-45,0,2359296,0
3300,blocks.4.mlp.fc.weight,-44,0,2359296,0
3300,blocks.4.mlp.fc.weight,-43,0,2359296,0
3300,blocks.4.mlp.fc.weight,-42,0,2359296,0
3300,blocks.4.mlp.fc.weight,-41,0,2359296,0
3300,blocks.4.mlp.fc.weight,-40,0,2359296,0
3300,blocks.4.mlp.fc.weight,-39,0,2359296,0
3300,blocks.4.mlp.fc.weight,-38,0,2359296,0
3300,blocks.4.mlp.fc.weight,-37,0,2359296,0
3300,blocks.4.mlp.fc.weight,-36,0,2359296,0
3300,blocks.4.mlp.fc.weight,-35,0,2359296,0
3300,blocks.4.mlp.fc.weight,-34,0,2359296,0
3300,blocks.4.mlp.fc.weight,-33,2,2359296,0
3300,blocks.4.mlp.fc.weight,-32,1,2359296,0
3300,blocks.4.mlp.fc.weight,-31,12,2359296,0
3300,blocks.4.mlp.fc.weight,-30,27,2359296,0
3300,blocks.4.mlp.fc.weight,-29,21,2359296,0
3300,blocks.4.mlp.fc.weight,-28,4,2359296,0
3300,blocks.4.mlp.fc.weight,-27,1,2359296,0
3300,blocks.4.mlp.fc.weight,-26,0,2359296,0
3300,blocks.4.mlp.fc.weight,-25,0,2359296,0
3300,blocks.4.mlp.fc.weight,-24,0,2359296,0
3300,blocks.4.mlp.fc.weight,-23,0,2359296,0
3300,blocks.4.mlp.fc.weight,-22,0,2359296,0
3300,blocks.4.mlp.fc.weight,-21,1,2359296,0
3300,blocks.4.mlp.fc.weight,-20,2,2359296,0
3300,blocks.4.mlp.fc.weight,-19,6,2359296,0
3300,blocks.4.mlp.fc.weight,-18,19,2359296,0
3300,blocks.4.mlp.fc.weight,-17,54,2359296,0
3300,blocks.4.mlp.fc.weight,-16,120,2359296,0
3300,blocks.4.mlp.fc.weight,-15,265,2359296,0
3300,blocks.4.mlp.fc.weight,-14,538,2359296,0
3300,blocks.4.mlp.fc.weight,-13,1091,2359296,0
3300,blocks.4.mlp.fc.weight,-12,2204,2359296,0
3300,blocks.4.mlp.fc.weight,-11,4538,2359296,0
3300,blocks.4.mlp.fc.weight,-10,9032,2359296,0
3300,blocks.4.mlp.fc.weight,-9,18119,2359296,0
3300,blocks.4.mlp.fc.weight,-8,35590,2359296,0
3300,blocks.4.mlp.fc.weight,-7,70531,2359296,0
3300,blocks.4.mlp.fc.weight,-6,138473,2359296,0
3300,blocks.4.mlp.fc.weight,-5,266802,2359296,0
3300,blocks.4.mlp.fc.weight,-4,481843,2359296,0
3300,blocks.4.mlp.fc.weight,-3,683917,2359296,0
3300,blocks.4.mlp.fc.weight,-2,500070,2359296,0
3300,blocks.4.mlp.fc.weight,-1,127655,2359296,0
3300,blocks.4.mlp.fc.weight,0,17113,2359296,0
3300,blocks.4.mlp.fc.weight,1,1214,2359296,0
3300,blocks.4.mlp.fc.weight,2,31,2359296,0
3300,blocks.4.mlp.fc.weight,3,0,2359296,0
3300,blocks.4.mlp.fc.weight,4,0,2359296,0
3300,blocks.4.mlp.fc.weight,5,0,2359296,0
3300,blocks.4.mlp.fc.weight,6,0,2359296,0
3300,blocks.4.mlp.fc.weight,7,0,2359296,0
3300,blocks.4.mlp.fc.weight,8,0,2359296,0
3300,blocks.4.mlp.fc.weight,9,0,2359296,0
3300,blocks.4.mlp.fc.weight,10,0,2359296,0
3300,blocks.4.mlp.fc.weight,11,0,2359296,0
3300,blocks.4.mlp.fc.weight,12,0,2359296,0
3300,blocks.4.mlp.fc.weight,13,0,2359296,0
3300,blocks.4.mlp.fc.weight,14,0,2359296,0
3300,blocks.4.mlp.fc.weight,15,0,2359296,0
3300,blocks.4.mlp.fc.weight,16,0,2359296,0
3300,blocks.4.mlp.fc.weight,17,0,2359296,0
3300,blocks.4.mlp.fc.weight,18,0,2359296,0
3300,blocks.4.mlp.fc.weight,19,0,2359296,0
3300,blocks.4.mlp.fc.weight,20,0,2359296,0
3300,blocks.4.mlp.fc.weight,21,0,2359296,0
3300,blocks.4.mlp.fc.weight,22,0,2359296,0
3300,blocks.4.mlp.fc.weight,23,0,2359296,0
3300,blocks.4.mlp.fc.weight,24,0,2359296,0
3300,blocks.4.mlp.fc.weight,25,0,2359296,0
3300,blocks.4.mlp.fc.weight,26,0,2359296,0
3300,blocks.4.mlp.fc.weight,27,0,2359296,0
3300,blocks.4.mlp.fc.weight,28,0,2359296,0
3300,blocks.4.mlp.fc.weight,29,0,2359296,0
3300,blocks.4.mlp.fc.weight,30,0,2359296,0
3300,blocks.4.mlp.fc.weight,31,0,2359296,0
3300,blocks.4.mlp.fc.weight,32,0,2359296,0
3300,blocks.4.mlp.fc.weight,33,0,2359296,0
3300,blocks.4.mlp.fc.weight,34,0,2359296,0
3300,blocks.4.mlp.fc.weight,35,0,2359296,0
3300,blocks.4.mlp.fc.weight,36,0,2359296,0
3300,blocks.4.mlp.fc.weight,37,0,2359296,0
3300,blocks.4.mlp.fc.weight,38,0,2359296,0
3300,blocks.4.mlp.fc.weight,39,0,2359296,0
3300,blocks.4.mlp.fc.weight,40,0,2359296,0
3300,blocks.4.mlp.fc.weight,41,0,2359296,0
3300,blocks.4.mlp.fc.weight,42,0,2359296,0
3300,blocks.4.mlp.fc.weight,43,0,2359296,0
3300,blocks.4.mlp.fc.weight,44,0,2359296,0
3300,blocks.4.mlp.fc.weight,45,0,2359296,0
3300,blocks.4.mlp.fc.weight,46,0,2359296,0
3300,blocks.4.mlp.fc.weight,47,0,2359296,0
3300,blocks.4.mlp.fc.weight,48,0,2359296,0
3300,blocks.4.mlp.fc.weight,49,0,2359296,0
3300,blocks.4.mlp.fc.weight,50,0,2359296,0
3300,blocks.4.mlp.fc.weight,51,0,2359296,0
3300,blocks.4.mlp.fc.weight,52,0,2359296,0
3300,blocks.4.mlp.fc.weight,53,0,2359296,0
3300,blocks.4.mlp.fc.weight,54,0,2359296,0
3300,blocks.4.mlp.fc.weight,55,0,2359296,0
3300,blocks.4.mlp.fc.weight,56,0,2359296,0
3300,blocks.4.mlp.fc.weight,57,0,2359296,0
3300,blocks.4.mlp.fc.weight,58,0,2359296,0
3300,blocks.4.mlp.fc.weight,59,0,2359296,0
3300,blocks.4.mlp.fc.weight,60,0,2359296,0
3300,blocks.4.mlp.fc.weight,61,0,2359296,0
3300,blocks.4.mlp.fc.weight,62,0,2359296,0
3300,blocks.4.mlp.fc.weight,63,0,2359296,0
3300,blocks.4.mlp.fc.weight,64,0,2359296,0
3300,blocks.4.mlp.fc.weight,65,0,2359296,0
3300,blocks.4.mlp.fc.weight,66,0,2359296,0
3300,blocks.4.mlp.fc.weight,67,0,2359296,0
3300,blocks.4.mlp.fc.weight,68,0,2359296,0
3300,blocks.4.mlp.fc.weight,69,0,2359296,0
3300,blocks.4.mlp.fc.weight,70,0,2359296,0
3300,blocks.4.mlp.fc.weight,71,0,2359296,0
3300,blocks.4.mlp.fc.weight,72,0,2359296,0
3300,blocks.4.mlp.fc.weight,73,0,2359296,0
3300,blocks.4.mlp.fc.weight,74,0,2359296,0
3300,blocks.4.mlp.fc.weight,75,0,2359296,0
3300,blocks.4.mlp.fc.weight,76,0,2359296,0
3300,blocks.4.mlp.fc.weight,77,0,2359296,0
3300,blocks.4.mlp.fc.weight,78,0,2359296,0
3300,blocks.4.mlp.fc.weight,79,0,2359296,0
3300,blocks.4.mlp.fc.weight,80,0,2359296,0
3300,blocks.4.mlp.fc.weight,81,0,2359296,0
3300,blocks.4.mlp.fc.weight,82,0,2359296,0
3300,blocks.4.mlp.fc.weight,83,0,2359296,0
3300,blocks.4.mlp.fc.weight,84,0,2359296,0
3300,blocks.4.mlp.fc.weight,85,0,2359296,0
3300,blocks.4.mlp.fc.weight,86,0,2359296,0
3300,blocks.4.mlp.fc.weight,87,0,2359296,0
3300,blocks.4.mlp.fc.weight,88,0,2359296,0
3300,blocks.4.mlp.fc.weight,89,0,2359296,0
3300,blocks.4.mlp.fc.weight,90,0,2359296,0
3300,blocks.4.mlp.fc.weight,91,0,2359296,0
3300,blocks.4.mlp.fc.weight,92,0,2359296,0
3300,blocks.4.mlp.fc.weight,93,0,2359296,0
3300,blocks.4.mlp.fc.weight,94,0,2359296,0
3300,blocks.4.mlp.fc.weight,95,0,2359296,0
3300,blocks.4.mlp.fc.weight,96,0,2359296,0
3300,blocks.4.mlp.fc.weight,97,0,2359296,0
3300,blocks.4.mlp.fc.weight,98,0,2359296,0
3300,blocks.4.mlp.fc.weight,99,0,2359296,0
3300,blocks.4.mlp.fc.weight,100,0,2359296,0
3300,blocks.4.mlp.fc.weight,101,0,2359296,0
3300,blocks.4.mlp.fc.weight,102,0,2359296,0
3300,blocks.4.mlp.fc.weight,103,0,2359296,0
3300,blocks.4.mlp.fc.weight,104,0,2359296,0
3300,blocks.4.mlp.fc.weight,105,0,2359296,0
3300,blocks.4.mlp.fc.weight,106,0,2359296,0
3300,blocks.4.mlp.fc.weight,107,0,2359296,0
3300,blocks.4.mlp.fc.weight,108,0,2359296,0
3300,blocks.4.mlp.fc.weight,109,0,2359296,0
3300,blocks.4.mlp.fc.weight,110,0,2359296,0
3300,blocks.4.mlp.fc.weight,111,0,2359296,0
3300,blocks.4.mlp.fc.weight,112,0,2359296,0
3300,blocks.4.mlp.fc.weight,113,0,2359296,0
3300,blocks.4.mlp.fc.weight,114,0,2359296,0
3300,blocks.4.mlp.fc.weight,115,0,2359296,0
3300,blocks.4.mlp.fc.weight,116,0,2359296,0
3300,blocks.4.mlp.fc.weight,117,0,2359296,0
3300,blocks.4.mlp.fc.weight,118,0,2359296,0
3300,blocks.4.mlp.fc.weight,119,0,2359296,0
3300,blocks.4.mlp.fc.weight,120,0,2359296,0
3300,blocks.4.mlp.fc.weight,121,0,2359296,0
3300,blocks.4.mlp.fc.weight,122,0,2359296,0
3300,blocks.4.mlp.fc.weight,123,0,2359296,0
3300,blocks.4.mlp.fc.weight,124,0,2359296,0
3300,blocks.4.mlp.fc.weight,125,0,2359296,0
3300,blocks.4.mlp.fc.weight,126,0,2359296,0
3300,blocks.4.mlp.fc.weight,127,0,2359296,0
3300,blocks.4.mlp.fc.weight,128,0,2359296,0
3300,blocks.4.mlp.proj.weight,-127,0,2359296,0
3300,blocks.4.mlp.proj.weight,-126,0,2359296,0
3300,blocks.4.mlp.proj.weight,-125,0,2359296,0
3300,blocks.4.mlp.proj.weight,-124,0,2359296,0
3300,blocks.4.mlp.proj.weight,-123,0,2359296,0
3300,blocks.4.mlp.proj.weight,-122,0,2359296,0
3300,blocks.4.mlp.proj.weight,-121,0,2359296,0
3300,blocks.4.mlp.proj.weight,-120,0,2359296,0
3300,blocks.4.mlp.proj.weight,-119,0,2359296,0
3300,blocks.4.mlp.proj.weight,-118,0,2359296,0
3300,blocks.4.mlp.proj.weight,-117,0,2359296,0
3300,blocks.4.mlp.proj.weight,-116,0,2359296,0
3300,blocks.4.mlp.proj.weight,-115,0,2359296,0
3300,blocks.4.mlp.proj.weight,-114,0,2359296,0
3300,blocks.4.mlp.proj.weight,-113,0,2359296,0
3300,blocks.4.mlp.proj.weight,-112,0,2359296,0
3300,blocks.4.mlp.proj.weight,-111,0,2359296,0
3300,blocks.4.mlp.proj.weight,-110,0,2359296,0
3300,blocks.4.mlp.proj.weight,-109,0,2359296,0
3300,blocks.4.mlp.proj.weight,-108,0,2359296,0
3300,blocks.4.mlp.proj.weight,-107,0,2359296,0
3300,blocks.4.mlp.proj.weight,-106,0,2359296,0
3300,blocks.4.mlp.proj.weight,-105,0,2359296,0
3300,blocks.4.mlp.proj.weight,-104,0,2359296,0
3300,blocks.4.mlp.proj.weight,-103,0,2359296,0
3300,blocks.4.mlp.proj.weight,-102,0,2359296,0
3300,blocks.4.mlp.proj.weight,-101,0,2359296,0
3300,blocks.4.mlp.proj.weight,-100,0,2359296,0
3300,blocks.4.mlp.proj.weight,-99,0,2359296,0
3300,blocks.4.mlp.proj.weight,-98,0,2359296,0
3300,blocks.4.mlp.proj.weight,-97,0,2359296,0
3300,blocks.4.mlp.proj.weight,-96,0,2359296,0
3300,blocks.4.mlp.proj.weight,-95,0,2359296,0
3300,blocks.4.mlp.proj.weight,-94,0,2359296,0
3300,blocks.4.mlp.proj.weight,-93,0,2359296,0
3300,blocks.4.mlp.proj.weight,-92,0,2359296,0
3300,blocks.4.mlp.proj.weight,-91,0,2359296,0
3300,blocks.4.mlp.proj.weight,-90,0,2359296,0
3300,blocks.4.mlp.proj.weight,-89,0,2359296,0
3300,blocks.4.mlp.proj.weight,-88,0,2359296,0
3300,blocks.4.mlp.proj.weight,-87,0,2359296,0
3300,blocks.4.mlp.proj.weight,-86,0,2359296,0
3300,blocks.4.mlp.proj.weight,-85,0,2359296,0
3300,blocks.4.mlp.proj.weight,-84,0,2359296,0
3300,blocks.4.mlp.proj.weight,-83,0,2359296,0
3300,blocks.4.mlp.proj.weight,-82,0,2359296,0
3300,blocks.4.mlp.proj.weight,-81,0,2359296,0
3300,blocks.4.mlp.proj.weight,-80,0,2359296,0
3300,blocks.4.mlp.proj.weight,-79,0,2359296,0
3300,blocks.4.mlp.proj.weight,-78,0,2359296,0
3300,blocks.4.mlp.proj.weight,-77,0,2359296,0
3300,blocks.4.mlp.proj.weight,-76,0,2359296,0
3300,blocks.4.mlp.proj.weight,-75,0,2359296,0
3300,blocks.4.mlp.proj.weight,-74,0,2359296,0
3300,blocks.4.mlp.proj.weight,-73,0,2359296,0
3300,blocks.4.mlp.proj.weight,-72,0,2359296,0
3300,blocks.4.mlp.proj.weight,-71,0,2359296,0
3300,blocks.4.mlp.proj.weight,-70,0,2359296,0
3300,blocks.4.mlp.proj.weight,-69,0,2359296,0
3300,blocks.4.mlp.proj.weight,-68,0,2359296,0
3300,blocks.4.mlp.proj.weight,-67,0,2359296,0
3300,blocks.4.mlp.proj.weight,-66,0,2359296,0
3300,blocks.4.mlp.proj.weight,-65,0,2359296,0
3300,blocks.4.mlp.proj.weight,-64,0,2359296,0
3300,blocks.4.mlp.proj.weight,-63,0,2359296,0
3300,blocks.4.mlp.proj.weight,-62,0,2359296,0
3300,blocks.4.mlp.proj.weight,-61,0,2359296,0
3300,blocks.4.mlp.proj.weight,-60,0,2359296,0
3300,blocks.4.mlp.proj.weight,-59,0,2359296,0
3300,blocks.4.mlp.proj.weight,-58,0,2359296,0
3300,blocks.4.mlp.proj.weight,-57,0,2359296,0
3300,blocks.4.mlp.proj.weight,-56,0,2359296,0
3300,blocks.4.mlp.proj.weight,-55,0,2359296,0
3300,blocks.4.mlp.proj.weight,-54,0,2359296,0
3300,blocks.4.mlp.proj.weight,-53,0,2359296,0
3300,blocks.4.mlp.proj.weight,-52,0,2359296,0
3300,blocks.4.mlp.proj.weight,-51,0,2359296,0
3300,blocks.4.mlp.proj.weight,-50,0,2359296,0
3300,blocks.4.mlp.proj.weight,-49,0,2359296,0
3300,blocks.4.mlp.proj.weight,-48,0,2359296,0
3300,blocks.4.mlp.proj.weight,-47,0,2359296,0
3300,blocks.4.mlp.proj.weight,-46,0,2359296,0
3300,blocks.4.mlp.proj.weight,-45,0,2359296,0
3300,blocks.4.mlp.proj.weight,-44,0,2359296,0
3300,blocks.4.mlp.proj.weight,-43,0,2359296,0
3300,blocks.4.mlp.proj.weight,-42,0,2359296,0
3300,blocks.4.mlp.proj.weight,-41,0,2359296,0
3300,blocks.4.mlp.proj.weight,-40,0,2359296,0
3300,blocks.4.mlp.proj.weight,-39,0,2359296,0
3300,blocks.4.mlp.proj.weight,-38,0,2359296,0
3300,blocks.4.mlp.proj.weight,-37,0,2359296,0
3300,blocks.4.mlp.proj.weight,-36,0,2359296,0
3300,blocks.4.mlp.proj.weight,-35,0,2359296,0
3300,blocks.4.mlp.proj.weight,-34,1,2359296,0
3300,blocks.4.mlp.proj.weight,-33,0,2359296,0
3300,blocks.4.mlp.proj.weight,-32,1,2359296,0
3300,blocks.4.mlp.proj.weight,-31,7,2359296,0
3300,blocks.4.mlp.proj.weight,-30,14,2359296,0
3300,blocks.4.mlp.proj.weight,-29,31,2359296,0
3300,blocks.4.mlp.proj.weight,-28,13,2359296,0
3300,blocks.4.mlp.proj.weight,-27,0,2359296,0
3300,blocks.4.mlp.proj.weight,-26,0,2359296,0
3300,blocks.4.mlp.proj.weight,-25,0,2359296,0
3300,blocks.4.mlp.proj.weight,-24,0,2359296,0
3300,blocks.4.mlp.proj.weight,-23,0,2359296,0
3300,blocks.4.mlp.proj.weight,-22,0,2359296,0
3300,blocks.4.mlp.proj.weight,-21,0,2359296,0
3300,blocks.4.mlp.proj.weight,-20,1,2359296,0
3300,blocks.4.mlp.proj.weight,-19,3,2359296,0
3300,blocks.4.mlp.proj.weight,-18,4,2359296,0
3300,blocks.4.mlp.proj.weight,-17,19,2359296,0
3300,blocks.4.mlp.proj.weight,-16,72,2359296,0
3300,blocks.4.mlp.proj.weight,-15,172,2359296,0
3300,blocks.4.mlp.proj.weight,-14,350,2359296,0
3300,blocks.4.mlp.proj.weight,-13,698,2359296,0
3300,blocks.4.mlp.proj.weight,-12,1391,2359296,0
3300,blocks.4.mlp.proj.weight,-11,2801,2359296,0
3300,blocks.4.mlp.proj.weight,-10,5778,2359296,0
3300,blocks.4.mlp.proj.weight,-9,11679,2359296,0
3300,blocks.4.mlp.proj.weight,-8,22746,2359296,0
3300,blocks.4.mlp.proj.weight,-7,46117,2359296,0
3300,blocks.4.mlp.proj.weight,-6,91834,2359296,0
3300,blocks.4.mlp.proj.weight,-5,180638,2359296,0
3300,blocks.4.mlp.proj.weight,-4,344866,2359296,0
3300,blocks.4.mlp.proj.weight,-3,597804,2359296,0
3300,blocks.4.mlp.proj.weight,-2,717804,2359296,0
3300,blocks.4.mlp.proj.weight,-1,310737,2359296,0
3300,blocks.4.mlp.proj.weight,0,21561,2359296,0
3300,blocks.4.mlp.proj.weight,1,1336,2359296,0
3300,blocks.4.mlp.proj.weight,2,334,2359296,0
3300,blocks.4.mlp.proj.weight,3,225,2359296,0
3300,blocks.4.mlp.proj.weight,4,216,2359296,0
3300,blocks.4.mlp.proj.weight,5,43,2359296,0
3300,blocks.4.mlp.proj.weight,6,0,2359296,0
3300,blocks.4.mlp.proj.weight,7,0,2359296,0
3300,blocks.4.mlp.proj.weight,8,0,2359296,0
3300,blocks.4.mlp.proj.weight,9,0,2359296,0
3300,blocks.4.mlp.proj.weight,10,0,2359296,0
3300,blocks.4.mlp.proj.weight,11,0,2359296,0
3300,blocks.4.mlp.proj.weight,12,0,2359296,0
3300,blocks.4.mlp.proj.weight,13,0,2359296,0
3300,blocks.4.mlp.proj.weight,14,0,2359296,0
3300,blocks.4.mlp.proj.weight,15,0,2359296,0
3300,blocks.4.mlp.proj.weight,16,0,2359296,0
3300,blocks.4.mlp.proj.weight,17,0,2359296,0
3300,blocks.4.mlp.proj.weight,18,0,2359296,0
3300,blocks.4.mlp.proj.weight,19,0,2359296,0
3300,blocks.4.mlp.proj.weight,20,0,2359296,0
3300,blocks.4.mlp.proj.weight,21,0,2359296,0
3300,blocks.4.mlp.proj.weight,22,0,2359296,0
3300,blocks.4.mlp.proj.weight,23,0,2359296,0
3300,blocks.4.mlp.proj.weight,24,0,2359296,0
3300,blocks.4.mlp.proj.weight,25,0,2359296,0
3300,blocks.4.mlp.proj.weight,26,0,2359296,0
3300,blocks.4.mlp.proj.weight,27,0,2359296,0
3300,blocks.4.mlp.proj.weight,28,0,2359296,0
3300,blocks.4.mlp.proj.weight,29,0,2359296,0
3300,blocks.4.mlp.proj.weight,30,0,2359296,0
3300,blocks.4.mlp.proj.weight,31,0,2359296,0
3300,blocks.4.mlp.proj.weight,32,0,2359296,0
3300,blocks.4.mlp.proj.weight,33,0,2359296,0
3300,blocks.4.mlp.proj.weight,34,0,2359296,0
3300,blocks.4.mlp.proj.weight,35,0,2359296,0
3300,blocks.4.mlp.proj.weight,36,0,2359296,0
3300,blocks.4.mlp.proj.weight,37,0,2359296,0
3300,blocks.4.mlp.proj.weight,38,0,2359296,0
3300,blocks.4.mlp.proj.weight,39,0,2359296,0
3300,blocks.4.mlp.proj.weight,40,0,2359296,0
3300,blocks.4.mlp.proj.weight,41,0,2359296,0
3300,blocks.4.mlp.proj.weight,42,0,2359296,0
3300,blocks.4.mlp.proj.weight,43,0,2359296,0
3300,blocks.4.mlp.proj.weight,44,0,2359296,0
3300,blocks.4.mlp.proj.weight,45,0,2359296,0
3300,blocks.4.mlp.proj.weight,46,0,2359296,0
3300,blocks.4.mlp.proj.weight,47,0,2359296,0
3300,blocks.4.mlp.proj.weight,48,0,2359296,0
3300,blocks.4.mlp.proj.weight,49,0,2359296,0
3300,blocks.4.mlp.proj.weight,50,0,2359296,0
3300,blocks.4.mlp.proj.weight,51,0,2359296,0
3300,blocks.4.mlp.proj.weight,52,0,2359296,0
3300,blocks.4.mlp.proj.weight,53,0,2359296,0
3300,blocks.4.mlp.proj.weight,54,0,2359296,0
3300,blocks.4.mlp.proj.weight,55,0,2359296,0
3300,blocks.4.mlp.proj.weight,56,0,2359296,0
3300,blocks.4.mlp.proj.weight,57,0,2359296,0
3300,blocks.4.mlp.proj.weight,58,0,2359296,0
3300,blocks.4.mlp.proj.weight,59,0,2359296,0
3300,blocks.4.mlp.proj.weight,60,0,2359296,0
3300,blocks.4.mlp.proj.weight,61,0,2359296,0
3300,blocks.4.mlp.proj.weight,62,0,2359296,0
3300,blocks.4.mlp.proj.weight,63,0,2359296,0
3300,blocks.4.mlp.proj.weight,64,0,2359296,0
3300,blocks.4.mlp.proj.weight,65,0,2359296,0
3300,blocks.4.mlp.proj.weight,66,0,2359296,0
3300,blocks.4.mlp.proj.weight,67,0,2359296,0
3300,blocks.4.mlp.proj.weight,68,0,2359296,0
3300,blocks.4.mlp.proj.weight,69,0,2359296,0
3300,blocks.4.mlp.proj.weight,70,0,2359296,0
3300,blocks.4.mlp.proj.weight,71,0,2359296,0
3300,blocks.4.mlp.proj.weight,72,0,2359296,0
3300,blocks.4.mlp.proj.weight,73,0,2359296,0
3300,blocks.4.mlp.proj.weight,74,0,2359296,0
3300,blocks.4.mlp.proj.weight,75,0,2359296,0
3300,blocks.4.mlp.proj.weight,76,0,2359296,0
3300,blocks.4.mlp.proj.weight,77,0,2359296,0
3300,blocks.4.mlp.proj.weight,78,0,2359296,0
3300,blocks.4.mlp.proj.weight,79,0,2359296,0
3300,blocks.4.mlp.proj.weight,80,0,2359296,0
3300,blocks.4.mlp.proj.weight,81,0,2359296,0
3300,blocks.4.mlp.proj.weight,82,0,2359296,0
3300,blocks.4.mlp.proj.weight,83,0,2359296,0
3300,blocks.4.mlp.proj.weight,84,0,2359296,0
3300,blocks.4.mlp.proj.weight,85,0,2359296,0
3300,blocks.4.mlp.proj.weight,86,0,2359296,0
3300,blocks.4.mlp.proj.weight,87,0,2359296,0
3300,blocks.4.mlp.proj.weight,88,0,2359296,0
3300,blocks.4.mlp.proj.weight,89,0,2359296,0
3300,blocks.4.mlp.proj.weight,90,0,2359296,0
3300,blocks.4.mlp.proj.weight,91,0,2359296,0
3300,blocks.4.mlp.proj.weight,92,0,2359296,0
3300,blocks.4.mlp.proj.weight,93,0,2359296,0
3300,blocks.4.mlp.proj.weight,94,0,2359296,0
3300,blocks.4.mlp.proj.weight,95,0,2359296,0
3300,blocks.4.mlp.proj.weight,96,0,2359296,0
3300,blocks.4.mlp.proj.weight,97,0,2359296,0
3300,blocks.4.mlp.proj.weight,98,0,2359296,0
3300,blocks.4.mlp.proj.weight,99,0,2359296,0
3300,blocks.4.mlp.proj.weight,100,0,2359296,0
3300,blocks.4.mlp.proj.weight,101,0,2359296,0
3300,blocks.4.mlp.proj.weight,102,0,2359296,0
3300,blocks.4.mlp.proj.weight,103,0,2359296,0
3300,blocks.4.mlp.proj.weight,104,0,2359296,0
3300,blocks.4.mlp.proj.weight,105,0,2359296,0
3300,blocks.4.mlp.proj.weight,106,0,2359296,0
3300,blocks.4.mlp.proj.weight,107,0,2359296,0
3300,blocks.4.mlp.proj.weight,108,0,2359296,0
3300,blocks.4.mlp.proj.weight,109,0,2359296,0
3300,blocks.4.mlp.proj.weight,110,0,2359296,0
3300,blocks.4.mlp.proj.weight,111,0,2359296,0
3300,blocks.4.mlp.proj.weight,112,0,2359296,0
3300,blocks.4.mlp.proj.weight,113,0,2359296,0
3300,blocks.4.mlp.proj.weight,114,0,2359296,0
3300,blocks.4.mlp.proj.weight,115,0,2359296,0
3300,blocks.4.mlp.proj.weight,116,0,2359296,0
3300,blocks.4.mlp.proj.weight,117,0,2359296,0
3300,blocks.4.mlp.proj.weight,118,0,2359296,0
3300,blocks.4.mlp.proj.weight,119,0,2359296,0
3300,blocks.4.mlp.proj.weight,120,0,2359296,0
3300,blocks.4.mlp.proj.weight,121,0,2359296,0
3300,blocks.4.mlp.proj.weight,122,0,2359296,0
3300,blocks.4.mlp.proj.weight,123,0,2359296,0
3300,blocks.4.mlp.proj.weight,124,0,2359296,0
3300,blocks.4.mlp.proj.weight,125,0,2359296,0
3300,blocks.4.mlp.proj.weight,126,0,2359296,0
3300,blocks.4.mlp.proj.weight,127,0,2359296,0
3300,blocks.4.mlp.proj.weight,128,0,2359296,0
3300,blocks.5.mlp.fc.weight,-127,0,2359296,0
3300,blocks.5.mlp.fc.weight,-126,0,2359296,0
3300,blocks.5.mlp.fc.weight,-125,0,2359296,0
3300,blocks.5.mlp.fc.weight,-124,0,2359296,0
3300,blocks.5.mlp.fc.weight,-123,0,2359296,0
3300,blocks.5.mlp.fc.weight,-122,0,2359296,0
3300,blocks.5.mlp.fc.weight,-121,0,2359296,0
3300,blocks.5.mlp.fc.weight,-120,0,2359296,0
3300,blocks.5.mlp.fc.weight,-119,0,2359296,0
3300,blocks.5.mlp.fc.weight,-118,0,2359296,0
3300,blocks.5.mlp.fc.weight,-117,0,2359296,0
3300,blocks.5.mlp.fc.weight,-116,0,2359296,0
3300,blocks.5.mlp.fc.weight,-115,0,2359296,0
3300,blocks.5.mlp.fc.weight,-114,0,2359296,0
3300,blocks.5.mlp.fc.weight,-113,0,2359296,0
3300,blocks.5.mlp.fc.weight,-112,0,2359296,0
3300,blocks.5.mlp.fc.weight,-111,0,2359296,0
3300,blocks.5.mlp.fc.weight,-110,0,2359296,0
3300,blocks.5.mlp.fc.weight,-109,0,2359296,0
3300,blocks.5.mlp.fc.weight,-108,0,2359296,0
3300,blocks.5.mlp.fc.weight,-107,0,2359296,0
3300,blocks.5.mlp.fc.weight,-106,0,2359296,0
3300,blocks.5.mlp.fc.weight,-105,0,2359296,0
3300,blocks.5.mlp.fc.weight,-104,0,2359296,0
3300,blocks.5.mlp.fc.weight,-103,0,2359296,0
3300,blocks.5.mlp.fc.weight,-102,0,2359296,0
3300,blocks.5.mlp.fc.weight,-101,0,2359296,0
3300,blocks.5.mlp.fc.weight,-100,0,2359296,0
3300,blocks.5.mlp.fc.weight,-99,0,2359296,0
3300,blocks.5.mlp.fc.weight,-98,0,2359296,0
3300,blocks.5.mlp.fc.weight,-97,0,2359296,0
3300,blocks.5.mlp.fc.weight,-96,0,2359296,0
3300,blocks.5.mlp.fc.weight,-95,0,2359296,0
3300,blocks.5.mlp.fc.weight,-94,0,2359296,0
3300,blocks.5.mlp.fc.weight,-93,0,2359296,0
3300,blocks.5.mlp.fc.weight,-92,0,2359296,0
3300,blocks.5.mlp.fc.weight,-91,0,2359296,0
3300,blocks.5.mlp.fc.weight,-90,0,2359296,0
3300,blocks.5.mlp.fc.weight,-89,0,2359296,0
3300,blocks.5.mlp.fc.weight,-88,0,2359296,0
3300,blocks.5.mlp.fc.weight,-87,0,2359296,0
3300,blocks.5.mlp.fc.weight,-86,0,2359296,0
3300,blocks.5.mlp.fc.weight,-85,0,2359296,0
3300,blocks.5.mlp.fc.weight,-84,0,2359296,0
3300,blocks.5.mlp.fc.weight,-83,0,2359296,0
3300,blocks.5.mlp.fc.weight,-82,0,2359296,0
3300,blocks.5.mlp.fc.weight,-81,0,2359296,0
3300,blocks.5.mlp.fc.weight,-80,0,2359296,0
3300,blocks.5.mlp.fc.weight,-79,0,2359296,0
3300,blocks.5.mlp.fc.weight,-78,0,2359296,0
3300,blocks.5.mlp.fc.weight,-77,0,2359296,0
3300,blocks.5.mlp.fc.weight,-76,0,2359296,0
3300,blocks.5.mlp.fc.weight,-75,0,2359296,0
3300,blocks.5.mlp.fc.weight,-74,0,2359296,0
3300,blocks.5.mlp.fc.weight,-73,0,2359296,0
3300,blocks.5.mlp.fc.weight,-72,0,2359296,0
3300,blocks.5.mlp.fc.weight,-71,0,2359296,0
3300,blocks.5.mlp.fc.weight,-70,0,2359296,0
3300,blocks.5.mlp.fc.weight,-69,0,2359296,0
3300,blocks.5.mlp.fc.weight,-68,0,2359296,0
3300,blocks.5.mlp.fc.weight,-67,0,2359296,0
3300,blocks.5.mlp.fc.weight,-66,0,2359296,0
3300,blocks.5.mlp.fc.weight,-65,0,2359296,0
3300,blocks.5.mlp.fc.weight,-64,0,2359296,0
3300,blocks.5.mlp.fc.weight,-63,0,2359296,0
3300,blocks.5.mlp.fc.weight,-62,0,2359296,0
3300,blocks.5.mlp.fc.weight,-61,0,2359296,0
3300,blocks.5.mlp.fc.weight,-60,0,2359296,0
3300,blocks.5.mlp.fc.weight,-59,0,2359296,0
3300,blocks.5.mlp.fc.weight,-58,0,2359296,0
3300,blocks.5.mlp.fc.weight,-57,0,2359296,0
3300,blocks.5.mlp.fc.weight,-56,0,2359296,0
3300,blocks.5.mlp.fc.weight,-55,0,2359296,0
3300,blocks.5.mlp.fc.weight,-54,0,2359296,0
3300,blocks.5.mlp.fc.weight,-53,0,2359296,0
3300,blocks.5.mlp.fc.weight,-52,0,2359296,0
3300,blocks.5.mlp.fc.weight,-51,0,2359296,0
3300,blocks.5.mlp.fc.weight,-50,0,2359296,0
3300,blocks.5.mlp.fc.weight,-49,0,2359296,0
3300,blocks.5.mlp.fc.weight,-48,0,2359296,0
3300,blocks.5.mlp.fc.weight,-47,0,2359296,0
3300,blocks.5.mlp.fc.weight,-46,0,2359296,0
3300,blocks.5.mlp.fc.weight,-45,0,2359296,0
3300,blocks.5.mlp.fc.weight,-44,0,2359296,0
3300,blocks.5.mlp.fc.weight,-43,0,2359296,0
3300,blocks.5.mlp.fc.weight,-42,0,2359296,0
3300,blocks.5.mlp.fc.weight,-41,0,2359296,0
3300,blocks.5.mlp.fc.weight,-40,0,2359296,0
3300,blocks.5.mlp.fc.weight,-39,0,2359296,0
3300,blocks.5.mlp.fc.weight,-38,0,2359296,0
3300,blocks.5.mlp.fc.weight,-37,0,2359296,0
3300,blocks.5.mlp.fc.weight,-36,0,2359296,0
3300,blocks.5.mlp.fc.weight,-35,0,2359296,0
3300,blocks.5.mlp.fc.weight,-34,0,2359296,0
3300,blocks.5.mlp.fc.weight,-33,0,2359296,0
3300,blocks.5.mlp.fc.weight,-32,5,2359296,0
3300,blocks.5.mlp.fc.weight,-31,10,2359296,0
3300,blocks.5.mlp.fc.weight,-30,29,2359296,0
3300,blocks.5.mlp.fc.weight,-29,27,2359296,0
3300,blocks.5.mlp.fc.weight,-28,5,2359296,0
3300,blocks.5.mlp.fc.weight,-27,0,2359296,0
3300,blocks.5.mlp.fc.weight,-26,0,2359296,0
3300,blocks.5.mlp.fc.weight,-25,0,2359296,0
3300,blocks.5.mlp.fc.weight,-24,0,2359296,0
3300,blocks.5.mlp.fc.weight,-23,0,2359296,0
3300,blocks.5.mlp.fc.weight,-22,0,2359296,0
3300,blocks.5.mlp.fc.weight,-21,0,2359296,0
3300,blocks.5.mlp.fc.weight,-20,1,2359296,0
3300,blocks.5.mlp.fc.weight,-19,3,2359296,0
3300,blocks.5.mlp.fc.weight,-18,14,2359296,0
3300,blocks.5.mlp.fc.weight,-17,44,2359296,0
3300,blocks.5.mlp.fc.weight,-16,133,2359296,0
3300,blocks.5.mlp.fc.weight,-15,279,2359296,0
3300,blocks.5.mlp.fc.weight,-14,470,2359296,0
3300,blocks.5.mlp.fc.weight,-13,1001,2359296,0
3300,blocks.5.mlp.fc.weight,-12,2121,2359296,0
3300,blocks.5.mlp.fc.weight,-11,4362,2359296,0
3300,blocks.5.mlp.fc.weight,-10,8524,2359296,0
3300,blocks.5.mlp.fc.weight,-9,17046,2359296,0
3300,blocks.5.mlp.fc.weight,-8,34062,2359296,0
3300,blocks.5.mlp.fc.weight,-7,67794,2359296,0
3300,blocks.5.mlp.fc.weight,-6,135361,2359296,0
3300,blocks.5.mlp.fc.weight,-5,260934,2359296,0
3300,blocks.5.mlp.fc.weight,-4,473870,2359296,0
3300,blocks.5.mlp.fc.weight,-3,686518,2359296,0
3300,blocks.5.mlp.fc.weight,-2,517202,2359296,0
3300,blocks.5.mlp.fc.weight,-1,131516,2359296,0
3300,blocks.5.mlp.fc.weight,0,16485,2359296,0
3300,blocks.5.mlp.fc.weight,1,1399,2359296,0
3300,blocks.5.mlp.fc.weight,2,77,2359296,0
3300,blocks.5.mlp.fc.weight,3,4,2359296,0
3300,blocks.5.mlp.fc.weight,4,0,2359296,0
3300,blocks.5.mlp.fc.weight,5,0,2359296,0
3300,blocks.5.mlp.fc.weight,6,0,2359296,0
3300,blocks.5.mlp.fc.weight,7,0,2359296,0
3300,blocks.5.mlp.fc.weight,8,0,2359296,0
3300,blocks.5.mlp.fc.weight,9,0,2359296,0
3300,blocks.5.mlp.fc.weight,10,0,2359296,0
3300,blocks.5.mlp.fc.weight,11,0,2359296,0
3300,blocks.5.mlp.fc.weight,12,0,2359296,0
3300,blocks.5.mlp.fc.weight,13,0,2359296,0
3300,blocks.5.mlp.fc.weight,14,0,2359296,0
3300,blocks.5.mlp.fc.weight,15,0,2359296,0
3300,blocks.5.mlp.fc.weight,16,0,2359296,0
3300,blocks.5.mlp.fc.weight,17,0,2359296,0
3300,blocks.5.mlp.fc.weight,18,0,2359296,0
3300,blocks.5.mlp.fc.weight,19,0,2359296,0
3300,blocks.5.mlp.fc.weight,20,0,2359296,0
3300,blocks.5.mlp.fc.weight,21,0,2359296,0
3300,blocks.5.mlp.fc.weight,22,0,2359296,0
3300,blocks.5.mlp.fc.weight,23,0,2359296,0
3300,blocks.5.mlp.fc.weight,24,0,2359296,0
3300,blocks.5.mlp.fc.weight,25,0,2359296,0
3300,blocks.5.mlp.fc.weight,26,0,2359296,0
3300,blocks.5.mlp.fc.weight,27,0,2359296,0
3300,blocks.5.mlp.fc.weight,28,0,2359296,0
3300,blocks.5.mlp.fc.weight,29,0,2359296,0
3300,blocks.5.mlp.fc.weight,30,0,2359296,0
3300,blocks.5.mlp.fc.weight,31,0,2359296,0
3300,blocks.5.mlp.fc.weight,32,0,2359296,0
3300,blocks.5.mlp.fc.weight,33,0,2359296,0
3300,blocks.5.mlp.fc.weight,34,0,2359296,0
3300,blocks.5.mlp.fc.weight,35,0,2359296,0
3300,blocks.5.mlp.fc.weight,36,0,2359296,0
3300,blocks.5.mlp.fc.weight,37,0,2359296,0
3300,blocks.5.mlp.fc.weight,38,0,2359296,0
3300,blocks.5.mlp.fc.weight,39,0,2359296,0
3300,blocks.5.mlp.fc.weight,40,0,2359296,0
3300,blocks.5.mlp.fc.weight,41,0,2359296,0
3300,blocks.5.mlp.fc.weight,42,0,2359296,0
3300,blocks.5.mlp.fc.weight,43,0,2359296,0
3300,blocks.5.mlp.fc.weight,44,0,2359296,0
3300,blocks.5.mlp.fc.weight,45,0,2359296,0
3300,blocks.5.mlp.fc.weight,46,0,2359296,0
3300,blocks.5.mlp.fc.weight,47,0,2359296,0
3300,blocks.5.mlp.fc.weight,48,0,2359296,0
3300,blocks.5.mlp.fc.weight,49,0,2359296,0
3300,blocks.5.mlp.fc.weight,50,0,2359296,0
3300,blocks.5.mlp.fc.weight,51,0,2359296,0
3300,blocks.5.mlp.fc.weight,52,0,2359296,0
3300,blocks.5.mlp.fc.weight,53,0,2359296,0
3300,blocks.5.mlp.fc.weight,54,0,2359296,0
3300,blocks.5.mlp.fc.weight,55,0,2359296,0
3300,blocks.5.mlp.fc.weight,56,0,2359296,0
3300,blocks.5.mlp.fc.weight,57,0,2359296,0
3300,blocks.5.mlp.fc.weight,58,0,2359296,0
3300,blocks.5.mlp.fc.weight,59,0,2359296,0
3300,blocks.5.mlp.fc.weight,60,0,2359296,0
3300,blocks.5.mlp.fc.weight,61,0,2359296,0
3300,blocks.5.mlp.fc.weight,62,0,2359296,0
3300,blocks.5.mlp.fc.weight,63,0,2359296,0
3300,blocks.5.mlp.fc.weight,64,0,2359296,0
3300,blocks.5.mlp.fc.weight,65,0,2359296,0
3300,blocks.5.mlp.fc.weight,66,0,2359296,0
3300,blocks.5.mlp.fc.weight,67,0,2359296,0
3300,blocks.5.mlp.fc.weight,68,0,2359296,0
3300,blocks.5.mlp.fc.weight,69,0,2359296,0
3300,blocks.5.mlp.fc.weight,70,0,2359296,0
3300,blocks.5.mlp.fc.weight,71,0,2359296,0
3300,blocks.5.mlp.fc.weight,72,0,2359296,0
3300,blocks.5.mlp.fc.weight,73,0,2359296,0
3300,blocks.5.mlp.fc.weight,74,0,2359296,0
3300,blocks.5.mlp.fc.weight,75,0,2359296,0
3300,blocks.5.mlp.fc.weight,76,0,2359296,0
3300,blocks.5.mlp.fc.weight,77,0,2359296,0
3300,blocks.5.mlp.fc.weight,78,0,2359296,0
3300,blocks.5.mlp.fc.weight,79,0,2359296,0
3300,blocks.5.mlp.fc.weight,80,0,2359296,0
3300,blocks.5.mlp.fc.weight,81,0,2359296,0
3300,blocks.5.mlp.fc.weight,82,0,2359296,0
3300,blocks.5.mlp.fc.weight,83,0,2359296,0
3300,blocks.5.mlp.fc.weight,84,0,2359296,0
3300,blocks.5.mlp.fc.weight,85,0,2359296,0
3300,blocks.5.mlp.fc.weight,86,0,2359296,0
3300,blocks.5.mlp.fc.weight,87,0,2359296,0
3300,blocks.5.mlp.fc.weight,88,0,2359296,0
3300,blocks.5.mlp.fc.weight,89,0,2359296,0
3300,blocks.5.mlp.fc.weight,90,0,2359296,0
3300,blocks.5.mlp.fc.weight,91,0,2359296,0
3300,blocks.5.mlp.fc.weight,92,0,2359296,0
3300,blocks.5.mlp.fc.weight,93,0,2359296,0
3300,blocks.5.mlp.fc.weight,94,0,2359296,0
3300,blocks.5.mlp.fc.weight,95,0,2359296,0
3300,blocks.5.mlp.fc.weight,96,0,2359296,0
3300,blocks.5.mlp.fc.weight,97,0,2359296,0
3300,blocks.5.mlp.fc.weight,98,0,2359296,0
3300,blocks.5.mlp.fc.weight,99,0,2359296,0
3300,blocks.5.mlp.fc.weight,100,0,2359296,0
3300,blocks.5.mlp.fc.weight,101,0,2359296,0
3300,blocks.5.mlp.fc.weight,102,0,2359296,0
3300,blocks.5.mlp.fc.weight,103,0,2359296,0
3300,blocks.5.mlp.fc.weight,104,0,2359296,0
3300,blocks.5.mlp.fc.weight,105,0,2359296,0
3300,blocks.5.mlp.fc.weight,106,0,2359296,0
3300,blocks.5.mlp.fc.weight,107,0,2359296,0
3300,blocks.5.mlp.fc.weight,108,0,2359296,0
3300,blocks.5.mlp.fc.weight,109,0,2359296,0
3300,blocks.5.mlp.fc.weight,110,0,2359296,0
3300,blocks.5.mlp.fc.weight,111,0,2359296,0
3300,blocks.5.mlp.fc.weight,112,0,2359296,0
3300,blocks.5.mlp.fc.weight,113,0,2359296,0
3300,blocks.5.mlp.fc.weight,114,0,2359296,0
3300,blocks.5.mlp.fc.weight,115,0,2359296,0
3300,blocks.5.mlp.fc.weight,116,0,2359296,0
3300,blocks.5.mlp.fc.weight,117,0,2359296,0
3300,blocks.5.mlp.fc.weight,118,0,2359296,0
3300,blocks.5.mlp.fc.weight,119,0,2359296,0
3300,blocks.5.mlp.fc.weight,120,0,2359296,0
3300,blocks.5.mlp.fc.weight,121,0,2359296,0
3300,blocks.5.mlp.fc.weight,122,0,2359296,0
3300,blocks.5.mlp.fc.weight,123,0,2359296,0
3300,blocks.5.mlp.fc.weight,124,0,2359296,0
3300,blocks.5.mlp.fc.weight,125,0,2359296,0
3300,blocks.5.mlp.fc.weight,126,0,2359296,0
3300,blocks.5.mlp.fc.weight,127,0,2359296,0
3300,blocks.5.mlp.fc.weight,128,0,2359296,0
3300,blocks.5.mlp.proj.weight,-127,0,2359296,0
3300,blocks.5.mlp.proj.weight,-126,0,2359296,0
3300,blocks.5.mlp.proj.weight,-125,0,2359296,0
3300,blocks.5.mlp.proj.weight,-124,0,2359296,0
3300,blocks.5.mlp.proj.weight,-123,0,2359296,0
3300,blocks.5.mlp.proj.weight,-122,0,2359296,0
3300,blocks.5.mlp.proj.weight,-121,0,2359296,0
3300,blocks.5.mlp.proj.weight,-120,0,2359296,0
3300,blocks.5.mlp.proj.weight,-119,0,2359296,0
3300,blocks.5.mlp.proj.weight,-118,0,2359296,0
3300,blocks.5.mlp.proj.weight,-117,0,2359296,0
3300,blocks.5.mlp.proj.weight,-116,0,2359296,0
3300,blocks.5.mlp.proj.weight,-115,0,2359296,0
3300,blocks.5.mlp.proj.weight,-114,0,2359296,0
3300,blocks.5.mlp.proj.weight,-113,0,2359296,0
3300,blocks.5.mlp.proj.weight,-112,0,2359296,0
3300,blocks.5.mlp.proj.weight,-111,0,2359296,0
3300,blocks.5.mlp.proj.weight,-110,0,2359296,0
3300,blocks.5.mlp.proj.weight,-109,0,2359296,0
3300,blocks.5.mlp.proj.weight,-108,0,2359296,0
3300,blocks.5.mlp.proj.weight,-107,0,2359296,0
3300,blocks.5.mlp.proj.weight,-106,0,2359296,0
3300,blocks.5.mlp.proj.weight,-105,0,2359296,0
3300,blocks.5.mlp.proj.weight,-104,0,2359296,0
3300,blocks.5.mlp.proj.weight,-103,0,2359296,0
3300,blocks.5.mlp.proj.weight,-102,0,2359296,0
3300,blocks.5.mlp.proj.weight,-101,0,2359296,0
3300,blocks.5.mlp.proj.weight,-100,0,2359296,0
3300,blocks.5.mlp.proj.weight,-99,0,2359296,0
3300,blocks.5.mlp.proj.weight,-98,0,2359296,0
3300,blocks.5.mlp.proj.weight,-97,0,2359296,0
3300,blocks.5.mlp.proj.weight,-96,0,2359296,0
3300,blocks.5.mlp.proj.weight,-95,0,2359296,0
3300,blocks.5.mlp.proj.weight,-94,0,2359296,0
3300,blocks.5.mlp.proj.weight,-93,0,2359296,0
3300,blocks.5.mlp.proj.weight,-92,0,2359296,0
3300,blocks.5.mlp.proj.weight,-91,0,2359296,0
3300,blocks.5.mlp.proj.weight,-90,0,2359296,0
3300,blocks.5.mlp.proj.weight,-89,0,2359296,0
3300,blocks.5.mlp.proj.weight,-88,0,2359296,0
3300,blocks.5.mlp.proj.weight,-87,0,2359296,0
3300,blocks.5.mlp.proj.weight,-86,0,2359296,0
3300,blocks.5.mlp.proj.weight,-85,0,2359296,0
3300,blocks.5.mlp.proj.weight,-84,0,2359296,0
3300,blocks.5.mlp.proj.weight,-83,0,2359296,0
3300,blocks.5.mlp.proj.weight,-82,0,2359296,0
3300,blocks.5.mlp.proj.weight,-81,0,2359296,0
3300,blocks.5.mlp.proj.weight,-80,0,2359296,0
3300,blocks.5.mlp.proj.weight,-79,0,2359296,0
3300,blocks.5.mlp.proj.weight,-78,0,2359296,0
3300,blocks.5.mlp.proj.weight,-77,0,2359296,0
3300,blocks.5.mlp.proj.weight,-76,0,2359296,0
3300,blocks.5.mlp.proj.weight,-75,0,2359296,0
3300,blocks.5.mlp.proj.weight,-74,0,2359296,0
3300,blocks.5.mlp.proj.weight,-73,0,2359296,0
3300,blocks.5.mlp.proj.weight,-72,0,2359296,0
3300,blocks.5.mlp.proj.weight,-71,0,2359296,0
3300,blocks.5.mlp.proj.weight,-70,0,2359296,0
3300,blocks.5.mlp.proj.weight,-69,0,2359296,0
3300,blocks.5.mlp.proj.weight,-68,0,2359296,0
3300,blocks.5.mlp.proj.weight,-67,0,2359296,0
3300,blocks.5.mlp.proj.weight,-66,0,2359296,0
3300,blocks.5.mlp.proj.weight,-65,0,2359296,0
3300,blocks.5.mlp.proj.weight,-64,0,2359296,0
3300,blocks.5.mlp.proj.weight,-63,0,2359296,0
3300,blocks.5.mlp.proj.weight,-62,0,2359296,0
3300,blocks.5.mlp.proj.weight,-61,0,2359296,0
3300,blocks.5.mlp.proj.weight,-60,0,2359296,0
3300,blocks.5.mlp.proj.weight,-59,0,2359296,0
3300,blocks.5.mlp.proj.weight,-58,0,2359296,0
3300,blocks.5.mlp.proj.weight,-57,0,2359296,0
3300,blocks.5.mlp.proj.weight,-56,0,2359296,0
3300,blocks.5.mlp.proj.weight,-55,0,2359296,0
3300,blocks.5.mlp.proj.weight,-54,0,2359296,0
3300,blocks.5.mlp.proj.weight,-53,0,2359296,0
3300,blocks.5.mlp.proj.weight,-52,0,2359296,0
3300,blocks.5.mlp.proj.weight,-51,0,2359296,0
3300,blocks.5.mlp.proj.weight,-50,0,2359296,0
3300,blocks.5.mlp.proj.weight,-49,0,2359296,0
3300,blocks.5.mlp.proj.weight,-48,0,2359296,0
3300,blocks.5.mlp.proj.weight,-47,0,2359296,0
3300,blocks.5.mlp.proj.weight,-46,0,2359296,0
3300,blocks.5.mlp.proj.weight,-45,0,2359296,0
3300,blocks.5.mlp.proj.weight,-44,0,2359296,0
3300,blocks.5.mlp.proj.weight,-43,0,2359296,0
3300,blocks.5.mlp.proj.weight,-42,0,2359296,0
3300,blocks.5.mlp.proj.weight,-41,0,2359296,0
3300,blocks.5.mlp.proj.weight,-40,0,2359296,0
3300,blocks.5.mlp.proj.weight,-39,0,2359296,0
3300,blocks.5.mlp.proj.weight,-38,0,2359296,0
3300,blocks.5.mlp.proj.weight,-37,0,2359296,0
3300,blocks.5.mlp.proj.weight,-36,0,2359296,0
3300,blocks.5.mlp.proj.weight,-35,0,2359296,0
3300,blocks.5.mlp.proj.weight,-34,0,2359296,0
3300,blocks.5.mlp.proj.weight,-33,0,2359296,0
3300,blocks.5.mlp.proj.weight,-32,0,2359296,0
3300,blocks.5.mlp.proj.weight,-31,11,2359296,0
3300,blocks.5.mlp.proj.weight,-30,15,2359296,0
3300,blocks.5.mlp.proj.weight,-29,37,2359296,0
3300,blocks.5.mlp.proj.weight,-28,11,2359296,0
3300,blocks.5.mlp.proj.weight,-27,0,2359296,0
3300,blocks.5.mlp.proj.weight,-26,0,2359296,0
3300,blocks.5.mlp.proj.weight,-25,0,2359296,0
3300,blocks.5.mlp.proj.weight,-24,0,2359296,0
3300,blocks.5.mlp.proj.weight,-23,0,2359296,0
3300,blocks.5.mlp.proj.weight,-22,0,2359296,0
3300,blocks.5.mlp.proj.weight,-21,0,2359296,0
3300,blocks.5.mlp.proj.weight,-20,0,2359296,0
3300,blocks.5.mlp.proj.weight,-19,1,2359296,0
3300,blocks.5.mlp.proj.weight,-18,7,2359296,0
3300,blocks.5.mlp.proj.weight,-17,27,2359296,0
3300,blocks.5.mlp.proj.weight,-16,77,2359296,0
3300,blocks.5.mlp.proj.weight,-15,180,2359296,0
3300,blocks.5.mlp.proj.weight,-14,320,2359296,0
3300,blocks.5.mlp.proj.weight,-13,618,2359296,0
3300,blocks.5.mlp.proj.weight,-12,1365,2359296,0
3300,blocks.5.mlp.proj.weight,-11,2745,2359296,0
3300,blocks.5.mlp.proj.weight,-10,5461,2359296,0
3300,blocks.5.mlp.proj.weight,-9,10990,2359296,0
3300,blocks.5.mlp.proj.weight,-8,21869,2359296,0
3300,blocks.5.mlp.proj.weight,-7,43338,2359296,0
3300,blocks.5.mlp.proj.weight,-6,85785,2359296,0
3300,blocks.5.mlp.proj.weight,-5,169978,2359296,0
3300,blocks.5.mlp.proj.weight,-4,327262,2359296,0
3300,blocks.5.mlp.proj.weight,-3,575672,2359296,0
3300,blocks.5.mlp.proj.weight,-2,733104,2359296,0
3300,blocks.5.mlp.proj.weight,-1,353434,2359296,0
3300,blocks.5.mlp.proj.weight,0,25952,2359296,0
3300,blocks.5.mlp.proj.weight,1,925,2359296,0
3300,blocks.5.mlp.proj.weight,2,105,2359296,0
3300,blocks.5.mlp.proj.weight,3,7,2359296,0
3300,blocks.5.mlp.proj.weight,4,0,2359296,0
3300,blocks.5.mlp.proj.weight,5,0,2359296,0
3300,blocks.5.mlp.proj.weight,6,0,2359296,0
3300,blocks.5.mlp.proj.weight,7,0,2359296,0
3300,blocks.5.mlp.proj.weight,8,0,2359296,0
3300,blocks.5.mlp.proj.weight,9,0,2359296,0
3300,blocks.5.mlp.proj.weight,10,0,2359296,0
3300,blocks.5.mlp.proj.weight,11,0,2359296,0
3300,blocks.5.mlp.proj.weight,12,0,2359296,0
3300,blocks.5.mlp.proj.weight,13,0,2359296,0
3300,blocks.5.mlp.proj.weight,14,0,2359296,0
3300,blocks.5.mlp.proj.weight,15,0,2359296,0
3300,blocks.5.mlp.proj.weight,16,0,2359296,0
3300,blocks.5.mlp.proj.weight,17,0,2359296,0
3300,blocks.5.mlp.proj.weight,18,0,2359296,0
3300,blocks.5.mlp.proj.weight,19,0,2359296,0
3300,blocks.5.mlp.proj.weight,20,0,2359296,0
3300,blocks.5.mlp.proj.weight,21,0,2359296,0
3300,blocks.5.mlp.proj.weight,22,0,2359296,0
3300,blocks.5.mlp.proj.weight,23,0,2359296,0
3300,blocks.5.mlp.proj.weight,24,0,2359296,0
3300,blocks.5.mlp.proj.weight,25,0,2359296,0
3300,blocks.5.mlp.proj.weight,26,0,2359296,0
3300,blocks.5.mlp.proj.weight,27,0,2359296,0
3300,blocks.5.mlp.proj.weight,28,0,2359296,0
3300,blocks.5.mlp.proj.weight,29,0,2359296,0
3300,blocks.5.mlp.proj.weight,30,0,2359296,0
3300,blocks.5.mlp.proj.weight,31,0,2359296,0
3300,blocks.5.mlp.proj.weight,32,0,2359296,0
3300,blocks.5.mlp.proj.weight,33,0,2359296,0
3300,blocks.5.mlp.proj.weight,34,0,2359296,0
3300,blocks.5.mlp.proj.weight,35,0,2359296,0
3300,blocks.5.mlp.proj.weight,36,0,2359296,0
3300,blocks.5.mlp.proj.weight,37,0,2359296,0
3300,blocks.5.mlp.proj.weight,38,0,2359296,0
3300,blocks.5.mlp.proj.weight,39,0,2359296,0
3300,blocks.5.mlp.proj.weight,40,0,2359296,0
3300,blocks.5.mlp.proj.weight,41,0,2359296,0
3300,blocks.5.mlp.proj.weight,42,0,2359296,0
3300,blocks.5.mlp.proj.weight,43,0,2359296,0
3300,blocks.5.mlp.proj.weight,44,0,2359296,0
3300,blocks.5.mlp.proj.weight,45,0,2359296,0
3300,blocks.5.mlp.proj.weight,46,0,2359296,0
3300,blocks.5.mlp.proj.weight,47,0,2359296,0
3300,blocks.5.mlp.proj.weight,48,0,2359296,0
3300,blocks.5.mlp.proj.weight,49,0,2359296,0
3300,blocks.5.mlp.proj.weight,50,0,2359296,0
3300,blocks.5.mlp.proj.weight,51,0,2359296,0
3300,blocks.5.mlp.proj.weight,52,0,2359296,0
3300,blocks.5.mlp.proj.weight,53,0,2359296,0
3300,blocks.5.mlp.proj.weight,54,0,2359296,0
3300,blocks.5.mlp.proj.weight,55,0,2359296,0
3300,blocks.5.mlp.proj.weight,56,0,2359296,0
3300,blocks.5.mlp.proj.weight,57,0,2359296,0
3300,blocks.5.mlp.proj.weight,58,0,2359296,0
3300,blocks.5.mlp.proj.weight,59,0,2359296,0
3300,blocks.5.mlp.proj.weight,60,0,2359296,0
3300,blocks.5.mlp.proj.weight,61,0,2359296,0
3300,blocks.5.mlp.proj.weight,62,0,2359296,0
3300,blocks.5.mlp.proj.weight,63,0,2359296,0
3300,blocks.5.mlp.proj.weight,64,0,2359296,0
3300,blocks.5.mlp.proj.weight,65,0,2359296,0
3300,blocks.5.mlp.proj.weight,66,0,2359296,0
3300,blocks.5.mlp.proj.weight,67,0,2359296,0
3300,blocks.5.mlp.proj.weight,68,0,2359296,0
3300,blocks.5.mlp.proj.weight,69,0,2359296,0
3300,blocks.5.mlp.proj.weight,70,0,2359296,0
3300,blocks.5.mlp.proj.weight,71,0,2359296,0
3300,blocks.5.mlp.proj.weight,72,0,2359296,0
3300,blocks.5.mlp.proj.weight,73,0,2359296,0
3300,blocks.5.mlp.proj.weight,74,0,2359296,0
3300,blocks.5.mlp.proj.weight,75,0,2359296,0
3300,blocks.5.mlp.proj.weight,76,0,2359296,0
3300,blocks.5.mlp.proj.weight,77,0,2359296,0
3300,blocks.5.mlp.proj.weight,78,0,2359296,0
3300,blocks.5.mlp.proj.weight,79,0,2359296,0
3300,blocks.5.mlp.proj.weight,80,0,2359296,0
3300,blocks.5.mlp.proj.weight,81,0,2359296,0
3300,blocks.5.mlp.proj.weight,82,0,2359296,0
3300,blocks.5.mlp.proj.weight,83,0,2359296,0
3300,blocks.5.mlp.proj.weight,84,0,2359296,0
3300,blocks.5.mlp.proj.weight,85,0,2359296,0
3300,blocks.5.mlp.proj.weight,86,0,2359296,0
3300,blocks.5.mlp.proj.weight,87,0,2359296,0
3300,blocks.5.mlp.proj.weight,88,0,2359296,0
3300,blocks.5.mlp.proj.weight,89,0,2359296,0
3300,blocks.5.mlp.proj.weight,90,0,2359296,0
3300,blocks.5.mlp.proj.weight,91,0,2359296,0
3300,blocks.5.mlp.proj.weight,92,0,2359296,0
3300,blocks.5.mlp.proj.weight,93,0,2359296,0
3300,blocks.5.mlp.proj.weight,94,0,2359296,0
3300,blocks.5.mlp.proj.weight,95,0,2359296,0
3300,blocks.5.mlp.proj.weight,96,0,2359296,0
3300,blocks.5.mlp.proj.weight,97,0,2359296,0
3300,blocks.5.mlp.proj.weight,98,0,2359296,0
3300,blocks.5.mlp.proj.weight,99,0,2359296,0
3300,blocks.5.mlp.proj.weight,100,0,2359296,0
3300,blocks.5.mlp.proj.weight,101,0,2359296,0
3300,blocks.5.mlp.proj.weight,102,0,2359296,0
3300,blocks.5.mlp.proj.weight,103,0,2359296,0
3300,blocks.5.mlp.proj.weight,104,0,2359296,0
3300,blocks.5.mlp.proj.weight,105,0,2359296,0
3300,blocks.5.mlp.proj.weight,106,0,2359296,0
3300,blocks.5.mlp.proj.weight,107,0,2359296,0
3300,blocks.5.mlp.proj.weight,108,0,2359296,0
3300,blocks.5.mlp.proj.weight,109,0,2359296,0
3300,blocks.5.mlp.proj.weight,110,0,2359296,0
3300,blocks.5.mlp.proj.weight,111,0,2359296,0
3300,blocks.5.mlp.proj.weight,112,0,2359296,0
3300,blocks.5.mlp.proj.weight,113,0,2359296,0
3300,blocks.5.mlp.proj.weight,114,0,2359296,0
3300,blocks.5.mlp.proj.weight,115,0,2359296,0
3300,blocks.5.mlp.proj.weight,116,0,2359296,0
3300,blocks.5.mlp.proj.weight,117,0,2359296,0
3300,blocks.5.mlp.proj.weight,118,0,2359296,0
3300,blocks.5.mlp.proj.weight,119,0,2359296,0
3300,blocks.5.mlp.proj.weight,120,0,2359296,0
3300,blocks.5.mlp.proj.weight,121,0,2359296,0
3300,blocks.5.mlp.proj.weight,122,0,2359296,0
3300,blocks.5.mlp.proj.weight,123,0,2359296,0
3300,blocks.5.mlp.proj.weight,124,0,2359296,0
3300,blocks.5.mlp.proj.weight,125,0,2359296,0
3300,blocks.5.mlp.proj.weight,126,0,2359296,0
3300,blocks.5.mlp.proj.weight,127,0,2359296,0
3300,blocks.5.mlp.proj.weight,128,0,2359296,0
3300,blocks.6.mlp.fc.weight,-127,0,2359296,0
3300,blocks.6.mlp.fc.weight,-126,0,2359296,0
3300,blocks.6.mlp.fc.weight,-125,0,2359296,0
3300,blocks.6.mlp.fc.weight,-124,0,2359296,0
3300,blocks.6.mlp.fc.weight,-123,0,2359296,0
3300,blocks.6.mlp.fc.weight,-122,0,2359296,0
3300,blocks.6.mlp.fc.weight,-121,0,2359296,0
3300,blocks.6.mlp.fc.weight,-120,0,2359296,0
3300,blocks.6.mlp.fc.weight,-119,0,2359296,0
3300,blocks.6.mlp.fc.weight,-118,0,2359296,0
3300,blocks.6.mlp.fc.weight,-117,0,2359296,0
3300,blocks.6.mlp.fc.weight,-116,0,2359296,0
3300,blocks.6.mlp.fc.weight,-115,0,2359296,0
3300,blocks.6.mlp.fc.weight,-114,0,2359296,0
3300,blocks.6.mlp.fc.weight,-113,0,2359296,0
3300,blocks.6.mlp.fc.weight,-112,0,2359296,0
3300,blocks.6.mlp.fc.weight,-111,0,2359296,0
3300,blocks.6.mlp.fc.weight,-110,0,2359296,0
3300,blocks.6.mlp.fc.weight,-109,0,2359296,0
3300,blocks.6.mlp.fc.weight,-108,0,2359296,0
3300,blocks.6.mlp.fc.weight,-107,0,2359296,0
3300,blocks.6.mlp.fc.weight,-106,0,2359296,0
3300,blocks.6.mlp.fc.weight,-105,0,2359296,0
3300,blocks.6.mlp.fc.weight,-104,0,2359296,0
3300,blocks.6.mlp.fc.weight,-103,0,2359296,0
3300,blocks.6.mlp.fc.weight,-102,0,2359296,0
3300,blocks.6.mlp.fc.weight,-101,0,2359296,0
3300,blocks.6.mlp.fc.weight,-100,0,2359296,0
3300,blocks.6.mlp.fc.weight,-99,0,2359296,0
3300,blocks.6.mlp.fc.weight,-98,0,2359296,0
3300,blocks.6.mlp.fc.weight,-97,0,2359296,0
3300,blocks.6.mlp.fc.weight,-96,0,2359296,0
3300,blocks.6.mlp.fc.weight,-95,0,2359296,0
3300,blocks.6.mlp.fc.weight,-94,0,2359296,0
3300,blocks.6.mlp.fc.weight,-93,0,2359296,0
3300,blocks.6.mlp.fc.weight,-92,0,2359296,0
3300,blocks.6.mlp.fc.weight,-91,0,2359296,0
3300,blocks.6.mlp.fc.weight,-90,0,2359296,0
3300,blocks.6.mlp.fc.weight,-89,0,2359296,0
3300,blocks.6.mlp.fc.weight,-88,0,2359296,0
3300,blocks.6.mlp.fc.weight,-87,0,2359296,0
3300,blocks.6.mlp.fc.weight,-86,0,2359296,0
3300,blocks.6.mlp.fc.weight,-85,0,2359296,0
3300,blocks.6.mlp.fc.weight,-84,0,2359296,0
3300,blocks.6.mlp.fc.weight,-83,0,2359296,0
3300,blocks.6.mlp.fc.weight,-82,0,2359296,0
3300,blocks.6.mlp.fc.weight,-81,0,2359296,0
3300,blocks.6.mlp.fc.weight,-80,0,2359296,0
3300,blocks.6.mlp.fc.weight,-79,0,2359296,0
3300,blocks.6.mlp.fc.weight,-78,0,2359296,0
3300,blocks.6.mlp.fc.weight,-77,0,2359296,0
3300,blocks.6.mlp.fc.weight,-76,0,2359296,0
3300,blocks.6.mlp.fc.weight,-75,0,2359296,0
3300,blocks.6.mlp.fc.weight,-74,0,2359296,0
3300,blocks.6.mlp.fc.weight,-73,0,2359296,0
3300,blocks.6.mlp.fc.weight,-72,0,2359296,0
3300,blocks.6.mlp.fc.weight,-71,0,2359296,0
3300,blocks.6.mlp.fc.weight,-70,0,2359296,0
3300,blocks.6.mlp.fc.weight,-69,0,2359296,0
3300,blocks.6.mlp.fc.weight,-68,0,2359296,0
3300,blocks.6.mlp.fc.weight,-67,0,2359296,0
3300,blocks.6.mlp.fc.weight,-66,0,2359296,0
3300,blocks.6.mlp.fc.weight,-65,0,2359296,0
3300,blocks.6.mlp.fc.weight,-64,0,2359296,0
3300,blocks.6.mlp.fc.weight,-63,0,2359296,0
3300,blocks.6.mlp.fc.weight,-62,0,2359296,0
3300,blocks.6.mlp.fc.weight,-61,0,2359296,0
3300,blocks.6.mlp.fc.weight,-60,0,2359296,0
3300,blocks.6.mlp.fc.weight,-59,0,2359296,0
3300,blocks.6.mlp.fc.weight,-58,0,2359296,0
3300,blocks.6.mlp.fc.weight,-57,0,2359296,0
3300,blocks.6.mlp.fc.weight,-56,0,2359296,0
3300,blocks.6.mlp.fc.weight,-55,0,2359296,0
3300,blocks.6.mlp.fc.weight,-54,0,2359296,0
3300,blocks.6.mlp.fc.weight,-53,0,2359296,0
3300,blocks.6.mlp.fc.weight,-52,0,2359296,0
3300,blocks.6.mlp.fc.weight,-51,0,2359296,0
3300,blocks.6.mlp.fc.weight,-50,0,2359296,0
3300,blocks.6.mlp.fc.weight,-49,0,2359296,0
3300,blocks.6.mlp.fc.weight,-48,0,2359296,0
3300,blocks.6.mlp.fc.weight,-47,0,2359296,0
3300,blocks.6.mlp.fc.weight,-46,0,2359296,0
3300,blocks.6.mlp.fc.weight,-45,0,2359296,0
3300,blocks.6.mlp.fc.weight,-44,0,2359296,0
3300,blocks.6.mlp.fc.weight,-43,0,2359296,0
3300,blocks.6.mlp.fc.weight,-42,0,2359296,0
3300,blocks.6.mlp.fc.weight,-41,0,2359296,0
3300,blocks.6.mlp.fc.weight,-40,0,2359296,0
3300,blocks.6.mlp.fc.weight,-39,0,2359296,0
3300,blocks.6.mlp.fc.weight,-38,0,2359296,0
3300,blocks.6.mlp.fc.weight,-37,0,2359296,0
3300,blocks.6.mlp.fc.weight,-36,0,2359296,0
3300,blocks.6.mlp.fc.weight,-35,0,2359296,0
3300,blocks.6.mlp.fc.weight,-34,0,2359296,0
3300,blocks.6.mlp.fc.weight,-33,1,2359296,0
3300,blocks.6.mlp.fc.weight,-32,4,2359296,0
3300,blocks.6.mlp.fc.weight,-31,11,2359296,0
3300,blocks.6.mlp.fc.weight,-30,27,2359296,0
3300,blocks.6.mlp.fc.weight,-29,18,2359296,0
3300,blocks.6.mlp.fc.weight,-28,4,2359296,0
3300,blocks.6.mlp.fc.weight,-27,1,2359296,0
3300,blocks.6.mlp.fc.weight,-26,0,2359296,0
3300,blocks.6.mlp.fc.weight,-25,0,2359296,0
3300,blocks.6.mlp.fc.weight,-24,0,2359296,0
3300,blocks.6.mlp.fc.weight,-23,0,2359296,0
3300,blocks.6.mlp.fc.weight,-22,0,2359296,0
3300,blocks.6.mlp.fc.weight,-21,3,2359296,0
3300,blocks.6.mlp.fc.weight,-20,2,2359296,0
3300,blocks.6.mlp.fc.weight,-19,7,2359296,0
3300,blocks.6.mlp.fc.weight,-18,16,2359296,0
3300,blocks.6.mlp.fc.weight,-17,50,2359296,0
3300,blocks.6.mlp.fc.weight,-16,119,2359296,0
3300,blocks.6.mlp.fc.weight,-15,235,2359296,0
3300,blocks.6.mlp.fc.weight,-14,517,2359296,0
3300,blocks.6.mlp.fc.weight,-13,1115,2359296,0
3300,blocks.6.mlp.fc.weight,-12,2202,2359296,0
3300,blocks.6.mlp.fc.weight,-11,4424,2359296,0
3300,blocks.6.mlp.fc.weight,-10,8735,2359296,0
3300,blocks.6.mlp.fc.weight,-9,17567,2359296,0
3300,blocks.6.mlp.fc.weight,-8,35049,2359296,0
3300,blocks.6.mlp.fc.weight,-7,69905,2359296,0
3300,blocks.6.mlp.fc.weight,-6,137253,2359296,0
3300,blocks.6.mlp.fc.weight,-5,264924,2359296,0
3300,blocks.6.mlp.fc.weight,-4,482502,2359296,0
3300,blocks.6.mlp.fc.weight,-3,695472,2359296,0
3300,blocks.6.mlp.fc.weight,-2,507548,2359296,0
3300,blocks.6.mlp.fc.weight,-1,117394,2359296,0
3300,blocks.6.mlp.fc.weight,0,12973,2359296,0
3300,blocks.6.mlp.fc.weight,1,1110,2359296,0
3300,blocks.6.mlp.fc.weight,2,99,2359296,0
3300,blocks.6.mlp.fc.weight,3,9,2359296,0
3300,blocks.6.mlp.fc.weight,4,0,2359296,0
3300,blocks.6.mlp.fc.weight,5,0,2359296,0
3300,blocks.6.mlp.fc.weight,6,0,2359296,0
3300,blocks.6.mlp.fc.weight,7,0,2359296,0
3300,blocks.6.mlp.fc.weight,8,0,2359296,0
3300,blocks.6.mlp.fc.weight,9,0,2359296,0
3300,blocks.6.mlp.fc.weight,10,0,2359296,0
3300,blocks.6.mlp.fc.weight,11,0,2359296,0
3300,blocks.6.mlp.fc.weight,12,0,2359296,0
3300,blocks.6.mlp.fc.weight,13,0,2359296,0
3300,blocks.6.mlp.fc.weight,14,0,2359296,0
3300,blocks.6.mlp.fc.weight,15,0,2359296,0
3300,blocks.6.mlp.fc.weight,16,0,2359296,0
3300,blocks.6.mlp.fc.weight,17,0,2359296,0
3300,blocks.6.mlp.fc.weight,18,0,2359296,0
3300,blocks.6.mlp.fc.weight,19,0,2359296,0
3300,blocks.6.mlp.fc.weight,20,0,2359296,0
3300,blocks.6.mlp.fc.weight,21,0,2359296,0
3300,blocks.6.mlp.fc.weight,22,0,2359296,0
3300,blocks.6.mlp.fc.weight,23,0,2359296,0
3300,blocks.6.mlp.fc.weight,24,0,2359296,0
3300,blocks.6.mlp.fc.weight,25,0,2359296,0
3300,blocks.6.mlp.fc.weight,26,0,2359296,0
3300,blocks.6.mlp.fc.weight,27,0,2359296,0
3300,blocks.6.mlp.fc.weight,28,0,2359296,0
3300,blocks.6.mlp.fc.weight,29,0,2359296,0
3300,blocks.6.mlp.fc.weight,30,0,2359296,0
3300,blocks.6.mlp.fc.weight,31,0,2359296,0
3300,blocks.6.mlp.fc.weight,32,0,2359296,0
3300,blocks.6.mlp.fc.weight,33,0,2359296,0
3300,blocks.6.mlp.fc.weight,34,0,2359296,0
3300,blocks.6.mlp.fc.weight,35,0,2359296,0
3300,blocks.6.mlp.fc.weight,36,0,2359296,0
3300,blocks.6.mlp.fc.weight,37,0,2359296,0
3300,blocks.6.mlp.fc.weight,38,0,2359296,0
3300,blocks.6.mlp.fc.weight,39,0,2359296,0
3300,blocks.6.mlp.fc.weight,40,0,2359296,0
3300,blocks.6.mlp.fc.weight,41,0,2359296,0
3300,blocks.6.mlp.fc.weight,42,0,2359296,0
3300,blocks.6.mlp.fc.weight,43,0,2359296,0
3300,blocks.6.mlp.fc.weight,44,0,2359296,0
3300,blocks.6.mlp.fc.weight,45,0,2359296,0
3300,blocks.6.mlp.fc.weight,46,0,2359296,0
3300,blocks.6.mlp.fc.weight,47,0,2359296,0
3300,blocks.6.mlp.fc.weight,48,0,2359296,0
3300,blocks.6.mlp.fc.weight,49,0,2359296,0
3300,blocks.6.mlp.fc.weight,50,0,2359296,0
3300,blocks.6.mlp.fc.weight,51,0,2359296,0
3300,blocks.6.mlp.fc.weight,52,0,2359296,0
3300,blocks.6.mlp.fc.weight,53,0,2359296,0
3300,blocks.6.mlp.fc.weight,54,0,2359296,0
3300,blocks.6.mlp.fc.weight,55,0,2359296,0
3300,blocks.6.mlp.fc.weight,56,0,2359296,0
3300,blocks.6.mlp.fc.weight,57,0,2359296,0
3300,blocks.6.mlp.fc.weight,58,0,2359296,0
3300,blocks.6.mlp.fc.weight,59,0,2359296,0
3300,blocks.6.mlp.fc.weight,60,0,2359296,0
3300,blocks.6.mlp.fc.weight,61,0,2359296,0
3300,blocks.6.mlp.fc.weight,62,0,2359296,0
3300,blocks.6.mlp.fc.weight,63,0,2359296,0
3300,blocks.6.mlp.fc.weight,64,0,2359296,0
3300,blocks.6.mlp.fc.weight,65,0,2359296,0
3300,blocks.6.mlp.fc.weight,66,0,2359296,0
3300,blocks.6.mlp.fc.weight,67,0,2359296,0
3300,blocks.6.mlp.fc.weight,68,0,2359296,0
3300,blocks.6.mlp.fc.weight,69,0,2359296,0
3300,blocks.6.mlp.fc.weight,70,0,2359296,0
3300,blocks.6.mlp.fc.weight,71,0,2359296,0
3300,blocks.6.mlp.fc.weight,72,0,2359296,0
3300,blocks.6.mlp.fc.weight,73,0,2359296,0
3300,blocks.6.mlp.fc.weight,74,0,2359296,0
3300,blocks.6.mlp.fc.weight,75,0,2359296,0
3300,blocks.6.mlp.fc.weight,76,0,2359296,0
3300,blocks.6.mlp.fc.weight,77,0,2359296,0
3300,blocks.6.mlp.fc.weight,78,0,2359296,0
3300,blocks.6.mlp.fc.weight,79,0,2359296,0
3300,blocks.6.mlp.fc.weight,80,0,2359296,0
3300,blocks.6.mlp.fc.weight,81,0,2359296,0
3300,blocks.6.mlp.fc.weight,82,0,2359296,0
3300,blocks.6.mlp.fc.weight,83,0,2359296,0
3300,blocks.6.mlp.fc.weight,84,0,2359296,0
3300,blocks.6.mlp.fc.weight,85,0,2359296,0
3300,blocks.6.mlp.fc.weight,86,0,2359296,0
3300,blocks.6.mlp.fc.weight,87,0,2359296,0
3300,blocks.6.mlp.fc.weight,88,0,2359296,0
3300,blocks.6.mlp.fc.weight,89,0,2359296,0
3300,blocks.6.mlp.fc.weight,90,0,2359296,0
3300,blocks.6.mlp.fc.weight,91,0,2359296,0
3300,blocks.6.mlp.fc.weight,92,0,2359296,0
3300,blocks.6.mlp.fc.weight,93,0,2359296,0
3300,blocks.6.mlp.fc.weight,94,0,2359296,0
3300,blocks.6.mlp.fc.weight,95,0,2359296,0
3300,blocks.6.mlp.fc.weight,96,0,2359296,0
3300,blocks.6.mlp.fc.weight,97,0,2359296,0
3300,blocks.6.mlp.fc.weight,98,0,2359296,0
3300,blocks.6.mlp.fc.weight,99,0,2359296,0
3300,blocks.6.mlp.fc.weight,100,0,2359296,0
3300,blocks.6.mlp.fc.weight,101,0,2359296,0
3300,blocks.6.mlp.fc.weight,102,0,2359296,0
3300,blocks.6.mlp.fc.weight,103,0,2359296,0
3300,blocks.6.mlp.fc.weight,104,0,2359296,0
3300,blocks.6.mlp.fc.weight,105,0,2359296,0
3300,blocks.6.mlp.fc.weight,106,0,2359296,0
3300,blocks.6.mlp.fc.weight,107,0,2359296,0
3300,blocks.6.mlp.fc.weight,108,0,2359296,0
3300,blocks.6.mlp.fc.weight,109,0,2359296,0
3300,blocks.6.mlp.fc.weight,110,0,2359296,0
3300,blocks.6.mlp.fc.weight,111,0,2359296,0
3300,blocks.6.mlp.fc.weight,112,0,2359296,0
3300,blocks.6.mlp.fc.weight,113,0,2359296,0
3300,blocks.6.mlp.fc.weight,114,0,2359296,0
3300,blocks.6.mlp.fc.weight,115,0,2359296,0
3300,blocks.6.mlp.fc.weight,116,0,2359296,0
3300,blocks.6.mlp.fc.weight,117,0,2359296,0
3300,blocks.6.mlp.fc.weight,118,0,2359296,0
3300,blocks.6.mlp.fc.weight,119,0,2359296,0
3300,blocks.6.mlp.fc.weight,120,0,2359296,0
3300,blocks.6.mlp.fc.weight,121,0,2359296,0
3300,blocks.6.mlp.fc.weight,122,0,2359296,0
3300,blocks.6.mlp.fc.weight,123,0,2359296,0
3300,blocks.6.mlp.fc.weight,124,0,2359296,0
3300,blocks.6.mlp.fc.weight,125,0,2359296,0
3300,blocks.6.mlp.fc.weight,126,0,2359296,0
3300,blocks.6.mlp.fc.weight,127,0,2359296,0
3300,blocks.6.mlp.fc.weight,128,0,2359296,0
3300,blocks.6.mlp.proj.weight,-127,0,2359296,0
3300,blocks.6.mlp.proj.weight,-126,0,2359296,0
3300,blocks.6.mlp.proj.weight,-125,0,2359296,0
3300,blocks.6.mlp.proj.weight,-124,0,2359296,0
3300,blocks.6.mlp.proj.weight,-123,0,2359296,0
3300,blocks.6.mlp.proj.weight,-122,0,2359296,0
3300,blocks.6.mlp.proj.weight,-121,0,2359296,0
3300,blocks.6.mlp.proj.weight,-120,0,2359296,0
3300,blocks.6.mlp.proj.weight,-119,0,2359296,0
3300,blocks.6.mlp.proj.weight,-118,0,2359296,0
3300,blocks.6.mlp.proj.weight,-117,0,2359296,0
3300,blocks.6.mlp.proj.weight,-116,0,2359296,0
3300,blocks.6.mlp.proj.weight,-115,0,2359296,0
3300,blocks.6.mlp.proj.weight,-114,0,2359296,0
3300,blocks.6.mlp.proj.weight,-113,0,2359296,0
3300,blocks.6.mlp.proj.weight,-112,0,2359296,0
3300,blocks.6.mlp.proj.weight,-111,0,2359296,0
3300,blocks.6.mlp.proj.weight,-110,0,2359296,0
3300,blocks.6.mlp.proj.weight,-109,0,2359296,0
3300,blocks.6.mlp.proj.weight,-108,0,2359296,0
3300,blocks.6.mlp.proj.weight,-107,0,2359296,0
3300,blocks.6.mlp.proj.weight,-106,0,2359296,0
3300,blocks.6.mlp.proj.weight,-105,0,2359296,0
3300,blocks.6.mlp.proj.weight,-104,0,2359296,0
3300,blocks.6.mlp.proj.weight,-103,0,2359296,0
3300,blocks.6.mlp.proj.weight,-102,0,2359296,0
3300,blocks.6.mlp.proj.weight,-101,0,2359296,0
3300,blocks.6.mlp.proj.weight,-100,0,2359296,0
3300,blocks.6.mlp.proj.weight,-99,0,2359296,0
3300,blocks.6.mlp.proj.weight,-98,0,2359296,0
3300,blocks.6.mlp.proj.weight,-97,0,2359296,0
3300,blocks.6.mlp.proj.weight,-96,0,2359296,0
3300,blocks.6.mlp.proj.weight,-95,0,2359296,0
3300,blocks.6.mlp.proj.weight,-94,0,2359296,0
3300,blocks.6.mlp.proj.weight,-93,0,2359296,0
3300,blocks.6.mlp.proj.weight,-92,0,2359296,0
3300,blocks.6.mlp.proj.weight,-91,0,2359296,0
3300,blocks.6.mlp.proj.weight,-90,0,2359296,0
3300,blocks.6.mlp.proj.weight,-89,0,2359296,0
3300,blocks.6.mlp.proj.weight,-88,0,2359296,0
3300,blocks.6.mlp.proj.weight,-87,0,2359296,0
3300,blocks.6.mlp.proj.weight,-86,0,2359296,0
3300,blocks.6.mlp.proj.weight,-85,0,2359296,0
3300,blocks.6.mlp.proj.weight,-84,0,2359296,0
3300,blocks.6.mlp.proj.weight,-83,0,2359296,0
3300,blocks.6.mlp.proj.weight,-82,0,2359296,0
3300,blocks.6.mlp.proj.weight,-81,0,2359296,0
3300,blocks.6.mlp.proj.weight,-80,0,2359296,0
3300,blocks.6.mlp.proj.weight,-79,0,2359296,0
3300,blocks.6.mlp.proj.weight,-78,0,2359296,0
3300,blocks.6.mlp.proj.weight,-77,0,2359296,0
3300,blocks.6.mlp.proj.weight,-76,0,2359296,0
3300,blocks.6.mlp.proj.weight,-75,0,2359296,0
3300,blocks.6.mlp.proj.weight,-74,0,2359296,0
3300,blocks.6.mlp.proj.weight,-73,0,2359296,0
3300,blocks.6.mlp.proj.weight,-72,0,2359296,0
3300,blocks.6.mlp.proj.weight,-71,0,2359296,0
3300,blocks.6.mlp.proj.weight,-70,0,2359296,0
3300,blocks.6.mlp.proj.weight,-69,0,2359296,0
3300,blocks.6.mlp.proj.weight,-68,0,2359296,0
3300,blocks.6.mlp.proj.weight,-67,0,2359296,0
3300,blocks.6.mlp.proj.weight,-66,0,2359296,0
3300,blocks.6.mlp.proj.weight,-65,0,2359296,0
3300,blocks.6.mlp.proj.weight,-64,0,2359296,0
3300,blocks.6.mlp.proj.weight,-63,0,2359296,0
3300,blocks.6.mlp.proj.weight,-62,0,2359296,0
3300,blocks.6.mlp.proj.weight,-61,0,2359296,0
3300,blocks.6.mlp.proj.weight,-60,0,2359296,0
3300,blocks.6.mlp.proj.weight,-59,0,2359296,0
3300,blocks.6.mlp.proj.weight,-58,0,2359296,0
3300,blocks.6.mlp.proj.weight,-57,0,2359296,0
3300,blocks.6.mlp.proj.weight,-56,0,2359296,0
3300,blocks.6.mlp.proj.weight,-55,0,2359296,0
3300,blocks.6.mlp.proj.weight,-54,0,2359296,0
3300,blocks.6.mlp.proj.weight,-53,0,2359296,0
3300,blocks.6.mlp.proj.weight,-52,0,2359296,0
3300,blocks.6.mlp.proj.weight,-51,0,2359296,0
3300,blocks.6.mlp.proj.weight,-50,0,2359296,0
3300,blocks.6.mlp.proj.weight,-49,0,2359296,0
3300,blocks.6.mlp.proj.weight,-48,0,2359296,0
3300,blocks.6.mlp.proj.weight,-47,0,2359296,0
3300,blocks.6.mlp.proj.weight,-46,0,2359296,0
3300,blocks.6.mlp.proj.weight,-45,0,2359296,0
3300,blocks.6.mlp.proj.weight,-44,0,2359296,0
3300,blocks.6.mlp.proj.weight,-43,0,2359296,0
3300,blocks.6.mlp.proj.weight,-42,0,2359296,0
3300,blocks.6.mlp.proj.weight,-41,0,2359296,0
3300,blocks.6.mlp.proj.weight,-40,0,2359296,0
3300,blocks.6.mlp.proj.weight,-39,0,2359296,0
3300,blocks.6.mlp.proj.weight,-38,0,2359296,0
3300,blocks.6.mlp.proj.weight,-37,0,2359296,0
3300,blocks.6.mlp.proj.weight,-36,0,2359296,0
3300,blocks.6.mlp.proj.weight,-35,0,2359296,0
3300,blocks.6.mlp.proj.weight,-34,0,2359296,0
3300,blocks.6.mlp.proj.weight,-33,0,2359296,0
3300,blocks.6.mlp.proj.weight,-32,1,2359296,0
3300,blocks.6.mlp.proj.weight,-31,6,2359296,0
3300,blocks.6.mlp.proj.weight,-30,18,2359296,0
3300,blocks.6.mlp.proj.weight,-29,41,2359296,0
3300,blocks.6.mlp.proj.weight,-28,16,2359296,0
3300,blocks.6.mlp.proj.weight,-27,0,2359296,0
3300,blocks.6.mlp.proj.weight,-26,0,2359296,0
3300,blocks.6.mlp.proj.weight,-25,0,2359296,0
3300,blocks.6.mlp.proj.weight,-24,0,2359296,0
3300,blocks.6.mlp.proj.weight,-23,0,2359296,0
3300,blocks.6.mlp.proj.weight,-22,0,2359296,0
3300,blocks.6.mlp.proj.weight,-21,0,2359296,0
3300,blocks.6.mlp.proj.weight,-20,0,2359296,0
3300,blocks.6.mlp.proj.weight,-19,1,2359296,0
3300,blocks.6.mlp.proj.weight,-18,7,2359296,0
3300,blocks.6.mlp.proj.weight,-17,21,2359296,0
3300,blocks.6.mlp.proj.weight,-16,74,2359296,0
3300,blocks.6.mlp.proj.weight,-15,169,2359296,0
3300,blocks.6.mlp.proj.weight,-14,303,2359296,0
3300,blocks.6.mlp.proj.weight,-13,684,2359296,0
3300,blocks.6.mlp.proj.weight,-12,1393,2359296,0
3300,blocks.6.mlp.proj.weight,-11,2763,2359296,0
3300,blocks.6.mlp.proj.weight,-10,5443,2359296,0
3300,blocks.6.mlp.proj.weight,-9,11161,2359296,0
3300,blocks.6.mlp.proj.weight,-8,22182,2359296,0
3300,blocks.6.mlp.proj.weight,-7,44213,2359296,0
3300,blocks.6.mlp.proj.weight,-6,88122,2359296,0
3300,blocks.6.mlp.proj.weight,-5,174516,2359296,0
3300,blocks.6.mlp.proj.weight,-4,335954,2359296,0
3300,blocks.6.mlp.proj.weight,-3,587209,2359296,0
3300,blocks.6.mlp.proj.weight,-2,731616,2359296,0
3300,blocks.6.mlp.proj.weight,-1,332547,2359296,0
3300,blocks.6.mlp.proj.weight,0,20565,2359296,0
3300,blocks.6.mlp.proj.weight,1,271,2359296,0
3300,blocks.6.mlp.proj.weight,2,0,2359296,0
3300,blocks.6.mlp.proj.weight,3,0,2359296,0
3300,blocks.6.mlp.proj.weight,4,0,2359296,0
3300,blocks.6.mlp.proj.weight,5,0,2359296,0
3300,blocks.6.mlp.proj.weight,6,0,2359296,0
3300,blocks.6.mlp.proj.weight,7,0,2359296,0
3300,blocks.6.mlp.proj.weight,8,0,2359296,0
3300,blocks.6.mlp.proj.weight,9,0,2359296,0
3300,blocks.6.mlp.proj.weight,10,0,2359296,0
3300,blocks.6.mlp.proj.weight,11,0,2359296,0
3300,blocks.6.mlp.proj.weight,12,0,2359296,0
3300,blocks.6.mlp.proj.weight,13,0,2359296,0
3300,blocks.6.mlp.proj.weight,14,0,2359296,0
3300,blocks.6.mlp.proj.weight,15,0,2359296,0
3300,blocks.6.mlp.proj.weight,16,0,2359296,0
3300,blocks.6.mlp.proj.weight,17,0,2359296,0
3300,blocks.6.mlp.proj.weight,18,0,2359296,0
3300,blocks.6.mlp.proj.weight,19,0,2359296,0
3300,blocks.6.mlp.proj.weight,20,0,2359296,0
3300,blocks.6.mlp.proj.weight,21,0,2359296,0
3300,blocks.6.mlp.proj.weight,22,0,2359296,0
3300,blocks.6.mlp.proj.weight,23,0,2359296,0
3300,blocks.6.mlp.proj.weight,24,0,2359296,0
3300,blocks.6.mlp.proj.weight,25,0,2359296,0
3300,blocks.6.mlp.proj.weight,26,0,2359296,0
3300,blocks.6.mlp.proj.weight,27,0,2359296,0
3300,blocks.6.mlp.proj.weight,28,0,2359296,0
3300,blocks.6.mlp.proj.weight,29,0,2359296,0
3300,blocks.6.mlp.proj.weight,30,0,2359296,0
3300,blocks.6.mlp.proj.weight,31,0,2359296,0
3300,blocks.6.mlp.proj.weight,32,0,2359296,0
3300,blocks.6.mlp.proj.weight,33,0,2359296,0
3300,blocks.6.mlp.proj.weight,34,0,2359296,0
3300,blocks.6.mlp.proj.weight,35,0,2359296,0
3300,blocks.6.mlp.proj.weight,36,0,2359296,0
3300,blocks.6.mlp.proj.weight,37,0,2359296,0
3300,blocks.6.mlp.proj.weight,38,0,2359296,0
3300,blocks.6.mlp.proj.weight,39,0,2359296,0
3300,blocks.6.mlp.proj.weight,40,0,2359296,0
3300,blocks.6.mlp.proj.weight,41,0,2359296,0
3300,blocks.6.mlp.proj.weight,42,0,2359296,0
3300,blocks.6.mlp.proj.weight,43,0,2359296,0
3300,blocks.6.mlp.proj.weight,44,0,2359296,0
3300,blocks.6.mlp.proj.weight,45,0,2359296,0
3300,blocks.6.mlp.proj.weight,46,0,2359296,0
3300,blocks.6.mlp.proj.weight,47,0,2359296,0
3300,blocks.6.mlp.proj.weight,48,0,2359296,0
3300,blocks.6.mlp.proj.weight,49,0,2359296,0
3300,blocks.6.mlp.proj.weight,50,0,2359296,0
3300,blocks.6.mlp.proj.weight,51,0,2359296,0
3300,blocks.6.mlp.proj.weight,52,0,2359296,0
3300,blocks.6.mlp.proj.weight,53,0,2359296,0
3300,blocks.6.mlp.proj.weight,54,0,2359296,0
3300,blocks.6.mlp.proj.weight,55,0,2359296,0
3300,blocks.6.mlp.proj.weight,56,0,2359296,0
3300,blocks.6.mlp.proj.weight,57,0,2359296,0
3300,blocks.6.mlp.proj.weight,58,0,2359296,0
3300,blocks.6.mlp.proj.weight,59,0,2359296,0
3300,blocks.6.mlp.proj.weight,60,0,2359296,0
3300,blocks.6.mlp.proj.weight,61,0,2359296,0
3300,blocks.6.mlp.proj.weight,62,0,2359296,0
3300,blocks.6.mlp.proj.weight,63,0,2359296,0
3300,blocks.6.mlp.proj.weight,64,0,2359296,0
3300,blocks.6.mlp.proj.weight,65,0,2359296,0
3300,blocks.6.mlp.proj.weight,66,0,2359296,0
3300,blocks.6.mlp.proj.weight,67,0,2359296,0
3300,blocks.6.mlp.proj.weight,68,0,2359296,0
3300,blocks.6.mlp.proj.weight,69,0,2359296,0
3300,blocks.6.mlp.proj.weight,70,0,2359296,0
3300,blocks.6.mlp.proj.weight,71,0,2359296,0
3300,blocks.6.mlp.proj.weight,72,0,2359296,0
3300,blocks.6.mlp.proj.weight,73,0,2359296,0
3300,blocks.6.mlp.proj.weight,74,0,2359296,0
3300,blocks.6.mlp.proj.weight,75,0,2359296,0
3300,blocks.6.mlp.proj.weight,76,0,2359296,0
3300,blocks.6.mlp.proj.weight,77,0,2359296,0
3300,blocks.6.mlp.proj.weight,78,0,2359296,0
3300,blocks.6.mlp.proj.weight,79,0,2359296,0
3300,blocks.6.mlp.proj.weight,80,0,2359296,0
3300,blocks.6.mlp.proj.weight,81,0,2359296,0
3300,blocks.6.mlp.proj.weight,82,0,2359296,0
3300,blocks.6.mlp.proj.weight,83,0,2359296,0
3300,blocks.6.mlp.proj.weight,84,0,2359296,0
3300,blocks.6.mlp.proj.weight,85,0,2359296,0
3300,blocks.6.mlp.proj.weight,86,0,2359296,0
3300,blocks.6.mlp.proj.weight,87,0,2359296,0
3300,blocks.6.mlp.proj.weight,88,0,2359296,0
3300,blocks.6.mlp.proj.weight,89,0,2359296,0
3300,blocks.6.mlp.proj.weight,90,0,2359296,0
3300,blocks.6.mlp.proj.weight,91,0,2359296,0
3300,blocks.6.mlp.proj.weight,92,0,2359296,0
3300,blocks.6.mlp.proj.weight,93,0,2359296,0
3300,blocks.6.mlp.proj.weight,94,0,2359296,0
3300,blocks.6.mlp.proj.weight,95,0,2359296,0
3300,blocks.6.mlp.proj.weight,96,0,2359296,0
3300,blocks.6.mlp.proj.weight,97,0,2359296,0
3300,blocks.6.mlp.proj.weight,98,0,2359296,0
3300,blocks.6.mlp.proj.weight,99,0,2359296,0
3300,blocks.6.mlp.proj.weight,100,0,2359296,0
3300,blocks.6.mlp.proj.weight,101,0,2359296,0
3300,blocks.6.mlp.proj.weight,102,0,2359296,0
3300,blocks.6.mlp.proj.weight,103,0,2359296,0
3300,blocks.6.mlp.proj.weight,104,0,2359296,0
3300,blocks.6.mlp.proj.weight,105,0,2359296,0
3300,blocks.6.mlp.proj.weight,106,0,2359296,0
3300,blocks.6.mlp.proj.weight,107,0,2359296,0
3300,blocks.6.mlp.proj.weight,108,0,2359296,0
3300,blocks.6.mlp.proj.weight,109,0,2359296,0
3300,blocks.6.mlp.proj.weight,110,0,2359296,0
3300,blocks.6.mlp.proj.weight,111,0,2359296,0
3300,blocks.6.mlp.proj.weight,112,0,2359296,0
3300,blocks.6.mlp.proj.weight,113,0,2359296,0
3300,blocks.6.mlp.proj.weight,114,0,2359296,0
3300,blocks.6.mlp.proj.weight,115,0,2359296,0
3300,blocks.6.mlp.proj.weight,116,0,2359296,0
3300,blocks.6.mlp.proj.weight,117,0,2359296,0
3300,blocks.6.mlp.proj.weight,118,0,2359296,0
3300,blocks.6.mlp.proj.weight,119,0,2359296,0
3300,blocks.6.mlp.proj.weight,120,0,2359296,0
3300,blocks.6.mlp.proj.weight,121,0,2359296,0
3300,blocks.6.mlp.proj.weight,122,0,2359296,0
3300,blocks.6.mlp.proj.weight,123,0,2359296,0
3300,blocks.6.mlp.proj.weight,124,0,2359296,0
3300,blocks.6.mlp.proj.weight,125,0,2359296,0
3300,blocks.6.mlp.proj.weight,126,0,2359296,0
3300,blocks.6.mlp.proj.weight,127,0,2359296,0
3300,blocks.6.mlp.proj.weight,128,0,2359296,0
3300,blocks.7.mlp.fc.weight,-127,0,2359296,0
3300,blocks.7.mlp.fc.weight,-126,0,2359296,0
3300,blocks.7.mlp.fc.weight,-125,0,2359296,0
3300,blocks.7.mlp.fc.weight,-124,0,2359296,0
3300,blocks.7.mlp.fc.weight,-123,0,2359296,0
3300,blocks.7.mlp.fc.weight,-122,0,2359296,0
3300,blocks.7.mlp.fc.weight,-121,0,2359296,0
3300,blocks.7.mlp.fc.weight,-120,0,2359296,0
3300,blocks.7.mlp.fc.weight,-119,0,2359296,0
3300,blocks.7.mlp.fc.weight,-118,0,2359296,0
3300,blocks.7.mlp.fc.weight,-117,0,2359296,0
3300,blocks.7.mlp.fc.weight,-116,0,2359296,0
3300,blocks.7.mlp.fc.weight,-115,0,2359296,0
3300,blocks.7.mlp.fc.weight,-114,0,2359296,0
3300,blocks.7.mlp.fc.weight,-113,0,2359296,0
3300,blocks.7.mlp.fc.weight,-112,0,2359296,0
3300,blocks.7.mlp.fc.weight,-111,0,2359296,0
3300,blocks.7.mlp.fc.weight,-110,0,2359296,0
3300,blocks.7.mlp.fc.weight,-109,0,2359296,0
3300,blocks.7.mlp.fc.weight,-108,0,2359296,0
3300,blocks.7.mlp.fc.weight,-107,0,2359296,0
3300,blocks.7.mlp.fc.weight,-106,0,2359296,0
3300,blocks.7.mlp.fc.weight,-105,0,2359296,0
3300,blocks.7.mlp.fc.weight,-104,0,2359296,0
3300,blocks.7.mlp.fc.weight,-103,0,2359296,0
3300,blocks.7.mlp.fc.weight,-102,0,2359296,0
3300,blocks.7.mlp.fc.weight,-101,0,2359296,0
3300,blocks.7.mlp.fc.weight,-100,0,2359296,0
3300,blocks.7.mlp.fc.weight,-99,0,2359296,0
3300,blocks.7.mlp.fc.weight,-98,0,2359296,0
3300,blocks.7.mlp.fc.weight,-97,0,2359296,0
3300,blocks.7.mlp.fc.weight,-96,0,2359296,0
3300,blocks.7.mlp.fc.weight,-95,0,2359296,0
3300,blocks.7.mlp.fc.weight,-94,0,2359296,0
3300,blocks.7.mlp.fc.weight,-93,0,2359296,0
3300,blocks.7.mlp.fc.weight,-92,0,2359296,0
3300,blocks.7.mlp.fc.weight,-91,0,2359296,0
3300,blocks.7.mlp.fc.weight,-90,0,2359296,0
3300,blocks.7.mlp.fc.weight,-89,0,2359296,0
3300,blocks.7.mlp.fc.weight,-88,0,2359296,0
3300,blocks.7.mlp.fc.weight,-87,0,2359296,0
3300,blocks.7.mlp.fc.weight,-86,0,2359296,0
3300,blocks.7.mlp.fc.weight,-85,0,2359296,0
3300,blocks.7.mlp.fc.weight,-84,0,2359296,0
3300,blocks.7.mlp.fc.weight,-83,0,2359296,0
3300,blocks.7.mlp.fc.weight,-82,0,2359296,0
3300,blocks.7.mlp.fc.weight,-81,0,2359296,0
3300,blocks.7.mlp.fc.weight,-80,0,2359296,0
3300,blocks.7.mlp.fc.weight,-79,0,2359296,0
3300,blocks.7.mlp.fc.weight,-78,0,2359296,0
3300,blocks.7.mlp.fc.weight,-77,0,2359296,0
3300,blocks.7.mlp.fc.weight,-76,0,2359296,0
3300,blocks.7.mlp.fc.weight,-75,0,2359296,0
3300,blocks.7.mlp.fc.weight,-74,0,2359296,0
3300,blocks.7.mlp.fc.weight,-73,0,2359296,0
3300,blocks.7.mlp.fc.weight,-72,0,2359296,0
3300,blocks.7.mlp.fc.weight,-71,0,2359296,0
3300,blocks.7.mlp.fc.weight,-70,0,2359296,0
3300,blocks.7.mlp.fc.weight,-69,0,2359296,0
3300,blocks.7.mlp.fc.weight,-68,0,2359296,0
3300,blocks.7.mlp.fc.weight,-67,0,2359296,0
3300,blocks.7.mlp.fc.weight,-66,0,2359296,0
3300,blocks.7.mlp.fc.weight,-65,0,2359296,0
3300,blocks.7.mlp.fc.weight,-64,0,2359296,0
3300,blocks.7.mlp.fc.weight,-63,0,2359296,0
3300,blocks.7.mlp.fc.weight,-62,0,2359296,0
3300,blocks.7.mlp.fc.weight,-61,0,2359296,0
3300,blocks.7.mlp.fc.weight,-60,0,2359296,0
3300,blocks.7.mlp.fc.weight,-59,0,2359296,0
3300,blocks.7.mlp.fc.weight,-58,0,2359296,0
3300,blocks.7.mlp.fc.weight,-57,0,2359296,0
3300,blocks.7.mlp.fc.weight,-56,0,2359296,0
3300,blocks.7.mlp.fc.weight,-55,0,2359296,0
3300,blocks.7.mlp.fc.weight,-54,0,2359296,0
3300,blocks.7.mlp.fc.weight,-53,0,2359296,0
3300,blocks.7.mlp.fc.weight,-52,0,2359296,0
3300,blocks.7.mlp.fc.weight,-51,0,2359296,0
3300,blocks.7.mlp.fc.weight,-50,0,2359296,0
3300,blocks.7.mlp.fc.weight,-49,0,2359296,0
3300,blocks.7.mlp.fc.weight,-48,0,2359296,0
3300,blocks.7.mlp.fc.weight,-47,0,2359296,0
3300,blocks.7.mlp.fc.weight,-46,0,2359296,0
3300,blocks.7.mlp.fc.weight,-45,0,2359296,0
3300,blocks.7.mlp.fc.weight,-44,0,2359296,0
3300,blocks.7.mlp.fc.weight,-43,0,2359296,0
3300,blocks.7.mlp.fc.weight,-42,0,2359296,0
3300,blocks.7.mlp.fc.weight,-41,0,2359296,0
3300,blocks.7.mlp.fc.weight,-40,0,2359296,0
3300,blocks.7.mlp.fc.weight,-39,0,2359296,0
3300,blocks.7.mlp.fc.weight,-38,0,2359296,0
3300,blocks.7.mlp.fc.weight,-37,0,2359296,0
3300,blocks.7.mlp.fc.weight,-36,0,2359296,0
3300,blocks.7.mlp.fc.weight,-35,0,2359296,0
3300,blocks.7.mlp.fc.weight,-34,1,2359296,0
3300,blocks.7.mlp.fc.weight,-33,1,2359296,0
3300,blocks.7.mlp.fc.weight,-32,5,2359296,0
3300,blocks.7.mlp.fc.weight,-31,12,2359296,0
3300,blocks.7.mlp.fc.weight,-30,24,2359296,0
3300,blocks.7.mlp.fc.weight,-29,22,2359296,0
3300,blocks.7.mlp.fc.weight,-28,3,2359296,0
3300,blocks.7.mlp.fc.weight,-27,0,2359296,0
3300,blocks.7.mlp.fc.weight,-26,0,2359296,0
3300,blocks.7.mlp.fc.weight,-25,0,2359296,0
3300,blocks.7.mlp.fc.weight,-24,0,2359296,0
3300,blocks.7.mlp.fc.weight,-23,0,2359296,0
3300,blocks.7.mlp.fc.weight,-22,0,2359296,0
3300,blocks.7.mlp.fc.weight,-21,0,2359296,0
3300,blocks.7.mlp.fc.weight,-20,0,2359296,0
3300,blocks.7.mlp.fc.weight,-19,3,2359296,0
3300,blocks.7.mlp.fc.weight,-18,18,2359296,0
3300,blocks.7.mlp.fc.weight,-17,56,2359296,0
3300,blocks.7.mlp.fc.weight,-16,125,2359296,0
3300,blocks.7.mlp.fc.weight,-15,253,2359296,0
3300,blocks.7.mlp.fc.weight,-14,497,2359296,0
3300,blocks.7.mlp.fc.weight,-13,1078,2359296,0
3300,blocks.7.mlp.fc.weight,-12,2164,2359296,0
3300,blocks.7.mlp.fc.weight,-11,4431,2359296,0
3300,blocks.7.mlp.fc.weight,-10,8789,2359296,0
3300,blocks.7.mlp.fc.weight,-9,17671,2359296,0
3300,blocks.7.mlp.fc.weight,-8,35020,2359296,0
3300,blocks.7.mlp.fc.weight,-7,70023,2359296,0
3300,blocks.7.mlp.fc.weight,-6,137676,2359296,0
3300,blocks.7.mlp.fc.weight,-5,266227,2359296,0
3300,blocks.7.mlp.fc.weight,-4,483066,2359296,0
3300,blocks.7.mlp.fc.weight,-3,698928,2359296,0
3300,blocks.7.mlp.fc.weight,-2,511786,2359296,0
3300,blocks.7.mlp.fc.weight,-1,110761,2359296,0
3300,blocks.7.mlp.fc.weight,0,10173,2359296,0
3300,blocks.7.mlp.fc.weight,1,477,2359296,0
3300,blocks.7.mlp.fc.weight,2,6,2359296,0
3300,blocks.7.mlp.fc.weight,3,0,2359296,0
3300,blocks.7.mlp.fc.weight,4,0,2359296,0
3300,blocks.7.mlp.fc.weight,5,0,2359296,0
3300,blocks.7.mlp.fc.weight,6,0,2359296,0
3300,blocks.7.mlp.fc.weight,7,0,2359296,0
3300,blocks.7.mlp.fc.weight,8,0,2359296,0
3300,blocks.7.mlp.fc.weight,9,0,2359296,0
3300,blocks.7.mlp.fc.weight,10,0,2359296,0
3300,blocks.7.mlp.fc.weight,11,0,2359296,0
3300,blocks.7.mlp.fc.weight,12,0,2359296,0
3300,blocks.7.mlp.fc.weight,13,0,2359296,0
3300,blocks.7.mlp.fc.weight,14,0,2359296,0
3300,blocks.7.mlp.fc.weight,15,0,2359296,0
3300,blocks.7.mlp.fc.weight,16,0,2359296,0
3300,blocks.7.mlp.fc.weight,17,0,2359296,0
3300,blocks.7.mlp.fc.weight,18,0,2359296,0
3300,blocks.7.mlp.fc.weight,19,0,2359296,0
3300,blocks.7.mlp.fc.weight,20,0,2359296,0
3300,blocks.7.mlp.fc.weight,21,0,2359296,0
3300,blocks.7.mlp.fc.weight,22,0,2359296,0
3300,blocks.7.mlp.fc.weight,23,0,2359296,0
3300,blocks.7.mlp.fc.weight,24,0,2359296,0
3300,blocks.7.mlp.fc.weight,25,0,2359296,0
3300,blocks.7.mlp.fc.weight,26,0,2359296,0
3300,blocks.7.mlp.fc.weight,27,0,2359296,0
3300,blocks.7.mlp.fc.weight,28,0,2359296,0
3300,blocks.7.mlp.fc.weight,29,0,2359296,0
3300,blocks.7.mlp.fc.weight,30,0,2359296,0
3300,blocks.7.mlp.fc.weight,31,0,2359296,0
3300,blocks.7.mlp.fc.weight,32,0,2359296,0
3300,blocks.7.mlp.fc.weight,33,0,2359296,0
3300,blocks.7.mlp.fc.weight,34,0,2359296,0
3300,blocks.7.mlp.fc.weight,35,0,2359296,0
3300,blocks.7.mlp.fc.weight,36,0,2359296,0
3300,blocks.7.mlp.fc.weight,37,0,2359296,0
3300,blocks.7.mlp.fc.weight,38,0,2359296,0
3300,blocks.7.mlp.fc.weight,39,0,2359296,0
3300,blocks.7.mlp.fc.weight,40,0,2359296,0
3300,blocks.7.mlp.fc.weight,41,0,2359296,0
3300,blocks.7.mlp.fc.weight,42,0,2359296,0
3300,blocks.7.mlp.fc.weight,43,0,2359296,0
3300,blocks.7.mlp.fc.weight,44,0,2359296,0
3300,blocks.7.mlp.fc.weight,45,0,2359296,0
3300,blocks.7.mlp.fc.weight,46,0,2359296,0
3300,blocks.7.mlp.fc.weight,47,0,2359296,0
3300,blocks.7.mlp.fc.weight,48,0,2359296,0
3300,blocks.7.mlp.fc.weight,49,0,2359296,0
3300,blocks.7.mlp.fc.weight,50,0,2359296,0
3300,blocks.7.mlp.fc.weight,51,0,2359296,0
3300,blocks.7.mlp.fc.weight,52,0,2359296,0
3300,blocks.7.mlp.fc.weight,53,0,2359296,0
3300,blocks.7.mlp.fc.weight,54,0,2359296,0
3300,blocks.7.mlp.fc.weight,55,0,2359296,0
3300,blocks.7.mlp.fc.weight,56,0,2359296,0
3300,blocks.7.mlp.fc.weight,57,0,2359296,0
3300,blocks.7.mlp.fc.weight,58,0,2359296,0
3300,blocks.7.mlp.fc.weight,59,0,2359296,0
3300,blocks.7.mlp.fc.weight,60,0,2359296,0
3300,blocks.7.mlp.fc.weight,61,0,2359296,0
3300,blocks.7.mlp.fc.weight,62,0,2359296,0
3300,blocks.7.mlp.fc.weight,63,0,2359296,0
3300,blocks.7.mlp.fc.weight,64,0,2359296,0
3300,blocks.7.mlp.fc.weight,65,0,2359296,0
3300,blocks.7.mlp.fc.weight,66,0,2359296,0
3300,blocks.7.mlp.fc.weight,67,0,2359296,0
3300,blocks.7.mlp.fc.weight,68,0,2359296,0
3300,blocks.7.mlp.fc.weight,69,0,2359296,0
3300,blocks.7.mlp.fc.weight,70,0,2359296,0
3300,blocks.7.mlp.fc.weight,71,0,2359296,0
3300,blocks.7.mlp.fc.weight,72,0,2359296,0
3300,blocks.7.mlp.fc.weight,73,0,2359296,0
3300,blocks.7.mlp.fc.weight,74,0,2359296,0
3300,blocks.7.mlp.fc.weight,75,0,2359296,0
3300,blocks.7.mlp.fc.weight,76,0,2359296,0
3300,blocks.7.mlp.fc.weight,77,0,2359296,0
3300,blocks.7.mlp.fc.weight,78,0,2359296,0
3300,blocks.7.mlp.fc.weight,79,0,2359296,0
3300,blocks.7.mlp.fc.weight,80,0,2359296,0
3300,blocks.7.mlp.fc.weight,81,0,2359296,0
3300,blocks.7.mlp.fc.weight,82,0,2359296,0
3300,blocks.7.mlp.fc.weight,83,0,2359296,0
3300,blocks.7.mlp.fc.weight,84,0,2359296,0
3300,blocks.7.mlp.fc.weight,85,0,2359296,0
3300,blocks.7.mlp.fc.weight,86,0,2359296,0
3300,blocks.7.mlp.fc.weight,87,0,2359296,0
3300,blocks.7.mlp.fc.weight,88,0,2359296,0
3300,blocks.7.mlp.fc.weight,89,0,2359296,0
3300,blocks.7.mlp.fc.weight,90,0,2359296,0
3300,blocks.7.mlp.fc.weight,91,0,2359296,0
3300,blocks.7.mlp.fc.weight,92,0,2359296,0
3300,blocks.7.mlp.fc.weight,93,0,2359296,0
3300,blocks.7.mlp.fc.weight,94,0,2359296,0
3300,blocks.7.mlp.fc.weight,95,0,2359296,0
3300,blocks.7.mlp.fc.weight,96,0,2359296,0
3300,blocks.7.mlp.fc.weight,97,0,2359296,0
3300,blocks.7.mlp.fc.weight,98,0,2359296,0
3300,blocks.7.mlp.fc.weight,99,0,2359296,0
3300,blocks.7.mlp.fc.weight,100,0,2359296,0
3300,blocks.7.mlp.fc.weight,101,0,2359296,0
3300,blocks.7.mlp.fc.weight,102,0,2359296,0
3300,blocks.7.mlp.fc.weight,103,0,2359296,0
3300,blocks.7.mlp.fc.weight,104,0,2359296,0
3300,blocks.7.mlp.fc.weight,105,0,2359296,0
3300,blocks.7.mlp.fc.weight,106,0,2359296,0
3300,blocks.7.mlp.fc.weight,107,0,2359296,0
3300,blocks.7.mlp.fc.weight,108,0,2359296,0
3300,blocks.7.mlp.fc.weight,109,0,2359296,0
3300,blocks.7.mlp.fc.weight,110,0,2359296,0
3300,blocks.7.mlp.fc.weight,111,0,2359296,0
3300,blocks.7.mlp.fc.weight,112,0,2359296,0
3300,blocks.7.mlp.fc.weight,113,0,2359296,0
3300,blocks.7.mlp.fc.weight,114,0,2359296,0
3300,blocks.7.mlp.fc.weight,115,0,2359296,0
3300,blocks.7.mlp.fc.weight,116,0,2359296,0
3300,blocks.7.mlp.fc.weight,117,0,2359296,0
3300,blocks.7.mlp.fc.weight,118,0,2359296,0
3300,blocks.7.mlp.fc.weight,119,0,2359296,0
3300,blocks.7.mlp.fc.weight,120,0,2359296,0
3300,blocks.7.mlp.fc.weight,121,0,2359296,0
3300,blocks.7.mlp.fc.weight,122,0,2359296,0
3300,blocks.7.mlp.fc.weight,123,0,2359296,0
3300,blocks.7.mlp.fc.weight,124,0,2359296,0
3300,blocks.7.mlp.fc.weight,125,0,2359296,0
3300,blocks.7.mlp.fc.weight,126,0,2359296,0
3300,blocks.7.mlp.fc.weight,127,0,2359296,0
3300,blocks.7.mlp.fc.weight,128,0,2359296,0
3300,blocks.7.mlp.proj.weight,-127,0,2359296,0
3300,blocks.7.mlp.proj.weight,-126,0,2359296,0
3300,blocks.7.mlp.proj.weight,-125,0,2359296,0
3300,blocks.7.mlp.proj.weight,-124,0,2359296,0
3300,blocks.7.mlp.proj.weight,-123,0,2359296,0
3300,blocks.7.mlp.proj.weight,-122,0,2359296,0
3300,blocks.7.mlp.proj.weight,-121,0,2359296,0
3300,blocks.7.mlp.proj.weight,-120,0,2359296,0
3300,blocks.7.mlp.proj.weight,-119,0,2359296,0
3300,blocks.7.mlp.proj.weight,-118,0,2359296,0
3300,blocks.7.mlp.proj.weight,-117,0,2359296,0
3300,blocks.7.mlp.proj.weight,-116,0,2359296,0
3300,blocks.7.mlp.proj.weight,-115,0,2359296,0
3300,blocks.7.mlp.proj.weight,-114,0,2359296,0
3300,blocks.7.mlp.proj.weight,-113,0,2359296,0
3300,blocks.7.mlp.proj.weight,-112,0,2359296,0
3300,blocks.7.mlp.proj.weight,-111,0,2359296,0
3300,blocks.7.mlp.proj.weight,-110,0,2359296,0
3300,blocks.7.mlp.proj.weight,-109,0,2359296,0
3300,blocks.7.mlp.proj.weight,-108,0,2359296,0
3300,blocks.7.mlp.proj.weight,-107,0,2359296,0
3300,blocks.7.mlp.proj.weight,-106,0,2359296,0
3300,blocks.7.mlp.proj.weight,-105,0,2359296,0
3300,blocks.7.mlp.proj.weight,-104,0,2359296,0
3300,blocks.7.mlp.proj.weight,-103,0,2359296,0
3300,blocks.7.mlp.proj.weight,-102,0,2359296,0
3300,blocks.7.mlp.proj.weight,-101,0,2359296,0
3300,blocks.7.mlp.proj.weight,-100,0,2359296,0
3300,blocks.7.mlp.proj.weight,-99,0,2359296,0
3300,blocks.7.mlp.proj.weight,-98,0,2359296,0
3300,blocks.7.mlp.proj.weight,-97,0,2359296,0
3300,blocks.7.mlp.proj.weight,-96,0,2359296,0
3300,blocks.7.mlp.proj.weight,-95,0,2359296,0
3300,blocks.7.mlp.proj.weight,-94,0,2359296,0
3300,blocks.7.mlp.proj.weight,-93,0,2359296,0
3300,blocks.7.mlp.proj.weight,-92,0,2359296,0
3300,blocks.7.mlp.proj.weight,-91,0,2359296,0
3300,blocks.7.mlp.proj.weight,-90,0,2359296,0
3300,blocks.7.mlp.proj.weight,-89,0,2359296,0
3300,blocks.7.mlp.proj.weight,-88,0,2359296,0
3300,blocks.7.mlp.proj.weight,-87,0,2359296,0
3300,blocks.7.mlp.proj.weight,-86,0,2359296,0
3300,blocks.7.mlp.proj.weight,-85,0,2359296,0
3300,blocks.7.mlp.proj.weight,-84,0,2359296,0
3300,blocks.7.mlp.proj.weight,-83,0,2359296,0
3300,blocks.7.mlp.proj.weight,-82,0,2359296,0
3300,blocks.7.mlp.proj.weight,-81,0,2359296,0
3300,blocks.7.mlp.proj.weight,-80,0,2359296,0
3300,blocks.7.mlp.proj.weight,-79,0,2359296,0
3300,blocks.7.mlp.proj.weight,-78,0,2359296,0
3300,blocks.7.mlp.proj.weight,-77,0,2359296,0
3300,blocks.7.mlp.proj.weight,-76,0,2359296,0
3300,blocks.7.mlp.proj.weight,-75,0,2359296,0
3300,blocks.7.mlp.proj.weight,-74,0,2359296,0
3300,blocks.7.mlp.proj.weight,-73,0,2359296,0
3300,blocks.7.mlp.proj.weight,-72,0,2359296,0
3300,blocks.7.mlp.proj.weight,-71,0,2359296,0
3300,blocks.7.mlp.proj.weight,-70,0,2359296,0
3300,blocks.7.mlp.proj.weight,-69,0,2359296,0
3300,blocks.7.mlp.proj.weight,-68,0,2359296,0
3300,blocks.7.mlp.proj.weight,-67,0,2359296,0
3300,blocks.7.mlp.proj.weight,-66,0,2359296,0
3300,blocks.7.mlp.proj.weight,-65,0,2359296,0
3300,blocks.7.mlp.proj.weight,-64,0,2359296,0
3300,blocks.7.mlp.proj.weight,-63,0,2359296,0
3300,blocks.7.mlp.proj.weight,-62,0,2359296,0
3300,blocks.7.mlp.proj.weight,-61,0,2359296,0
3300,blocks.7.mlp.proj.weight,-60,0,2359296,0
3300,blocks.7.mlp.proj.weight,-59,0,2359296,0
3300,blocks.7.mlp.proj.weight,-58,0,2359296,0
3300,blocks.7.mlp.proj.weight,-57,0,2359296,0
3300,blocks.7.mlp.proj.weight,-56,0,2359296,0
3300,blocks.7.mlp.proj.weight,-55,0,2359296,0
3300,blocks.7.mlp.proj.weight,-54,0,2359296,0
3300,blocks.7.mlp.proj.weight,-53,0,2359296,0
3300,blocks.7.mlp.proj.weight,-52,0,2359296,0
3300,blocks.7.mlp.proj.weight,-51,0,2359296,0
3300,blocks.7.mlp.proj.weight,-50,0,2359296,0
3300,blocks.7.mlp.proj.weight,-49,0,2359296,0
3300,blocks.7.mlp.proj.weight,-48,0,2359296,0
3300,blocks.7.mlp.proj.weight,-47,0,2359296,0
3300,blocks.7.mlp.proj.weight,-46,0,2359296,0
3300,blocks.7.mlp.proj.weight,-45,0,2359296,0
3300,blocks.7.mlp.proj.weight,-44,0,2359296,0
3300,blocks.7.mlp.proj.weight,-43,0,2359296,0
3300,blocks.7.mlp.proj.weight,-42,0,2359296,0
3300,blocks.7.mlp.proj.weight,-41,0,2359296,0
3300,blocks.7.mlp.proj.weight,-40,0,2359296,0
3300,blocks.7.mlp.proj.weight,-39,0,2359296,0
3300,blocks.7.mlp.proj.weight,-38,0,2359296,0
3300,blocks.7.mlp.proj.weight,-37,0,2359296,0
3300,blocks.7.mlp.proj.weight,-36,0,2359296,0
3300,blocks.7.mlp.proj.weight,-35,0,2359296,0
3300,blocks.7.mlp.proj.weight,-34,1,2359296,0
3300,blocks.7.mlp.proj.weight,-33,0,2359296,0
3300,blocks.7.mlp.proj.weight,-32,3,2359296,0
3300,blocks.7.mlp.proj.weight,-31,10,2359296,0
3300,blocks.7.mlp.proj.weight,-30,16,2359296,0
3300,blocks.7.mlp.proj.weight,-29,29,2359296,0
3300,blocks.7.mlp.proj.weight,-28,14,2359296,0
3300,blocks.7.mlp.proj.weight,-27,0,2359296,0
3300,blocks.7.mlp.proj.weight,-26,0,2359296,0
3300,blocks.7.mlp.proj.weight,-25,0,2359296,0
3300,blocks.7.mlp.proj.weight,-24,0,2359296,0
3300,blocks.7.mlp.proj.weight,-23,0,2359296,0
3300,blocks.7.mlp.proj.weight,-22,0,2359296,0
3300,blocks.7.mlp.proj.weight,-21,0,2359296,0
3300,blocks.7.mlp.proj.weight,-20,2,2359296,0
3300,blocks.7.mlp.proj.weight,-19,1,2359296,0
3300,blocks.7.mlp.proj.weight,-18,7,2359296,0
3300,blocks.7.mlp.proj.weight,-17,17,2359296,0
3300,blocks.7.mlp.proj.weight,-16,87,2359296,0
3300,blocks.7.mlp.proj.weight,-15,152,2359296,0
3300,blocks.7.mlp.proj.weight,-14,311,2359296,0
3300,blocks.7.mlp.proj.weight,-13,648,2359296,0
3300,blocks.7.mlp.proj.weight,-12,1427,2359296,0
3300,blocks.7.mlp.proj.weight,-11,2807,2359296,0
3300,blocks.7.mlp.proj.weight,-10,5753,2359296,0
3300,blocks.7.mlp.proj.weight,-9,11137,2359296,0
3300,blocks.7.mlp.proj.weight,-8,22488,2359296,0
3300,blocks.7.mlp.proj.weight,-7,44711,2359296,0
3300,blocks.7.mlp.proj.weight,-6,90072,2359296,0
3300,blocks.7.mlp.proj.weight,-5,176659,2359296,0
3300,blocks.7.mlp.proj.weight,-4,340366,2359296,0
3300,blocks.7.mlp.proj.weight,-3,593280,2359296,0
3300,blocks.7.mlp.proj.weight,-2,729553,2359296,0
3300,blocks.7.mlp.proj.weight,-1,321405,2359296,0
3300,blocks.7.mlp.proj.weight,0,17987,2359296,0
3300,blocks.7.mlp.proj.weight,1,345,2359296,0
3300,blocks.7.mlp.proj.weight,2,8,2359296,0
3300,blocks.7.mlp.proj.weight,3,0,2359296,0
3300,blocks.7.mlp.proj.weight,4,0,2359296,0
3300,blocks.7.mlp.proj.weight,5,0,2359296,0
3300,blocks.7.mlp.proj.weight,6,0,2359296,0
3300,blocks.7.mlp.proj.weight,7,0,2359296,0
3300,blocks.7.mlp.proj.weight,8,0,2359296,0
3300,blocks.7.mlp.proj.weight,9,0,2359296,0
3300,blocks.7.mlp.proj.weight,10,0,2359296,0
3300,blocks.7.mlp.proj.weight,11,0,2359296,0
3300,blocks.7.mlp.proj.weight,12,0,2359296,0
3300,blocks.7.mlp.proj.weight,13,0,2359296,0
3300,blocks.7.mlp.proj.weight,14,0,2359296,0
3300,blocks.7.mlp.proj.weight,15,0,2359296,0
3300,blocks.7.mlp.proj.weight,16,0,2359296,0
3300,blocks.7.mlp.proj.weight,17,0,2359296,0
3300,blocks.7.mlp.proj.weight,18,0,2359296,0
3300,blocks.7.mlp.proj.weight,19,0,2359296,0
3300,blocks.7.mlp.proj.weight,20,0,2359296,0
3300,blocks.7.mlp.proj.weight,21,0,2359296,0
3300,blocks.7.mlp.proj.weight,22,0,2359296,0
3300,blocks.7.mlp.proj.weight,23,0,2359296,0
3300,blocks.7.mlp.proj.weight,24,0,2359296,0
3300,blocks.7.mlp.proj.weight,25,0,2359296,0
3300,blocks.7.mlp.proj.weight,26,0,2359296,0
3300,blocks.7.mlp.proj.weight,27,0,2359296,0
3300,blocks.7.mlp.proj.weight,28,0,2359296,0
3300,blocks.7.mlp.proj.weight,29,0,2359296,0
3300,blocks.7.mlp.proj.weight,30,0,2359296,0
3300,blocks.7.mlp.proj.weight,31,0,2359296,0
3300,blocks.7.mlp.proj.weight,32,0,2359296,0
3300,blocks.7.mlp.proj.weight,33,0,2359296,0
3300,blocks.7.mlp.proj.weight,34,0,2359296,0
3300,blocks.7.mlp.proj.weight,35,0,2359296,0
3300,blocks.7.mlp.proj.weight,36,0,2359296,0
3300,blocks.7.mlp.proj.weight,37,0,2359296,0
3300,blocks.7.mlp.proj.weight,38,0,2359296,0
3300,blocks.7.mlp.proj.weight,39,0,2359296,0
3300,blocks.7.mlp.proj.weight,40,0,2359296,0
3300,blocks.7.mlp.proj.weight,41,0,2359296,0
3300,blocks.7.mlp.proj.weight,42,0,2359296,0
3300,blocks.7.mlp.proj.weight,43,0,2359296,0
3300,blocks.7.mlp.proj.weight,44,0,2359296,0
3300,blocks.7.mlp.proj.weight,45,0,2359296,0
3300,blocks.7.mlp.proj.weight,46,0,2359296,0
3300,blocks.7.mlp.proj.weight,47,0,2359296,0
3300,blocks.7.mlp.proj.weight,48,0,2359296,0
3300,blocks.7.mlp.proj.weight,49,0,2359296,0
3300,blocks.7.mlp.proj.weight,50,0,2359296,0
3300,blocks.7.mlp.proj.weight,51,0,2359296,0
3300,blocks.7.mlp.proj.weight,52,0,2359296,0
3300,blocks.7.mlp.proj.weight,53,0,2359296,0
3300,blocks.7.mlp.proj.weight,54,0,2359296,0
3300,blocks.7.mlp.proj.weight,55,0,2359296,0
3300,blocks.7.mlp.proj.weight,56,0,2359296,0
3300,blocks.7.mlp.proj.weight,57,0,2359296,0
3300,blocks.7.mlp.proj.weight,58,0,2359296,0
3300,blocks.7.mlp.proj.weight,59,0,2359296,0
3300,blocks.7.mlp.proj.weight,60,0,2359296,0
3300,blocks.7.mlp.proj.weight,61,0,2359296,0
3300,blocks.7.mlp.proj.weight,62,0,2359296,0
3300,blocks.7.mlp.proj.weight,63,0,2359296,0
3300,blocks.7.mlp.proj.weight,64,0,2359296,0
3300,blocks.7.mlp.proj.weight,65,0,2359296,0
3300,blocks.7.mlp.proj.weight,66,0,2359296,0
3300,blocks.7.mlp.proj.weight,67,0,2359296,0
3300,blocks.7.mlp.proj.weight,68,0,2359296,0
3300,blocks.7.mlp.proj.weight,69,0,2359296,0
3300,blocks.7.mlp.proj.weight,70,0,2359296,0
3300,blocks.7.mlp.proj.weight,71,0,2359296,0
3300,blocks.7.mlp.proj.weight,72,0,2359296,0
3300,blocks.7.mlp.proj.weight,73,0,2359296,0
3300,blocks.7.mlp.proj.weight,74,0,2359296,0
3300,blocks.7.mlp.proj.weight,75,0,2359296,0
3300,blocks.7.mlp.proj.weight,76,0,2359296,0
3300,blocks.7.mlp.proj.weight,77,0,2359296,0
3300,blocks.7.mlp.proj.weight,78,0,2359296,0
3300,blocks.7.mlp.proj.weight,79,0,2359296,0
3300,blocks.7.mlp.proj.weight,80,0,2359296,0
3300,blocks.7.mlp.proj.weight,81,0,2359296,0
3300,blocks.7.mlp.proj.weight,82,0,2359296,0
3300,blocks.7.mlp.proj.weight,83,0,2359296,0
3300,blocks.7.mlp.proj.weight,84,0,2359296,0
3300,blocks.7.mlp.proj.weight,85,0,2359296,0
3300,blocks.7.mlp.proj.weight,86,0,2359296,0
3300,blocks.7.mlp.proj.weight,87,0,2359296,0
3300,blocks.7.mlp.proj.weight,88,0,2359296,0
3300,blocks.7.mlp.proj.weight,89,0,2359296,0
3300,blocks.7.mlp.proj.weight,90,0,2359296,0
3300,blocks.7.mlp.proj.weight,91,0,2359296,0
3300,blocks.7.mlp.proj.weight,92,0,2359296,0
3300,blocks.7.mlp.proj.weight,93,0,2359296,0
3300,blocks.7.mlp.proj.weight,94,0,2359296,0
3300,blocks.7.mlp.proj.weight,95,0,2359296,0
3300,blocks.7.mlp.proj.weight,96,0,2359296,0
3300,blocks.7.mlp.proj.weight,97,0,2359296,0
3300,blocks.7.mlp.proj.weight,98,0,2359296,0
3300,blocks.7.mlp.proj.weight,99,0,2359296,0
3300,blocks.7.mlp.proj.weight,100,0,2359296,0
3300,blocks.7.mlp.proj.weight,101,0,2359296,0
3300,blocks.7.mlp.proj.weight,102,0,2359296,0
3300,blocks.7.mlp.proj.weight,103,0,2359296,0
3300,blocks.7.mlp.proj.weight,104,0,2359296,0
3300,blocks.7.mlp.proj.weight,105,0,2359296,0
3300,blocks.7.mlp.proj.weight,106,0,2359296,0
3300,blocks.7.mlp.proj.weight,107,0,2359296,0
3300,blocks.7.mlp.proj.weight,108,0,2359296,0
3300,blocks.7.mlp.proj.weight,109,0,2359296,0
3300,blocks.7.mlp.proj.weight,110,0,2359296,0
3300,blocks.7.mlp.proj.weight,111,0,2359296,0
3300,blocks.7.mlp.proj.weight,112,0,2359296,0
3300,blocks.7.mlp.proj.weight,113,0,2359296,0
3300,blocks.7.mlp.proj.weight,114,0,2359296,0
3300,blocks.7.mlp.proj.weight,115,0,2359296,0
3300,blocks.7.mlp.proj.weight,116,0,2359296,0
3300,blocks.7.mlp.proj.weight,117,0,2359296,0
3300,blocks.7.mlp.proj.weight,118,0,2359296,0
3300,blocks.7.mlp.proj.weight,119,0,2359296,0
3300,blocks.7.mlp.proj.weight,120,0,2359296,0
3300,blocks.7.mlp.proj.weight,121,0,2359296,0
3300,blocks.7.mlp.proj.weight,122,0,2359296,0
3300,blocks.7.mlp.proj.weight,123,0,2359296,0
3300,blocks.7.mlp.proj.weight,124,0,2359296,0
3300,blocks.7.mlp.proj.weight,125,0,2359296,0
3300,blocks.7.mlp.proj.weight,126,0,2359296,0
3300,blocks.7.mlp.proj.weight,127,0,2359296,0
3300,blocks.7.mlp.proj.weight,128,0,2359296,0
3300,blocks.8.mlp.fc.weight,-127,0,2359296,0
3300,blocks.8.mlp.fc.weight,-126,0,2359296,0
3300,blocks.8.mlp.fc.weight,-125,0,2359296,0
3300,blocks.8.mlp.fc.weight,-124,0,2359296,0
3300,blocks.8.mlp.fc.weight,-123,0,2359296,0
3300,blocks.8.mlp.fc.weight,-122,0,2359296,0
3300,blocks.8.mlp.fc.weight,-121,0,2359296,0
3300,blocks.8.mlp.fc.weight,-120,0,2359296,0
3300,blocks.8.mlp.fc.weight,-119,0,2359296,0
3300,blocks.8.mlp.fc.weight,-118,0,2359296,0
3300,blocks.8.mlp.fc.weight,-117,0,2359296,0
3300,blocks.8.mlp.fc.weight,-116,0,2359296,0
3300,blocks.8.mlp.fc.weight,-115,0,2359296,0
3300,blocks.8.mlp.fc.weight,-114,0,2359296,0
3300,blocks.8.mlp.fc.weight,-113,0,2359296,0
3300,blocks.8.mlp.fc.weight,-112,0,2359296,0
3300,blocks.8.mlp.fc.weight,-111,0,2359296,0
3300,blocks.8.mlp.fc.weight,-110,0,2359296,0
3300,blocks.8.mlp.fc.weight,-109,0,2359296,0
3300,blocks.8.mlp.fc.weight,-108,0,2359296,0
3300,blocks.8.mlp.fc.weight,-107,0,2359296,0
3300,blocks.8.mlp.fc.weight,-106,0,2359296,0
3300,blocks.8.mlp.fc.weight,-105,0,2359296,0
3300,blocks.8.mlp.fc.weight,-104,0,2359296,0
3300,blocks.8.mlp.fc.weight,-103,0,2359296,0
3300,blocks.8.mlp.fc.weight,-102,0,2359296,0
3300,blocks.8.mlp.fc.weight,-101,0,2359296,0
3300,blocks.8.mlp.fc.weight,-100,0,2359296,0
3300,blocks.8.mlp.fc.weight,-99,0,2359296,0
3300,blocks.8.mlp.fc.weight,-98,0,2359296,0
3300,blocks.8.mlp.fc.weight,-97,0,2359296,0
3300,blocks.8.mlp.fc.weight,-96,0,2359296,0
3300,blocks.8.mlp.fc.weight,-95,0,2359296,0
3300,blocks.8.mlp.fc.weight,-94,0,2359296,0
3300,blocks.8.mlp.fc.weight,-93,0,2359296,0
3300,blocks.8.mlp.fc.weight,-92,0,2359296,0
3300,blocks.8.mlp.fc.weight,-91,0,2359296,0
3300,blocks.8.mlp.fc.weight,-90,0,2359296,0
3300,blocks.8.mlp.fc.weight,-89,0,2359296,0
3300,blocks.8.mlp.fc.weight,-88,0,2359296,0
3300,blocks.8.mlp.fc.weight,-87,0,2359296,0
3300,blocks.8.mlp.fc.weight,-86,0,2359296,0
3300,blocks.8.mlp.fc.weight,-85,0,2359296,0
3300,blocks.8.mlp.fc.weight,-84,0,2359296,0
3300,blocks.8.mlp.fc.weight,-83,0,2359296,0
3300,blocks.8.mlp.fc.weight,-82,0,2359296,0
3300,blocks.8.mlp.fc.weight,-81,0,2359296,0
3300,blocks.8.mlp.fc.weight,-80,0,2359296,0
3300,blocks.8.mlp.fc.weight,-79,0,2359296,0
3300,blocks.8.mlp.fc.weight,-78,0,2359296,0
3300,blocks.8.mlp.fc.weight,-77,0,2359296,0
3300,blocks.8.mlp.fc.weight,-76,0,2359296,0
3300,blocks.8.mlp.fc.weight,-75,0,2359296,0
3300,blocks.8.mlp.fc.weight,-74,0,2359296,0
3300,blocks.8.mlp.fc.weight,-73,0,2359296,0
3300,blocks.8.mlp.fc.weight,-72,0,2359296,0
3300,blocks.8.mlp.fc.weight,-71,0,2359296,0
3300,blocks.8.mlp.fc.weight,-70,0,2359296,0
3300,blocks.8.mlp.fc.weight,-69,0,2359296,0
3300,blocks.8.mlp.fc.weight,-68,0,2359296,0
3300,blocks.8.mlp.fc.weight,-67,0,2359296,0
3300,blocks.8.mlp.fc.weight,-66,0,2359296,0
3300,blocks.8.mlp.fc.weight,-65,0,2359296,0
3300,blocks.8.mlp.fc.weight,-64,0,2359296,0
3300,blocks.8.mlp.fc.weight,-63,0,2359296,0
3300,blocks.8.mlp.fc.weight,-62,0,2359296,0
3300,blocks.8.mlp.fc.weight,-61,0,2359296,0
3300,blocks.8.mlp.fc.weight,-60,0,2359296,0
3300,blocks.8.mlp.fc.weight,-59,0,2359296,0
3300,blocks.8.mlp.fc.weight,-58,0,2359296,0
3300,blocks.8.mlp.fc.weight,-57,0,2359296,0
3300,blocks.8.mlp.fc.weight,-56,0,2359296,0
3300,blocks.8.mlp.fc.weight,-55,0,2359296,0
3300,blocks.8.mlp.fc.weight,-54,0,2359296,0
3300,blocks.8.mlp.fc.weight,-53,0,2359296,0
3300,blocks.8.mlp.fc.weight,-52,0,2359296,0
3300,blocks.8.mlp.fc.weight,-51,0,2359296,0
3300,blocks.8.mlp.fc.weight,-50,0,2359296,0
3300,blocks.8.mlp.fc.weight,-49,0,2359296,0
3300,blocks.8.mlp.fc.weight,-48,0,2359296,0
3300,blocks.8.mlp.fc.weight,-47,0,2359296,0
3300,blocks.8.mlp.fc.weight,-46,0,2359296,0
3300,blocks.8.mlp.fc.weight,-45,0,2359296,0
3300,blocks.8.mlp.fc.weight,-44,0,2359296,0
3300,blocks.8.mlp.fc.weight,-43,0,2359296,0
3300,blocks.8.mlp.fc.weight,-42,0,2359296,0
3300,blocks.8.mlp.fc.weight,-41,0,2359296,0
3300,blocks.8.mlp.fc.weight,-40,0,2359296,0
3300,blocks.8.mlp.fc.weight,-39,0,2359296,0
3300,blocks.8.mlp.fc.weight,-38,0,2359296,0
3300,blocks.8.mlp.fc.weight,-37,0,2359296,0
3300,blocks.8.mlp.fc.weight,-36,0,2359296,0
3300,blocks.8.mlp.fc.weight,-35,0,2359296,0
3300,blocks.8.mlp.fc.weight,-34,1,2359296,0
3300,blocks.8.mlp.fc.weight,-33,0,2359296,0
3300,blocks.8.mlp.fc.weight,-32,4,2359296,0
3300,blocks.8.mlp.fc.weight,-31,19,2359296,0
3300,blocks.8.mlp.fc.weight,-30,27,2359296,0
3300,blocks.8.mlp.fc.weight,-29,21,2359296,0
3300,blocks.8.mlp.fc.weight,-28,2,2359296,0
3300,blocks.8.mlp.fc.weight,-27,0,2359296,0
3300,blocks.8.mlp.fc.weight,-26,0,2359296,0
3300,blocks.8.mlp.fc.weight,-25,0,2359296,0
3300,blocks.8.mlp.fc.weight,-24,0,2359296,0
3300,blocks.8.mlp.fc.weight,-23,0,2359296,0
3300,blocks.8.mlp.fc.weight,-22,0,2359296,0
3300,blocks.8.mlp.fc.weight,-21,1,2359296,0
3300,blocks.8.mlp.fc.weight,-20,1,2359296,0
3300,blocks.8.mlp.fc.weight,-19,6,2359296,0
3300,blocks.8.mlp.fc.weight,-18,26,2359296,0
3300,blocks.8.mlp.fc.weight,-17,51,2359296,0
3300,blocks.8.mlp.fc.weight,-16,140,2359296,0
3300,blocks.8.mlp.fc.weight,-15,305,2359296,0
3300,blocks.8.mlp.fc.weight,-14,534,2359296,0
3300,blocks.8.mlp.fc.weight,-13,1228,2359296,0
3300,blocks.8.mlp.fc.weight,-12,2378,2359296,0
3300,blocks.8.mlp.fc.weight,-11,4773,2359296,0
3300,blocks.8.mlp.fc.weight,-10,9248,2359296,0
3300,blocks.8.mlp.fc.weight,-9,18645,2359296,0
3300,blocks.8.mlp.fc.weight,-8,37002,2359296,0
3300,blocks.8.mlp.fc.weight,-7,73469,2359296,0
3300,blocks.8.mlp.fc.weight,-6,143473,2359296,0
3300,blocks.8.mlp.fc.weight,-5,275759,2359296,0
3300,blocks.8.mlp.fc.weight,-4,498032,2359296,0
3300,blocks.8.mlp.fc.weight,-3,704843,2359296,0
3300,blocks.8.mlp.fc.weight,-2,485198,2359296,0
3300,blocks.8.mlp.fc.weight,-1,95548,2359296,0
3300,blocks.8.mlp.fc.weight,0,8147,2359296,0
3300,blocks.8.mlp.fc.weight,1,405,2359296,0
3300,blocks.8.mlp.fc.weight,2,10,2359296,0
3300,blocks.8.mlp.fc.weight,3,0,2359296,0
3300,blocks.8.mlp.fc.weight,4,0,2359296,0
3300,blocks.8.mlp.fc.weight,5,0,2359296,0
3300,blocks.8.mlp.fc.weight,6,0,2359296,0
3300,blocks.8.mlp.fc.weight,7,0,2359296,0
3300,blocks.8.mlp.fc.weight,8,0,2359296,0
3300,blocks.8.mlp.fc.weight,9,0,2359296,0
3300,blocks.8.mlp.fc.weight,10,0,2359296,0
3300,blocks.8.mlp.fc.weight,11,0,2359296,0
3300,blocks.8.mlp.fc.weight,12,0,2359296,0
3300,blocks.8.mlp.fc.weight,13,0,2359296,0
3300,blocks.8.mlp.fc.weight,14,0,2359296,0
3300,blocks.8.mlp.fc.weight,15,0,2359296,0
3300,blocks.8.mlp.fc.weight,16,0,2359296,0
3300,blocks.8.mlp.fc.weight,17,0,2359296,0
3300,blocks.8.mlp.fc.weight,18,0,2359296,0
3300,blocks.8.mlp.fc.weight,19,0,2359296,0
3300,blocks.8.mlp.fc.weight,20,0,2359296,0
3300,blocks.8.mlp.fc.weight,21,0,2359296,0
3300,blocks.8.mlp.fc.weight,22,0,2359296,0
3300,blocks.8.mlp.fc.weight,23,0,2359296,0
3300,blocks.8.mlp.fc.weight,24,0,2359296,0
3300,blocks.8.mlp.fc.weight,25,0,2359296,0
3300,blocks.8.mlp.fc.weight,26,0,2359296,0
3300,blocks.8.mlp.fc.weight,27,0,2359296,0
3300,blocks.8.mlp.fc.weight,28,0,2359296,0
3300,blocks.8.mlp.fc.weight,29,0,2359296,0
3300,blocks.8.mlp.fc.weight,30,0,2359296,0
3300,blocks.8.mlp.fc.weight,31,0,2359296,0
3300,blocks.8.mlp.fc.weight,32,0,2359296,0
3300,blocks.8.mlp.fc.weight,33,0,2359296,0
3300,blocks.8.mlp.fc.weight,34,0,2359296,0
3300,blocks.8.mlp.fc.weight,35,0,2359296,0
3300,blocks.8.mlp.fc.weight,36,0,2359296,0
3300,blocks.8.mlp.fc.weight,37,0,2359296,0
3300,blocks.8.mlp.fc.weight,38,0,2359296,0
3300,blocks.8.mlp.fc.weight,39,0,2359296,0
3300,blocks.8.mlp.fc.weight,40,0,2359296,0
3300,blocks.8.mlp.fc.weight,41,0,2359296,0
3300,blocks.8.mlp.fc.weight,42,0,2359296,0
3300,blocks.8.mlp.fc.weight,43,0,2359296,0
3300,blocks.8.mlp.fc.weight,44,0,2359296,0
3300,blocks.8.mlp.fc.weight,45,0,2359296,0
3300,blocks.8.mlp.fc.weight,46,0,2359296,0
3300,blocks.8.mlp.fc.weight,47,0,2359296,0
3300,blocks.8.mlp.fc.weight,48,0,2359296,0
3300,blocks.8.mlp.fc.weight,49,0,2359296,0
3300,blocks.8.mlp.fc.weight,50,0,2359296,0
3300,blocks.8.mlp.fc.weight,51,0,2359296,0
3300,blocks.8.mlp.fc.weight,52,0,2359296,0
3300,blocks.8.mlp.fc.weight,53,0,2359296,0
3300,blocks.8.mlp.fc.weight,54,0,2359296,0
3300,blocks.8.mlp.fc.weight,55,0,2359296,0
3300,blocks.8.mlp.fc.weight,56,0,2359296,0
3300,blocks.8.mlp.fc.weight,57,0,2359296,0
3300,blocks.8.mlp.fc.weight,58,0,2359296,0
3300,blocks.8.mlp.fc.weight,59,0,2359296,0
3300,blocks.8.mlp.fc.weight,60,0,2359296,0
3300,blocks.8.mlp.fc.weight,61,0,2359296,0
3300,blocks.8.mlp.fc.weight,62,0,2359296,0
3300,blocks.8.mlp.fc.weight,63,0,2359296,0
3300,blocks.8.mlp.fc.weight,64,0,2359296,0
3300,blocks.8.mlp.fc.weight,65,0,2359296,0
3300,blocks.8.mlp.fc.weight,66,0,2359296,0
3300,blocks.8.mlp.fc.weight,67,0,2359296,0
3300,blocks.8.mlp.fc.weight,68,0,2359296,0
3300,blocks.8.mlp.fc.weight,69,0,2359296,0
3300,blocks.8.mlp.fc.weight,70,0,2359296,0
3300,blocks.8.mlp.fc.weight,71,0,2359296,0
3300,blocks.8.mlp.fc.weight,72,0,2359296,0
3300,blocks.8.mlp.fc.weight,73,0,2359296,0
3300,blocks.8.mlp.fc.weight,74,0,2359296,0
3300,blocks.8.mlp.fc.weight,75,0,2359296,0
3300,blocks.8.mlp.fc.weight,76,0,2359296,0
3300,blocks.8.mlp.fc.weight,77,0,2359296,0
3300,blocks.8.mlp.fc.weight,78,0,2359296,0
3300,blocks.8.mlp.fc.weight,79,0,2359296,0
3300,blocks.8.mlp.fc.weight,80,0,2359296,0
3300,blocks.8.mlp.fc.weight,81,0,2359296,0
3300,blocks.8.mlp.fc.weight,82,0,2359296,0
3300,blocks.8.mlp.fc.weight,83,0,2359296,0
3300,blocks.8.mlp.fc.weight,84,0,2359296,0
3300,blocks.8.mlp.fc.weight,85,0,2359296,0
3300,blocks.8.mlp.fc.weight,86,0,2359296,0
3300,blocks.8.mlp.fc.weight,87,0,2359296,0
3300,blocks.8.mlp.fc.weight,88,0,2359296,0
3300,blocks.8.mlp.fc.weight,89,0,2359296,0
3300,blocks.8.mlp.fc.weight,90,0,2359296,0
3300,blocks.8.mlp.fc.weight,91,0,2359296,0
3300,blocks.8.mlp.fc.weight,92,0,2359296,0
3300,blocks.8.mlp.fc.weight,93,0,2359296,0
3300,blocks.8.mlp.fc.weight,94,0,2359296,0
3300,blocks.8.mlp.fc.weight,95,0,2359296,0
3300,blocks.8.mlp.fc.weight,96,0,2359296,0
3300,blocks.8.mlp.fc.weight,97,0,2359296,0
3300,blocks.8.mlp.fc.weight,98,0,2359296,0
3300,blocks.8.mlp.fc.weight,99,0,2359296,0
3300,blocks.8.mlp.fc.weight,100,0,2359296,0
3300,blocks.8.mlp.fc.weight,101,0,2359296,0
3300,blocks.8.mlp.fc.weight,102,0,2359296,0
3300,blocks.8.mlp.fc.weight,103,0,2359296,0
3300,blocks.8.mlp.fc.weight,104,0,2359296,0
3300,blocks.8.mlp.fc.weight,105,0,2359296,0
3300,blocks.8.mlp.fc.weight,106,0,2359296,0
3300,blocks.8.mlp.fc.weight,107,0,2359296,0
3300,blocks.8.mlp.fc.weight,108,0,2359296,0
3300,blocks.8.mlp.fc.weight,109,0,2359296,0
3300,blocks.8.mlp.fc.weight,110,0,2359296,0
3300,blocks.8.mlp.fc.weight,111,0,2359296,0
3300,blocks.8.mlp.fc.weight,112,0,2359296,0
3300,blocks.8.mlp.fc.weight,113,0,2359296,0
3300,blocks.8.mlp.fc.weight,114,0,2359296,0
3300,blocks.8.mlp.fc.weight,115,0,2359296,0
3300,blocks.8.mlp.fc.weight,116,0,2359296,0
3300,blocks.8.mlp.fc.weight,117,0,2359296,0
3300,blocks.8.mlp.fc.weight,118,0,2359296,0
3300,blocks.8.mlp.fc.weight,119,0,2359296,0
3300,blocks.8.mlp.fc.weight,120,0,2359296,0
3300,blocks.8.mlp.fc.weight,121,0,2359296,0
3300,blocks.8.mlp.fc.weight,122,0,2359296,0
3300,blocks.8.mlp.fc.weight,123,0,2359296,0
3300,blocks.8.mlp.fc.weight,124,0,2359296,0
3300,blocks.8.mlp.fc.weight,125,0,2359296,0
3300,blocks.8.mlp.fc.weight,126,0,2359296,0
3300,blocks.8.mlp.fc.weight,127,0,2359296,0
3300,blocks.8.mlp.fc.weight,128,0,2359296,0
3300,blocks.8.mlp.proj.weight,-127,0,2359296,0
3300,blocks.8.mlp.proj.weight,-126,0,2359296,0
3300,blocks.8.mlp.proj.weight,-125,0,2359296,0
3300,blocks.8.mlp.proj.weight,-124,0,2359296,0
3300,blocks.8.mlp.proj.weight,-123,0,2359296,0
3300,blocks.8.mlp.proj.weight,-122,0,2359296,0
3300,blocks.8.mlp.proj.weight,-121,0,2359296,0
3300,blocks.8.mlp.proj.weight,-120,0,2359296,0
3300,blocks.8.mlp.proj.weight,-119,0,2359296,0
3300,blocks.8.mlp.proj.weight,-118,0,2359296,0
3300,blocks.8.mlp.proj.weight,-117,0,2359296,0
3300,blocks.8.mlp.proj.weight,-116,0,2359296,0
3300,blocks.8.mlp.proj.weight,-115,0,2359296,0
3300,blocks.8.mlp.proj.weight,-114,0,2359296,0
3300,blocks.8.mlp.proj.weight,-113,0,2359296,0
3300,blocks.8.mlp.proj.weight,-112,0,2359296,0
3300,blocks.8.mlp.proj.weight,-111,0,2359296,0
3300,blocks.8.mlp.proj.weight,-110,0,2359296,0
3300,blocks.8.mlp.proj.weight,-109,0,2359296,0
3300,blocks.8.mlp.proj.weight,-108,0,2359296,0
3300,blocks.8.mlp.proj.weight,-107,0,2359296,0
3300,blocks.8.mlp.proj.weight,-106,0,2359296,0
3300,blocks.8.mlp.proj.weight,-105,0,2359296,0
3300,blocks.8.mlp.proj.weight,-104,0,2359296,0
3300,blocks.8.mlp.proj.weight,-103,0,2359296,0
3300,blocks.8.mlp.proj.weight,-102,0,2359296,0
3300,blocks.8.mlp.proj.weight,-101,0,2359296,0
3300,blocks.8.mlp.proj.weight,-100,0,2359296,0
3300,blocks.8.mlp.proj.weight,-99,0,2359296,0
3300,blocks.8.mlp.proj.weight,-98,0,2359296,0
3300,blocks.8.mlp.proj.weight,-97,0,2359296,0
3300,blocks.8.mlp.proj.weight,-96,0,2359296,0
3300,blocks.8.mlp.proj.weight,-95,0,2359296,0
3300,blocks.8.mlp.proj.weight,-94,0,2359296,0
3300,blocks.8.mlp.proj.weight,-93,0,2359296,0
3300,blocks.8.mlp.proj.weight,-92,0,2359296,0
3300,blocks.8.mlp.proj.weight,-91,0,2359296,0
3300,blocks.8.mlp.proj.weight,-90,0,2359296,0
3300,blocks.8.mlp.proj.weight,-89,0,2359296,0
3300,blocks.8.mlp.proj.weight,-88,0,2359296,0
3300,blocks.8.mlp.proj.weight,-87,0,2359296,0
3300,blocks.8.mlp.proj.weight,-86,0,2359296,0
3300,blocks.8.mlp.proj.weight,-85,0,2359296,0
3300,blocks.8.mlp.proj.weight,-84,0,2359296,0
3300,blocks.8.mlp.proj.weight,-83,0,2359296,0
3300,blocks.8.mlp.proj.weight,-82,0,2359296,0
3300,blocks.8.mlp.proj.weight,-81,0,2359296,0
3300,blocks.8.mlp.proj.weight,-80,0,2359296,0
3300,blocks.8.mlp.proj.weight,-79,0,2359296,0
3300,blocks.8.mlp.proj.weight,-78,0,2359296,0
3300,blocks.8.mlp.proj.weight,-77,0,2359296,0
3300,blocks.8.mlp.proj.weight,-76,0,2359296,0
3300,blocks.8.mlp.proj.weight,-75,0,2359296,0
3300,blocks.8.mlp.proj.weight,-74,0,2359296,0
3300,blocks.8.mlp.proj.weight,-73,0,2359296,0
3300,blocks.8.mlp.proj.weight,-72,0,2359296,0
3300,blocks.8.mlp.proj.weight,-71,0,2359296,0
3300,blocks.8.mlp.proj.weight,-70,0,2359296,0
3300,blocks.8.mlp.proj.weight,-69,0,2359296,0
3300,blocks.8.mlp.proj.weight,-68,0,2359296,0
3300,blocks.8.mlp.proj.weight,-67,0,2359296,0
3300,blocks.8.mlp.proj.weight,-66,0,2359296,0
3300,blocks.8.mlp.proj.weight,-65,0,2359296,0
3300,blocks.8.mlp.proj.weight,-64,0,2359296,0
3300,blocks.8.mlp.proj.weight,-63,0,2359296,0
3300,blocks.8.mlp.proj.weight,-62,0,2359296,0
3300,blocks.8.mlp.proj.weight,-61,0,2359296,0
3300,blocks.8.mlp.proj.weight,-60,0,2359296,0
3300,blocks.8.mlp.proj.weight,-59,0,2359296,0
3300,blocks.8.mlp.proj.weight,-58,0,2359296,0
3300,blocks.8.mlp.proj.weight,-57,0,2359296,0
3300,blocks.8.mlp.proj.weight,-56,0,2359296,0
3300,blocks.8.mlp.proj.weight,-55,0,2359296,0
3300,blocks.8.mlp.proj.weight,-54,0,2359296,0
3300,blocks.8.mlp.proj.weight,-53,0,2359296,0
3300,blocks.8.mlp.proj.weight,-52,0,2359296,0
3300,blocks.8.mlp.proj.weight,-51,0,2359296,0
3300,blocks.8.mlp.proj.weight,-50,0,2359296,0
3300,blocks.8.mlp.proj.weight,-49,0,2359296,0
3300,blocks.8.mlp.proj.weight,-48,0,2359296,0
3300,blocks.8.mlp.proj.weight,-47,0,2359296,0
3300,blocks.8.mlp.proj.weight,-46,0,2359296,0
3300,blocks.8.mlp.proj.weight,-45,0,2359296,0
3300,blocks.8.mlp.proj.weight,-44,0,2359296,0
3300,blocks.8.mlp.proj.weight,-43,0,2359296,0
3300,blocks.8.mlp.proj.weight,-42,0,2359296,0
3300,blocks.8.mlp.proj.weight,-41,0,2359296,0
3300,blocks.8.mlp.proj.weight,-40,0,2359296,0
3300,blocks.8.mlp.proj.weight,-39,0,2359296,0
3300,blocks.8.mlp.proj.weight,-38,0,2359296,0
3300,blocks.8.mlp.proj.weight,-37,0,2359296,0
3300,blocks.8.mlp.proj.weight,-36,0,2359296,0
3300,blocks.8.mlp.proj.weight,-35,0,2359296,0
3300,blocks.8.mlp.proj.weight,-34,0,2359296,0
3300,blocks.8.mlp.proj.weight,-33,0,2359296,0
3300,blocks.8.mlp.proj.weight,-32,1,2359296,0
3300,blocks.8.mlp.proj.weight,-31,13,2359296,0
3300,blocks.8.mlp.proj.weight,-30,16,2359296,0
3300,blocks.8.mlp.proj.weight,-29,45,2359296,0
3300,blocks.8.mlp.proj.weight,-28,4,2359296,0
3300,blocks.8.mlp.proj.weight,-27,0,2359296,0
3300,blocks.8.mlp.proj.weight,-26,1,2359296,0
3300,blocks.8.mlp.proj.weight,-25,0,2359296,0
3300,blocks.8.mlp.proj.weight,-24,0,2359296,0
3300,blocks.8.mlp.proj.weight,-23,0,2359296,0
3300,blocks.8.mlp.proj.weight,-22,0,2359296,0
3300,blocks.8.mlp.proj.weight,-21,0,2359296,0
3300,blocks.8.mlp.proj.weight,-20,0,2359296,0
3300,blocks.8.mlp.proj.weight,-19,3,2359296,0
3300,blocks.8.mlp.proj.weight,-18,10,2359296,0
3300,blocks.8.mlp.proj.weight,-17,27,2359296,0
3300,blocks.8.mlp.proj.weight,-16,84,2359296,0
3300,blocks.8.mlp.proj.weight,-15,236,2359296,0
3300,blocks.8.mlp.proj.weight,-14,372,2359296,0
3300,blocks.8.mlp.proj.weight,-13,834,2359296,0
3300,blocks.8.mlp.proj.weight,-12,1629,2359296,0
3300,blocks.8.mlp.proj.weight,-11,3150,2359296,0
3300,blocks.8.mlp.proj.weight,-10,5887,2359296,0
3300,blocks.8.mlp.proj.weight,-9,11483,2359296,0
3300,blocks.8.mlp.proj.weight,-8,22835,2359296,0
3300,blocks.8.mlp.proj.weight,-7,46027,2359296,0
3300,blocks.8.mlp.proj.weight,-6,91031,2359296,0
3300,blocks.8.mlp.proj.weight,-5,180376,2359296,0
3300,blocks.8.mlp.proj.weight,-4,345172,2359296,0
3300,blocks.8.mlp.proj.weight,-3,599431,2359296,0
3300,blocks.8.mlp.proj.weight,-2,728899,2359296,0
3300,blocks.8.mlp.proj.weight,-1,306081,2359296,0
3300,blocks.8.mlp.proj.weight,0,15284,2359296,0
3300,blocks.8.mlp.proj.weight,1,360,2359296,0
3300,blocks.8.mlp.proj.weight,2,5,2359296,0
3300,blocks.8.mlp.proj.weight,3,0,2359296,0
3300,blocks.8.mlp.proj.weight,4,0,2359296,0
3300,blocks.8.mlp.proj.weight,5,0,2359296,0
3300,blocks.8.mlp.proj.weight,6,0,2359296,0
3300,blocks.8.mlp.proj.weight,7,0,2359296,0
3300,blocks.8.mlp.proj.weight,8,0,2359296,0
3300,blocks.8.mlp.proj.weight,9,0,2359296,0
3300,blocks.8.mlp.proj.weight,10,0,2359296,0
3300,blocks.8.mlp.proj.weight,11,0,2359296,0
3300,blocks.8.mlp.proj.weight,12,0,2359296,0
3300,blocks.8.mlp.proj.weight,13,0,2359296,0
3300,blocks.8.mlp.proj.weight,14,0,2359296,0
3300,blocks.8.mlp.proj.weight,15,0,2359296,0
3300,blocks.8.mlp.proj.weight,16,0,2359296,0
3300,blocks.8.mlp.proj.weight,17,0,2359296,0
3300,blocks.8.mlp.proj.weight,18,0,2359296,0
3300,blocks.8.mlp.proj.weight,19,0,2359296,0
3300,blocks.8.mlp.proj.weight,20,0,2359296,0
3300,blocks.8.mlp.proj.weight,21,0,2359296,0
3300,blocks.8.mlp.proj.weight,22,0,2359296,0
3300,blocks.8.mlp.proj.weight,23,0,2359296,0
3300,blocks.8.mlp.proj.weight,24,0,2359296,0
3300,blocks.8.mlp.proj.weight,25,0,2359296,0
3300,blocks.8.mlp.proj.weight,26,0,2359296,0
3300,blocks.8.mlp.proj.weight,27,0,2359296,0
3300,blocks.8.mlp.proj.weight,28,0,2359296,0
3300,blocks.8.mlp.proj.weight,29,0,2359296,0
3300,blocks.8.mlp.proj.weight,30,0,2359296,0
3300,blocks.8.mlp.proj.weight,31,0,2359296,0
3300,blocks.8.mlp.proj.weight,32,0,2359296,0
3300,blocks.8.mlp.proj.weight,33,0,2359296,0
3300,blocks.8.mlp.proj.weight,34,0,2359296,0
3300,blocks.8.mlp.proj.weight,35,0,2359296,0
3300,blocks.8.mlp.proj.weight,36,0,2359296,0
3300,blocks.8.mlp.proj.weight,37,0,2359296,0
3300,blocks.8.mlp.proj.weight,38,0,2359296,0
3300,blocks.8.mlp.proj.weight,39,0,2359296,0
3300,blocks.8.mlp.proj.weight,40,0,2359296,0
3300,blocks.8.mlp.proj.weight,41,0,2359296,0
3300,blocks.8.mlp.proj.weight,42,0,2359296,0
3300,blocks.8.mlp.proj.weight,43,0,2359296,0
3300,blocks.8.mlp.proj.weight,44,0,2359296,0
3300,blocks.8.mlp.proj.weight,45,0,2359296,0
3300,blocks.8.mlp.proj.weight,46,0,2359296,0
3300,blocks.8.mlp.proj.weight,47,0,2359296,0
3300,blocks.8.mlp.proj.weight,48,0,2359296,0
3300,blocks.8.mlp.proj.weight,49,0,2359296,0
3300,blocks.8.mlp.proj.weight,50,0,2359296,0
3300,blocks.8.mlp.proj.weight,51,0,2359296,0
3300,blocks.8.mlp.proj.weight,52,0,2359296,0
3300,blocks.8.mlp.proj.weight,53,0,2359296,0
3300,blocks.8.mlp.proj.weight,54,0,2359296,0
3300,blocks.8.mlp.proj.weight,55,0,2359296,0
3300,blocks.8.mlp.proj.weight,56,0,2359296,0
3300,blocks.8.mlp.proj.weight,57,0,2359296,0
3300,blocks.8.mlp.proj.weight,58,0,2359296,0
3300,blocks.8.mlp.proj.weight,59,0,2359296,0
3300,blocks.8.mlp.proj.weight,60,0,2359296,0
3300,blocks.8.mlp.proj.weight,61,0,2359296,0
3300,blocks.8.mlp.proj.weight,62,0,2359296,0
3300,blocks.8.mlp.proj.weight,63,0,2359296,0
3300,blocks.8.mlp.proj.weight,64,0,2359296,0
3300,blocks.8.mlp.proj.weight,65,0,2359296,0
3300,blocks.8.mlp.proj.weight,66,0,2359296,0
3300,blocks.8.mlp.proj.weight,67,0,2359296,0
3300,blocks.8.mlp.proj.weight,68,0,2359296,0
3300,blocks.8.mlp.proj.weight,69,0,2359296,0
3300,blocks.8.mlp.proj.weight,70,0,2359296,0
3300,blocks.8.mlp.proj.weight,71,0,2359296,0
3300,blocks.8.mlp.proj.weight,72,0,2359296,0
3300,blocks.8.mlp.proj.weight,73,0,2359296,0
3300,blocks.8.mlp.proj.weight,74,0,2359296,0
3300,blocks.8.mlp.proj.weight,75,0,2359296,0
3300,blocks.8.mlp.proj.weight,76,0,2359296,0
3300,blocks.8.mlp.proj.weight,77,0,2359296,0
3300,blocks.8.mlp.proj.weight,78,0,2359296,0
3300,blocks.8.mlp.proj.weight,79,0,2359296,0
3300,blocks.8.mlp.proj.weight,80,0,2359296,0
3300,blocks.8.mlp.proj.weight,81,0,2359296,0
3300,blocks.8.mlp.proj.weight,82,0,2359296,0
3300,blocks.8.mlp.proj.weight,83,0,2359296,0
3300,blocks.8.mlp.proj.weight,84,0,2359296,0
3300,blocks.8.mlp.proj.weight,85,0,2359296,0
3300,blocks.8.mlp.proj.weight,86,0,2359296,0
3300,blocks.8.mlp.proj.weight,87,0,2359296,0
3300,blocks.8.mlp.proj.weight,88,0,2359296,0
3300,blocks.8.mlp.proj.weight,89,0,2359296,0
3300,blocks.8.mlp.proj.weight,90,0,2359296,0
3300,blocks.8.mlp.proj.weight,91,0,2359296,0
3300,blocks.8.mlp.proj.weight,92,0,2359296,0
3300,blocks.8.mlp.proj.weight,93,0,2359296,0
3300,blocks.8.mlp.proj.weight,94,0,2359296,0
3300,blocks.8.mlp.proj.weight,95,0,2359296,0
3300,blocks.8.mlp.proj.weight,96,0,2359296,0
3300,blocks.8.mlp.proj.weight,97,0,2359296,0
3300,blocks.8.mlp.proj.weight,98,0,2359296,0
3300,blocks.8.mlp.proj.weight,99,0,2359296,0
3300,blocks.8.mlp.proj.weight,100,0,2359296,0
3300,blocks.8.mlp.proj.weight,101,0,2359296,0
3300,blocks.8.mlp.proj.weight,102,0,2359296,0
3300,blocks.8.mlp.proj.weight,103,0,2359296,0
3300,blocks.8.mlp.proj.weight,104,0,2359296,0
3300,blocks.8.mlp.proj.weight,105,0,2359296,0
3300,blocks.8.mlp.proj.weight,106,0,2359296,0
3300,blocks.8.mlp.proj.weight,107,0,2359296,0
3300,blocks.8.mlp.proj.weight,108,0,2359296,0
3300,blocks.8.mlp.proj.weight,109,0,2359296,0
3300,blocks.8.mlp.proj.weight,110,0,2359296,0
3300,blocks.8.mlp.proj.weight,111,0,2359296,0
3300,blocks.8.mlp.proj.weight,112,0,2359296,0
3300,blocks.8.mlp.proj.weight,113,0,2359296,0
3300,blocks.8.mlp.proj.weight,114,0,2359296,0
3300,blocks.8.mlp.proj.weight,115,0,2359296,0
3300,blocks.8.mlp.proj.weight,116,0,2359296,0
3300,blocks.8.mlp.proj.weight,117,0,2359296,0
3300,blocks.8.mlp.proj.weight,118,0,2359296,0
3300,blocks.8.mlp.proj.weight,119,0,2359296,0
3300,blocks.8.mlp.proj.weight,120,0,2359296,0
3300,blocks.8.mlp.proj.weight,121,0,2359296,0
3300,blocks.8.mlp.proj.weight,122,0,2359296,0
3300,blocks.8.mlp.proj.weight,123,0,2359296,0
3300,blocks.8.mlp.proj.weight,124,0,2359296,0
3300,blocks.8.mlp.proj.weight,125,0,2359296,0
3300,blocks.8.mlp.proj.weight,126,0,2359296,0
3300,blocks.8.mlp.proj.weight,127,0,2359296,0
3300,blocks.8.mlp.proj.weight,128,0,2359296,0
3300,blocks.9.mlp.fc.weight,-127,0,2359296,0
3300,blocks.9.mlp.fc.weight,-126,0,2359296,0
3300,blocks.9.mlp.fc.weight,-125,0,2359296,0
3300,blocks.9.mlp.fc.weight,-124,0,2359296,0
3300,blocks.9.mlp.fc.weight,-123,0,2359296,0
3300,blocks.9.mlp.fc.weight,-122,0,2359296,0
3300,blocks.9.mlp.fc.weight,-121,0,2359296,0
3300,blocks.9.mlp.fc.weight,-120,0,2359296,0
3300,blocks.9.mlp.fc.weight,-119,0,2359296,0
3300,blocks.9.mlp.fc.weight,-118,0,2359296,0
3300,blocks.9.mlp.fc.weight,-117,0,2359296,0
3300,blocks.9.mlp.fc.weight,-116,0,2359296,0
3300,blocks.9.mlp.fc.weight,-115,0,2359296,0
3300,blocks.9.mlp.fc.weight,-114,0,2359296,0
3300,blocks.9.mlp.fc.weight,-113,0,2359296,0
3300,blocks.9.mlp.fc.weight,-112,0,2359296,0
3300,blocks.9.mlp.fc.weight,-111,0,2359296,0
3300,blocks.9.mlp.fc.weight,-110,0,2359296,0
3300,blocks.9.mlp.fc.weight,-109,0,2359296,0
3300,blocks.9.mlp.fc.weight,-108,0,2359296,0
3300,blocks.9.mlp.fc.weight,-107,0,2359296,0
3300,blocks.9.mlp.fc.weight,-106,0,2359296,0
3300,blocks.9.mlp.fc.weight,-105,0,2359296,0
3300,blocks.9.mlp.fc.weight,-104,0,2359296,0
3300,blocks.9.mlp.fc.weight,-103,0,2359296,0
3300,blocks.9.mlp.fc.weight,-102,0,2359296,0
3300,blocks.9.mlp.fc.weight,-101,0,2359296,0
3300,blocks.9.mlp.fc.weight,-100,0,2359296,0
3300,blocks.9.mlp.fc.weight,-99,0,2359296,0
3300,blocks.9.mlp.fc.weight,-98,0,2359296,0
3300,blocks.9.mlp.fc.weight,-97,0,2359296,0
3300,blocks.9.mlp.fc.weight,-96,0,2359296,0
3300,blocks.9.mlp.fc.weight,-95,0,2359296,0
3300,blocks.9.mlp.fc.weight,-94,0,2359296,0
3300,blocks.9.mlp.fc.weight,-93,0,2359296,0
3300,blocks.9.mlp.fc.weight,-92,0,2359296,0
3300,blocks.9.mlp.fc.weight,-91,0,2359296,0
3300,blocks.9.mlp.fc.weight,-90,0,2359296,0
3300,blocks.9.mlp.fc.weight,-89,0,2359296,0
3300,blocks.9.mlp.fc.weight,-88,0,2359296,0
3300,blocks.9.mlp.fc.weight,-87,0,2359296,0
3300,blocks.9.mlp.fc.weight,-86,0,2359296,0
3300,blocks.9.mlp.fc.weight,-85,0,2359296,0
3300,blocks.9.mlp.fc.weight,-84,0,2359296,0
3300,blocks.9.mlp.fc.weight,-83,0,2359296,0
3300,blocks.9.mlp.fc.weight,-82,0,2359296,0
3300,blocks.9.mlp.fc.weight,-81,0,2359296,0
3300,blocks.9.mlp.fc.weight,-80,0,2359296,0
3300,blocks.9.mlp.fc.weight,-79,0,2359296,0
3300,blocks.9.mlp.fc.weight,-78,0,2359296,0
3300,blocks.9.mlp.fc.weight,-77,0,2359296,0
3300,blocks.9.mlp.fc.weight,-76,0,2359296,0
3300,blocks.9.mlp.fc.weight,-75,0,2359296,0
3300,blocks.9.mlp.fc.weight,-74,0,2359296,0
3300,blocks.9.mlp.fc.weight,-73,0,2359296,0
3300,blocks.9.mlp.fc.weight,-72,0,2359296,0
3300,blocks.9.mlp.fc.weight,-71,0,2359296,0
3300,blocks.9.mlp.fc.weight,-70,0,2359296,0
3300,blocks.9.mlp.fc.weight,-69,0,2359296,0
3300,blocks.9.mlp.fc.weight,-68,0,2359296,0
3300,blocks.9.mlp.fc.weight,-67,0,2359296,0
3300,blocks.9.mlp.fc.weight,-66,0,2359296,0
3300,blocks.9.mlp.fc.weight,-65,0,2359296,0
3300,blocks.9.mlp.fc.weight,-64,0,2359296,0
3300,blocks.9.mlp.fc.weight,-63,0,2359296,0
3300,blocks.9.mlp.fc.weight,-62,0,2359296,0
3300,blocks.9.mlp.fc.weight,-61,0,2359296,0
3300,blocks.9.mlp.fc.weight,-60,0,2359296,0
3300,blocks.9.mlp.fc.weight,-59,0,2359296,0
3300,blocks.9.mlp.fc.weight,-58,0,2359296,0
3300,blocks.9.mlp.fc.weight,-57,0,2359296,0
3300,blocks.9.mlp.fc.weight,-56,0,2359296,0
3300,blocks.9.mlp.fc.weight,-55,0,2359296,0
3300,blocks.9.mlp.fc.weight,-54,0,2359296,0
3300,blocks.9.mlp.fc.weight,-53,0,2359296,0
3300,blocks.9.mlp.fc.weight,-52,0,2359296,0
3300,blocks.9.mlp.fc.weight,-51,0,2359296,0
3300,blocks.9.mlp.fc.weight,-50,0,2359296,0
3300,blocks.9.mlp.fc.weight,-49,0,2359296,0
3300,blocks.9.mlp.fc.weight,-48,0,2359296,0
3300,blocks.9.mlp.fc.weight,-47,0,2359296,0
3300,blocks.9.mlp.fc.weight,-46,0,2359296,0
3300,blocks.9.mlp.fc.weight,-45,0,2359296,0
3300,blocks.9.mlp.fc.weight,-44,0,2359296,0
3300,blocks.9.mlp.fc.weight,-43,0,2359296,0
3300,blocks.9.mlp.fc.weight,-42,0,2359296,0
3300,blocks.9.mlp.fc.weight,-41,0,2359296,0
3300,blocks.9.mlp.fc.weight,-40,0,2359296,0
3300,blocks.9.mlp.fc.weight,-39,0,2359296,0
3300,blocks.9.mlp.fc.weight,-38,0,2359296,0
3300,blocks.9.mlp.fc.weight,-37,0,2359296,0
3300,blocks.9.mlp.fc.weight,-36,0,2359296,0
3300,blocks.9.mlp.fc.weight,-35,1,2359296,0
3300,blocks.9.mlp.fc.weight,-34,1,2359296,0
3300,blocks.9.mlp.fc.weight,-33,0,2359296,0
3300,blocks.9.mlp.fc.weight,-32,2,2359296,0
3300,blocks.9.mlp.fc.weight,-31,10,2359296,0
3300,blocks.9.mlp.fc.weight,-30,34,2359296,0
3300,blocks.9.mlp.fc.weight,-29,11,2359296,0
3300,blocks.9.mlp.fc.weight,-28,3,2359296,0
3300,blocks.9.mlp.fc.weight,-27,0,2359296,0
3300,blocks.9.mlp.fc.weight,-26,0,2359296,0
3300,blocks.9.mlp.fc.weight,-25,0,2359296,0
3300,blocks.9.mlp.fc.weight,-24,0,2359296,0
3300,blocks.9.mlp.fc.weight,-23,0,2359296,0
3300,blocks.9.mlp.fc.weight,-22,0,2359296,0
3300,blocks.9.mlp.fc.weight,-21,0,2359296,0
3300,blocks.9.mlp.fc.weight,-20,4,2359296,0
3300,blocks.9.mlp.fc.weight,-19,4,2359296,0
3300,blocks.9.mlp.fc.weight,-18,12,2359296,0
3300,blocks.9.mlp.fc.weight,-17,56,2359296,0
3300,blocks.9.mlp.fc.weight,-16,156,2359296,0
3300,blocks.9.mlp.fc.weight,-15,243,2359296,0
3300,blocks.9.mlp.fc.weight,-14,532,2359296,0
3300,blocks.9.mlp.fc.weight,-13,1144,2359296,0
3300,blocks.9.mlp.fc.weight,-12,2203,2359296,0
3300,blocks.9.mlp.fc.weight,-11,4526,2359296,0
3300,blocks.9.mlp.fc.weight,-10,9008,2359296,0
3300,blocks.9.mlp.fc.weight,-9,18363,2359296,0
3300,blocks.9.mlp.fc.weight,-8,36122,2359296,0
3300,blocks.9.mlp.fc.weight,-7,71786,2359296,0
3300,blocks.9.mlp.fc.weight,-6,140077,2359296,0
3300,blocks.9.mlp.fc.weight,-5,268865,2359296,0
3300,blocks.9.mlp.fc.weight,-4,486511,2359296,0
3300,blocks.9.mlp.fc.weight,-3,706037,2359296,0
3300,blocks.9.mlp.fc.weight,-2,507853,2359296,0
3300,blocks.9.mlp.fc.weight,-1,98281,2359296,0
3300,blocks.9.mlp.fc.weight,0,7112,2359296,0
3300,blocks.9.mlp.fc.weight,1,323,2359296,0
3300,blocks.9.mlp.fc.weight,2,16,2359296,0
3300,blocks.9.mlp.fc.weight,3,0,2359296,0
3300,blocks.9.mlp.fc.weight,4,0,2359296,0
3300,blocks.9.mlp.fc.weight,5,0,2359296,0
3300,blocks.9.mlp.fc.weight,6,0,2359296,0
3300,blocks.9.mlp.fc.weight,7,0,2359296,0
3300,blocks.9.mlp.fc.weight,8,0,2359296,0
3300,blocks.9.mlp.fc.weight,9,0,2359296,0
3300,blocks.9.mlp.fc.weight,10,0,2359296,0
3300,blocks.9.mlp.fc.weight,11,0,2359296,0
3300,blocks.9.mlp.fc.weight,12,0,2359296,0
3300,blocks.9.mlp.fc.weight,13,0,2359296,0
3300,blocks.9.mlp.fc.weight,14,0,2359296,0
3300,blocks.9.mlp.fc.weight,15,0,2359296,0
3300,blocks.9.mlp.fc.weight,16,0,2359296,0
3300,blocks.9.mlp.fc.weight,17,0,2359296,0
3300,blocks.9.mlp.fc.weight,18,0,2359296,0
3300,blocks.9.mlp.fc.weight,19,0,2359296,0
3300,blocks.9.mlp.fc.weight,20,0,2359296,0
3300,blocks.9.mlp.fc.weight,21,0,2359296,0
3300,blocks.9.mlp.fc.weight,22,0,2359296,0
3300,blocks.9.mlp.fc.weight,23,0,2359296,0
3300,blocks.9.mlp.fc.weight,24,0,2359296,0
3300,blocks.9.mlp.fc.weight,25,0,2359296,0
3300,blocks.9.mlp.fc.weight,26,0,2359296,0
3300,blocks.9.mlp.fc.weight,27,0,2359296,0
3300,blocks.9.mlp.fc.weight,28,0,2359296,0
3300,blocks.9.mlp.fc.weight,29,0,2359296,0
3300,blocks.9.mlp.fc.weight,30,0,2359296,0
3300,blocks.9.mlp.fc.weight,31,0,2359296,0
3300,blocks.9.mlp.fc.weight,32,0,2359296,0
3300,blocks.9.mlp.fc.weight,33,0,2359296,0
3300,blocks.9.mlp.fc.weight,34,0,2359296,0
3300,blocks.9.mlp.fc.weight,35,0,2359296,0
3300,blocks.9.mlp.fc.weight,36,0,2359296,0
3300,blocks.9.mlp.fc.weight,37,0,2359296,0
3300,blocks.9.mlp.fc.weight,38,0,2359296,0
3300,blocks.9.mlp.fc.weight,39,0,2359296,0
3300,blocks.9.mlp.fc.weight,40,0,2359296,0
3300,blocks.9.mlp.fc.weight,41,0,2359296,0
3300,blocks.9.mlp.fc.weight,42,0,2359296,0
3300,blocks.9.mlp.fc.weight,43,0,2359296,0
3300,blocks.9.mlp.fc.weight,44,0,2359296,0
3300,blocks.9.mlp.fc.weight,45,0,2359296,0
3300,blocks.9.mlp.fc.weight,46,0,2359296,0
3300,blocks.9.mlp.fc.weight,47,0,2359296,0
3300,blocks.9.mlp.fc.weight,48,0,2359296,0
3300,blocks.9.mlp.fc.weight,49,0,2359296,0
3300,blocks.9.mlp.fc.weight,50,0,2359296,0
3300,blocks.9.mlp.fc.weight,51,0,2359296,0
3300,blocks.9.mlp.fc.weight,52,0,2359296,0
3300,blocks.9.mlp.fc.weight,53,0,2359296,0
3300,blocks.9.mlp.fc.weight,54,0,2359296,0
3300,blocks.9.mlp.fc.weight,55,0,2359296,0
3300,blocks.9.mlp.fc.weight,56,0,2359296,0
3300,blocks.9.mlp.fc.weight,57,0,2359296,0
3300,blocks.9.mlp.fc.weight,58,0,2359296,0
3300,blocks.9.mlp.fc.weight,59,0,2359296,0
3300,blocks.9.mlp.fc.weight,60,0,2359296,0
3300,blocks.9.mlp.fc.weight,61,0,2359296,0
3300,blocks.9.mlp.fc.weight,62,0,2359296,0
3300,blocks.9.mlp.fc.weight,63,0,2359296,0
3300,blocks.9.mlp.fc.weight,64,0,2359296,0
3300,blocks.9.mlp.fc.weight,65,0,2359296,0
3300,blocks.9.mlp.fc.weight,66,0,2359296,0
3300,blocks.9.mlp.fc.weight,67,0,2359296,0
3300,blocks.9.mlp.fc.weight,68,0,2359296,0
3300,blocks.9.mlp.fc.weight,69,0,2359296,0
3300,blocks.9.mlp.fc.weight,70,0,2359296,0
3300,blocks.9.mlp.fc.weight,71,0,2359296,0
3300,blocks.9.mlp.fc.weight,72,0,2359296,0
3300,blocks.9.mlp.fc.weight,73,0,2359296,0
3300,blocks.9.mlp.fc.weight,74,0,2359296,0
3300,blocks.9.mlp.fc.weight,75,0,2359296,0
3300,blocks.9.mlp.fc.weight,76,0,2359296,0
3300,blocks.9.mlp.fc.weight,77,0,2359296,0
3300,blocks.9.mlp.fc.weight,78,0,2359296,0
3300,blocks.9.mlp.fc.weight,79,0,2359296,0
3300,blocks.9.mlp.fc.weight,80,0,2359296,0
3300,blocks.9.mlp.fc.weight,81,0,2359296,0
3300,blocks.9.mlp.fc.weight,82,0,2359296,0
3300,blocks.9.mlp.fc.weight,83,0,2359296,0
3300,blocks.9.mlp.fc.weight,84,0,2359296,0
3300,blocks.9.mlp.fc.weight,85,0,2359296,0
3300,blocks.9.mlp.fc.weight,86,0,2359296,0
3300,blocks.9.mlp.fc.weight,87,0,2359296,0
3300,blocks.9.mlp.fc.weight,88,0,2359296,0
3300,blocks.9.mlp.fc.weight,89,0,2359296,0
3300,blocks.9.mlp.fc.weight,90,0,2359296,0
3300,blocks.9.mlp.fc.weight,91,0,2359296,0
3300,blocks.9.mlp.fc.weight,92,0,2359296,0
3300,blocks.9.mlp.fc.weight,93,0,2359296,0
3300,blocks.9.mlp.fc.weight,94,0,2359296,0
3300,blocks.9.mlp.fc.weight,95,0,2359296,0
3300,blocks.9.mlp.fc.weight,96,0,2359296,0
3300,blocks.9.mlp.fc.weight,97,0,2359296,0
3300,blocks.9.mlp.fc.weight,98,0,2359296,0
3300,blocks.9.mlp.fc.weight,99,0,2359296,0
3300,blocks.9.mlp.fc.weight,100,0,2359296,0
3300,blocks.9.mlp.fc.weight,101,0,2359296,0
3300,blocks.9.mlp.fc.weight,102,0,2359296,0
3300,blocks.9.mlp.fc.weight,103,0,2359296,0
3300,blocks.9.mlp.fc.weight,104,0,2359296,0
3300,blocks.9.mlp.fc.weight,105,0,2359296,0
3300,blocks.9.mlp.fc.weight,106,0,2359296,0
3300,blocks.9.mlp.fc.weight,107,0,2359296,0
3300,blocks.9.mlp.fc.weight,108,0,2359296,0
3300,blocks.9.mlp.fc.weight,109,0,2359296,0
3300,blocks.9.mlp.fc.weight,110,0,2359296,0
3300,blocks.9.mlp.fc.weight,111,0,2359296,0
3300,blocks.9.mlp.fc.weight,112,0,2359296,0
3300,blocks.9.mlp.fc.weight,113,0,2359296,0
3300,blocks.9.mlp.fc.weight,114,0,2359296,0
3300,blocks.9.mlp.fc.weight,115,0,2359296,0
3300,blocks.9.mlp.fc.weight,116,0,2359296,0
3300,blocks.9.mlp.fc.weight,117,0,2359296,0
3300,blocks.9.mlp.fc.weight,118,0,2359296,0
3300,blocks.9.mlp.fc.weight,119,0,2359296,0
3300,blocks.9.mlp.fc.weight,120,0,2359296,0
3300,blocks.9.mlp.fc.weight,121,0,2359296,0
3300,blocks.9.mlp.fc.weight,122,0,2359296,0
3300,blocks.9.mlp.fc.weight,123,0,2359296,0
3300,blocks.9.mlp.fc.weight,124,0,2359296,0
3300,blocks.9.mlp.fc.weight,125,0,2359296,0
3300,blocks.9.mlp.fc.weight,126,0,2359296,0
3300,blocks.9.mlp.fc.weight,127,0,2359296,0
3300,blocks.9.mlp.fc.weight,128,0,2359296,0
3300,blocks.9.mlp.proj.weight,-127,0,2359296,0
3300,blocks.9.mlp.proj.weight,-126,0,2359296,0
3300,blocks.9.mlp.proj.weight,-125,0,2359296,0
3300,blocks.9.mlp.proj.weight,-124,0,2359296,0
3300,blocks.9.mlp.proj.weight,-123,0,2359296,0
3300,blocks.9.mlp.proj.weight,-122,0,2359296,0
3300,blocks.9.mlp.proj.weight,-121,0,2359296,0
3300,blocks.9.mlp.proj.weight,-120,0,2359296,0
3300,blocks.9.mlp.proj.weight,-119,0,2359296,0
3300,blocks.9.mlp.proj.weight,-118,0,2359296,0
3300,blocks.9.mlp.proj.weight,-117,0,2359296,0
3300,blocks.9.mlp.proj.weight,-116,0,2359296,0
3300,blocks.9.mlp.proj.weight,-115,0,2359296,0
3300,blocks.9.mlp.proj.weight,-114,0,2359296,0
3300,blocks.9.mlp.proj.weight,-113,0,2359296,0
3300,blocks.9.mlp.proj.weight,-112,0,2359296,0
3300,blocks.9.mlp.proj.weight,-111,0,2359296,0
3300,blocks.9.mlp.proj.weight,-110,0,2359296,0
3300,blocks.9.mlp.proj.weight,-109,0,2359296,0
3300,blocks.9.mlp.proj.weight,-108,0,2359296,0
3300,blocks.9.mlp.proj.weight,-107,0,2359296,0
3300,blocks.9.mlp.proj.weight,-106,0,2359296,0
3300,blocks.9.mlp.proj.weight,-105,0,2359296,0
3300,blocks.9.mlp.proj.weight,-104,0,2359296,0
3300,blocks.9.mlp.proj.weight,-103,0,2359296,0
3300,blocks.9.mlp.proj.weight,-102,0,2359296,0
3300,blocks.9.mlp.proj.weight,-101,0,2359296,0
3300,blocks.9.mlp.proj.weight,-100,0,2359296,0
3300,blocks.9.mlp.proj.weight,-99,0,2359296,0
3300,blocks.9.mlp.proj.weight,-98,0,2359296,0
3300,blocks.9.mlp.proj.weight,-97,0,2359296,0
3300,blocks.9.mlp.proj.weight,-96,0,2359296,0
3300,blocks.9.mlp.proj.weight,-95,0,2359296,0
3300,blocks.9.mlp.proj.weight,-94,0,2359296,0
3300,blocks.9.mlp.proj.weight,-93,0,2359296,0
3300,blocks.9.mlp.proj.weight,-92,0,2359296,0
3300,blocks.9.mlp.proj.weight,-91,0,2359296,0
3300,blocks.9.mlp.proj.weight,-90,0,2359296,0
3300,blocks.9.mlp.proj.weight,-89,0,2359296,0
3300,blocks.9.mlp.proj.weight,-88,0,2359296,0
3300,blocks.9.mlp.proj.weight,-87,0,2359296,0
3300,blocks.9.mlp.proj.weight,-86,0,2359296,0
3300,blocks.9.mlp.proj.weight,-85,0,2359296,0
3300,blocks.9.mlp.proj.weight,-84,0,2359296,0
3300,blocks.9.mlp.proj.weight,-83,0,2359296,0
3300,blocks.9.mlp.proj.weight,-82,0,2359296,0
3300,blocks.9.mlp.proj.weight,-81,0,2359296,0
3300,blocks.9.mlp.proj.weight,-80,0,2359296,0
3300,blocks.9.mlp.proj.weight,-79,0,2359296,0
3300,blocks.9.mlp.proj.weight,-78,0,2359296,0
3300,blocks.9.mlp.proj.weight,-77,0,2359296,0
3300,blocks.9.mlp.proj.weight,-76,0,2359296,0
3300,blocks.9.mlp.proj.weight,-75,0,2359296,0
3300,blocks.9.mlp.proj.weight,-74,0,2359296,0
3300,blocks.9.mlp.proj.weight,-73,0,2359296,0
3300,blocks.9.mlp.proj.weight,-72,0,2359296,0
3300,blocks.9.mlp.proj.weight,-71,0,2359296,0
3300,blocks.9.mlp.proj.weight,-70,0,2359296,0
3300,blocks.9.mlp.proj.weight,-69,0,2359296,0
3300,blocks.9.mlp.proj.weight,-68,0,2359296,0
3300,blocks.9.mlp.proj.weight,-67,0,2359296,0
3300,blocks.9.mlp.proj.weight,-66,0,2359296,0
3300,blocks.9.mlp.proj.weight,-65,0,2359296,0
3300,blocks.9.mlp.proj.weight,-64,0,2359296,0
3300,blocks.9.mlp.proj.weight,-63,0,2359296,0
3300,blocks.9.mlp.proj.weight,-62,0,2359296,0
3300,blocks.9.mlp.proj.weight,-61,0,2359296,0
3300,blocks.9.mlp.proj.weight,-60,0,2359296,0
3300,blocks.9.mlp.proj.weight,-59,0,2359296,0
3300,blocks.9.mlp.proj.weight,-58,0,2359296,0
3300,blocks.9.mlp.proj.weight,-57,0,2359296,0
3300,blocks.9.mlp.proj.weight,-56,0,2359296,0
3300,blocks.9.mlp.proj.weight,-55,0,2359296,0
3300,blocks.9.mlp.proj.weight,-54,0,2359296,0
3300,blocks.9.mlp.proj.weight,-53,0,2359296,0
3300,blocks.9.mlp.proj.weight,-52,0,2359296,0
3300,blocks.9.mlp.proj.weight,-51,0,2359296,0
3300,blocks.9.mlp.proj.weight,-50,0,2359296,0
3300,blocks.9.mlp.proj.weight,-49,0,2359296,0
3300,blocks.9.mlp.proj.weight,-48,0,2359296,0
3300,blocks.9.mlp.proj.weight,-47,0,2359296,0
3300,blocks.9.mlp.proj.weight,-46,0,2359296,0
3300,blocks.9.mlp.proj.weight,-45,0,2359296,0
3300,blocks.9.mlp.proj.weight,-44,0,2359296,0
3300,blocks.9.mlp.proj.weight,-43,0,2359296,0
3300,blocks.9.mlp.proj.weight,-42,0,2359296,0
3300,blocks.9.mlp.proj.weight,-41,0,2359296,0
3300,blocks.9.mlp.proj.weight,-40,0,2359296,0
3300,blocks.9.mlp.proj.weight,-39,0,2359296,0
3300,blocks.9.mlp.proj.weight,-38,0,2359296,0
3300,blocks.9.mlp.proj.weight,-37,0,2359296,0
3300,blocks.9.mlp.proj.weight,-36,0,2359296,0
3300,blocks.9.mlp.proj.weight,-35,1,2359296,0
3300,blocks.9.mlp.proj.weight,-34,1,2359296,0
3300,blocks.9.mlp.proj.weight,-33,0,2359296,0
3300,blocks.9.mlp.proj.weight,-32,2,2359296,0
3300,blocks.9.mlp.proj.weight,-31,7,2359296,0
3300,blocks.9.mlp.proj.weight,-30,25,2359296,0
3300,blocks.9.mlp.proj.weight,-29,20,2359296,0
3300,blocks.9.mlp.proj.weight,-28,10,2359296,0
3300,blocks.9.mlp.proj.weight,-27,0,2359296,0
3300,blocks.9.mlp.proj.weight,-26,0,2359296,0
3300,blocks.9.mlp.proj.weight,-25,0,2359296,0
3300,blocks.9.mlp.proj.weight,-24,0,2359296,0
3300,blocks.9.mlp.proj.weight,-23,0,2359296,0
3300,blocks.9.mlp.proj.weight,-22,0,2359296,0
3300,blocks.9.mlp.proj.weight,-21,0,2359296,0
3300,blocks.9.mlp.proj.weight,-20,0,2359296,0
3300,blocks.9.mlp.proj.weight,-19,1,2359296,0
3300,blocks.9.mlp.proj.weight,-18,9,2359296,0
3300,blocks.9.mlp.proj.weight,-17,23,2359296,0
3300,blocks.9.mlp.proj.weight,-16,49,2359296,0
3300,blocks.9.mlp.proj.weight,-15,175,2359296,0
3300,blocks.9.mlp.proj.weight,-14,303,2359296,0
3300,blocks.9.mlp.proj.weight,-13,639,2359296,0
3300,blocks.9.mlp.proj.weight,-12,1340,2359296,0
3300,blocks.9.mlp.proj.weight,-11,2725,2359296,0
3300,blocks.9.mlp.proj.weight,-10,5362,2359296,0
3300,blocks.9.mlp.proj.weight,-9,10865,2359296,0
3300,blocks.9.mlp.proj.weight,-8,21765,2359296,0
3300,blocks.9.mlp.proj.weight,-7,43385,2359296,0
3300,blocks.9.mlp.proj.weight,-6,86119,2359296,0
3300,blocks.9.mlp.proj.weight,-5,169758,2359296,0
3300,blocks.9.mlp.proj.weight,-4,324136,2359296,0
3300,blocks.9.mlp.proj.weight,-3,572274,2359296,0
3300,blocks.9.mlp.proj.weight,-2,734395,2359296,0
3300,blocks.9.mlp.proj.weight,-1,361034,2359296,0
3300,blocks.9.mlp.proj.weight,0,24224,2359296,0
3300,blocks.9.mlp.proj.weight,1,644,2359296,0
3300,blocks.9.mlp.proj.weight,2,5,2359296,0
3300,blocks.9.mlp.proj.weight,3,0,2359296,0
3300,blocks.9.mlp.proj.weight,4,0,2359296,0
3300,blocks.9.mlp.proj.weight,5,0,2359296,0
3300,blocks.9.mlp.proj.weight,6,0,2359296,0
3300,blocks.9.mlp.proj.weight,7,0,2359296,0
3300,blocks.9.mlp.proj.weight,8,0,2359296,0
3300,blocks.9.mlp.proj.weight,9,0,2359296,0
3300,blocks.9.mlp.proj.weight,10,0,2359296,0
3300,blocks.9.mlp.proj.weight,11,0,2359296,0
3300,blocks.9.mlp.proj.weight,12,0,2359296,0
3300,blocks.9.mlp.proj.weight,13,0,2359296,0
3300,blocks.9.mlp.proj.weight,14,0,2359296,0
3300,blocks.9.mlp.proj.weight,15,0,2359296,0
3300,blocks.9.mlp.proj.weight,16,0,2359296,0
3300,blocks.9.mlp.proj.weight,17,0,2359296,0
3300,blocks.9.mlp.proj.weight,18,0,2359296,0
3300,blocks.9.mlp.proj.weight,19,0,2359296,0
3300,blocks.9.mlp.proj.weight,20,0,2359296,0
3300,blocks.9.mlp.proj.weight,21,0,2359296,0
3300,blocks.9.mlp.proj.weight,22,0,2359296,0
3300,blocks.9.mlp.proj.weight,23,0,2359296,0
3300,blocks.9.mlp.proj.weight,24,0,2359296,0
3300,blocks.9.mlp.proj.weight,25,0,2359296,0
3300,blocks.9.mlp.proj.weight,26,0,2359296,0
3300,blocks.9.mlp.proj.weight,27,0,2359296,0
3300,blocks.9.mlp.proj.weight,28,0,2359296,0
3300,blocks.9.mlp.proj.weight,29,0,2359296,0
3300,blocks.9.mlp.proj.weight,30,0,2359296,0
3300,blocks.9.mlp.proj.weight,31,0,2359296,0
3300,blocks.9.mlp.proj.weight,32,0,2359296,0
3300,blocks.9.mlp.proj.weight,33,0,2359296,0
3300,blocks.9.mlp.proj.weight,34,0,2359296,0
3300,blocks.9.mlp.proj.weight,35,0,2359296,0
3300,blocks.9.mlp.proj.weight,36,0,2359296,0
3300,blocks.9.mlp.proj.weight,37,0,2359296,0
3300,blocks.9.mlp.proj.weight,38,0,2359296,0
3300,blocks.9.mlp.proj.weight,39,0,2359296,0
3300,blocks.9.mlp.proj.weight,40,0,2359296,0
3300,blocks.9.mlp.proj.weight,41,0,2359296,0
3300,blocks.9.mlp.proj.weight,42,0,2359296,0
3300,blocks.9.mlp.proj.weight,43,0,2359296,0
3300,blocks.9.mlp.proj.weight,44,0,2359296,0
3300,blocks.9.mlp.proj.weight,45,0,2359296,0
3300,blocks.9.mlp.proj.weight,46,0,2359296,0
3300,blocks.9.mlp.proj.weight,47,0,2359296,0
3300,blocks.9.mlp.proj.weight,48,0,2359296,0
3300,blocks.9.mlp.proj.weight,49,0,2359296,0
3300,blocks.9.mlp.proj.weight,50,0,2359296,0
3300,blocks.9.mlp.proj.weight,51,0,2359296,0
3300,blocks.9.mlp.proj.weight,52,0,2359296,0
3300,blocks.9.mlp.proj.weight,53,0,2359296,0
3300,blocks.9.mlp.proj.weight,54,0,2359296,0
3300,blocks.9.mlp.proj.weight,55,0,2359296,0
3300,blocks.9.mlp.proj.weight,56,0,2359296,0
3300,blocks.9.mlp.proj.weight,57,0,2359296,0
3300,blocks.9.mlp.proj.weight,58,0,2359296,0
3300,blocks.9.mlp.proj.weight,59,0,2359296,0
3300,blocks.9.mlp.proj.weight,60,0,2359296,0
3300,blocks.9.mlp.proj.weight,61,0,2359296,0
3300,blocks.9.mlp.proj.weight,62,0,2359296,0
3300,blocks.9.mlp.proj.weight,63,0,2359296,0
3300,blocks.9.mlp.proj.weight,64,0,2359296,0
3300,blocks.9.mlp.proj.weight,65,0,2359296,0
3300,blocks.9.mlp.proj.weight,66,0,2359296,0
3300,blocks.9.mlp.proj.weight,67,0,2359296,0
3300,blocks.9.mlp.proj.weight,68,0,2359296,0
3300,blocks.9.mlp.proj.weight,69,0,2359296,0
3300,blocks.9.mlp.proj.weight,70,0,2359296,0
3300,blocks.9.mlp.proj.weight,71,0,2359296,0
3300,blocks.9.mlp.proj.weight,72,0,2359296,0
3300,blocks.9.mlp.proj.weight,73,0,2359296,0
3300,blocks.9.mlp.proj.weight,74,0,2359296,0
3300,blocks.9.mlp.proj.weight,75,0,2359296,0
3300,blocks.9.mlp.proj.weight,76,0,2359296,0
3300,blocks.9.mlp.proj.weight,77,0,2359296,0
3300,blocks.9.mlp.proj.weight,78,0,2359296,0
3300,blocks.9.mlp.proj.weight,79,0,2359296,0
3300,blocks.9.mlp.proj.weight,80,0,2359296,0
3300,blocks.9.mlp.proj.weight,81,0,2359296,0
3300,blocks.9.mlp.proj.weight,82,0,2359296,0
3300,blocks.9.mlp.proj.weight,83,0,2359296,0
3300,blocks.9.mlp.proj.weight,84,0,2359296,0
3300,blocks.9.mlp.proj.weight,85,0,2359296,0
3300,blocks.9.mlp.proj.weight,86,0,2359296,0
3300,blocks.9.mlp.proj.weight,87,0,2359296,0
3300,blocks.9.mlp.proj.weight,88,0,2359296,0
3300,blocks.9.mlp.proj.weight,89,0,2359296,0
3300,blocks.9.mlp.proj.weight,90,0,2359296,0
3300,blocks.9.mlp.proj.weight,91,0,2359296,0
3300,blocks.9.mlp.proj.weight,92,0,2359296,0
3300,blocks.9.mlp.proj.weight,93,0,2359296,0
3300,blocks.9.mlp.proj.weight,94,0,2359296,0
3300,blocks.9.mlp.proj.weight,95,0,2359296,0
3300,blocks.9.mlp.proj.weight,96,0,2359296,0
3300,blocks.9.mlp.proj.weight,97,0,2359296,0
3300,blocks.9.mlp.proj.weight,98,0,2359296,0
3300,blocks.9.mlp.proj.weight,99,0,2359296,0
3300,blocks.9.mlp.proj.weight,100,0,2359296,0
3300,blocks.9.mlp.proj.weight,101,0,2359296,0
3300,blocks.9.mlp.proj.weight,102,0,2359296,0
3300,blocks.9.mlp.proj.weight,103,0,2359296,0
3300,blocks.9.mlp.proj.weight,104,0,2359296,0
3300,blocks.9.mlp.proj.weight,105,0,2359296,0
3300,blocks.9.mlp.proj.weight,106,0,2359296,0
3300,blocks.9.mlp.proj.weight,107,0,2359296,0
3300,blocks.9.mlp.proj.weight,108,0,2359296,0
3300,blocks.9.mlp.proj.weight,109,0,2359296,0
3300,blocks.9.mlp.proj.weight,110,0,2359296,0
3300,blocks.9.mlp.proj.weight,111,0,2359296,0
3300,blocks.9.mlp.proj.weight,112,0,2359296,0
3300,blocks.9.mlp.proj.weight,113,0,2359296,0
3300,blocks.9.mlp.proj.weight,114,0,2359296,0
3300,blocks.9.mlp.proj.weight,115,0,2359296,0
3300,blocks.9.mlp.proj.weight,116,0,2359296,0
3300,blocks.9.mlp.proj.weight,117,0,2359296,0
3300,blocks.9.mlp.proj.weight,118,0,2359296,0
3300,blocks.9.mlp.proj.weight,119,0,2359296,0
3300,blocks.9.mlp.proj.weight,120,0,2359296,0
3300,blocks.9.mlp.proj.weight,121,0,2359296,0
3300,blocks.9.mlp.proj.weight,122,0,2359296,0
3300,blocks.9.mlp.proj.weight,123,0,2359296,0
3300,blocks.9.mlp.proj.weight,124,0,2359296,0
3300,blocks.9.mlp.proj.weight,125,0,2359296,0
3300,blocks.9.mlp.proj.weight,126,0,2359296,0
3300,blocks.9.mlp.proj.weight,127,0,2359296,0
3300,blocks.9.mlp.proj.weight,128,0,2359296,0
3300,blocks.10.mlp.fc.weight,-127,0,2359296,0
3300,blocks.10.mlp.fc.weight,-126,0,2359296,0
3300,blocks.10.mlp.fc.weight,-125,0,2359296,0
3300,blocks.10.mlp.fc.weight,-124,0,2359296,0
3300,blocks.10.mlp.fc.weight,-123,0,2359296,0
3300,blocks.10.mlp.fc.weight,-122,0,2359296,0
3300,blocks.10.mlp.fc.weight,-121,0,2359296,0
3300,blocks.10.mlp.fc.weight,-120,0,2359296,0
3300,blocks.10.mlp.fc.weight,-119,0,2359296,0
3300,blocks.10.mlp.fc.weight,-118,0,2359296,0
3300,blocks.10.mlp.fc.weight,-117,0,2359296,0
3300,blocks.10.mlp.fc.weight,-116,0,2359296,0
3300,blocks.10.mlp.fc.weight,-115,0,2359296,0
3300,blocks.10.mlp.fc.weight,-114,0,2359296,0
3300,blocks.10.mlp.fc.weight,-113,0,2359296,0
3300,blocks.10.mlp.fc.weight,-112,0,2359296,0
3300,blocks.10.mlp.fc.weight,-111,0,2359296,0
3300,blocks.10.mlp.fc.weight,-110,0,2359296,0
3300,blocks.10.mlp.fc.weight,-109,0,2359296,0
3300,blocks.10.mlp.fc.weight,-108,0,2359296,0
3300,blocks.10.mlp.fc.weight,-107,0,2359296,0
3300,blocks.10.mlp.fc.weight,-106,0,2359296,0
3300,blocks.10.mlp.fc.weight,-105,0,2359296,0
3300,blocks.10.mlp.fc.weight,-104,0,2359296,0
3300,blocks.10.mlp.fc.weight,-103,0,2359296,0
3300,blocks.10.mlp.fc.weight,-102,0,2359296,0
3300,blocks.10.mlp.fc.weight,-101,0,2359296,0
3300,blocks.10.mlp.fc.weight,-100,0,2359296,0
3300,blocks.10.mlp.fc.weight,-99,0,2359296,0
3300,blocks.10.mlp.fc.weight,-98,0,2359296,0
3300,blocks.10.mlp.fc.weight,-97,0,2359296,0
3300,blocks.10.mlp.fc.weight,-96,0,2359296,0
3300,blocks.10.mlp.fc.weight,-95,0,2359296,0
3300,blocks.10.mlp.fc.weight,-94,0,2359296,0
3300,blocks.10.mlp.fc.weight,-93,0,2359296,0
3300,blocks.10.mlp.fc.weight,-92,0,2359296,0
3300,blocks.10.mlp.fc.weight,-91,0,2359296,0
3300,blocks.10.mlp.fc.weight,-90,0,2359296,0
3300,blocks.10.mlp.fc.weight,-89,0,2359296,0
3300,blocks.10.mlp.fc.weight,-88,0,2359296,0
3300,blocks.10.mlp.fc.weight,-87,0,2359296,0
3300,blocks.10.mlp.fc.weight,-86,0,2359296,0
3300,blocks.10.mlp.fc.weight,-85,0,2359296,0
3300,blocks.10.mlp.fc.weight,-84,0,2359296,0
3300,blocks.10.mlp.fc.weight,-83,0,2359296,0
3300,blocks.10.mlp.fc.weight,-82,0,2359296,0
3300,blocks.10.mlp.fc.weight,-81,0,2359296,0
3300,blocks.10.mlp.fc.weight,-80,0,2359296,0
3300,blocks.10.mlp.fc.weight,-79,0,2359296,0
3300,blocks.10.mlp.fc.weight,-78,0,2359296,0
3300,blocks.10.mlp.fc.weight,-77,0,2359296,0
3300,blocks.10.mlp.fc.weight,-76,0,2359296,0
3300,blocks.10.mlp.fc.weight,-75,0,2359296,0
3300,blocks.10.mlp.fc.weight,-74,0,2359296,0
3300,blocks.10.mlp.fc.weight,-73,0,2359296,0
3300,blocks.10.mlp.fc.weight,-72,0,2359296,0
3300,blocks.10.mlp.fc.weight,-71,0,2359296,0
3300,blocks.10.mlp.fc.weight,-70,0,2359296,0
3300,blocks.10.mlp.fc.weight,-69,0,2359296,0
3300,blocks.10.mlp.fc.weight,-68,0,2359296,0
3300,blocks.10.mlp.fc.weight,-67,0,2359296,0
3300,blocks.10.mlp.fc.weight,-66,0,2359296,0
3300,blocks.10.mlp.fc.weight,-65,0,2359296,0
3300,blocks.10.mlp.fc.weight,-64,0,2359296,0
3300,blocks.10.mlp.fc.weight,-63,0,2359296,0
3300,blocks.10.mlp.fc.weight,-62,0,2359296,0
3300,blocks.10.mlp.fc.weight,-61,0,2359296,0
3300,blocks.10.mlp.fc.weight,-60,0,2359296,0
3300,blocks.10.mlp.fc.weight,-59,0,2359296,0
3300,blocks.10.mlp.fc.weight,-58,0,2359296,0
3300,blocks.10.mlp.fc.weight,-57,0,2359296,0
3300,blocks.10.mlp.fc.weight,-56,0,2359296,0
3300,blocks.10.mlp.fc.weight,-55,0,2359296,0
3300,blocks.10.mlp.fc.weight,-54,0,2359296,0
3300,blocks.10.mlp.fc.weight,-53,0,2359296,0
3300,blocks.10.mlp.fc.weight,-52,0,2359296,0
3300,blocks.10.mlp.fc.weight,-51,0,2359296,0
3300,blocks.10.mlp.fc.weight,-50,0,2359296,0
3300,blocks.10.mlp.fc.weight,-49,0,2359296,0
3300,blocks.10.mlp.fc.weight,-48,0,2359296,0
3300,blocks.10.mlp.fc.weight,-47,0,2359296,0
3300,blocks.10.mlp.fc.weight,-46,0,2359296,0
3300,blocks.10.mlp.fc.weight,-45,0,2359296,0
3300,blocks.10.mlp.fc.weight,-44,0,2359296,0
3300,blocks.10.mlp.fc.weight,-43,0,2359296,0
3300,blocks.10.mlp.fc.weight,-42,0,2359296,0
3300,blocks.10.mlp.fc.weight,-41,0,2359296,0
3300,blocks.10.mlp.fc.weight,-40,0,2359296,0
3300,blocks.10.mlp.fc.weight,-39,0,2359296,0
3300,blocks.10.mlp.fc.weight,-38,0,2359296,0
3300,blocks.10.mlp.fc.weight,-37,0,2359296,0
3300,blocks.10.mlp.fc.weight,-36,0,2359296,0
3300,blocks.10.mlp.fc.weight,-35,0,2359296,0
3300,blocks.10.mlp.fc.weight,-34,0,2359296,0
3300,blocks.10.mlp.fc.weight,-33,3,2359296,0
3300,blocks.10.mlp.fc.weight,-32,9,2359296,0
3300,blocks.10.mlp.fc.weight,-31,14,2359296,0
3300,blocks.10.mlp.fc.weight,-30,31,2359296,0
3300,blocks.10.mlp.fc.weight,-29,24,2359296,0
3300,blocks.10.mlp.fc.weight,-28,3,2359296,0
3300,blocks.10.mlp.fc.weight,-27,0,2359296,0
3300,blocks.10.mlp.fc.weight,-26,0,2359296,0
3300,blocks.10.mlp.fc.weight,-25,0,2359296,0
3300,blocks.10.mlp.fc.weight,-24,0,2359296,0
3300,blocks.10.mlp.fc.weight,-23,0,2359296,0
3300,blocks.10.mlp.fc.weight,-22,0,2359296,0
3300,blocks.10.mlp.fc.weight,-21,1,2359296,0
3300,blocks.10.mlp.fc.weight,-20,6,2359296,0
3300,blocks.10.mlp.fc.weight,-19,2,2359296,0
3300,blocks.10.mlp.fc.weight,-18,17,2359296,0
3300,blocks.10.mlp.fc.weight,-17,55,2359296,0
3300,blocks.10.mlp.fc.weight,-16,135,2359296,0
3300,blocks.10.mlp.fc.weight,-15,269,2359296,0
3300,blocks.10.mlp.fc.weight,-14,547,2359296,0
3300,blocks.10.mlp.fc.weight,-13,1132,2359296,0
3300,blocks.10.mlp.fc.weight,-12,2298,2359296,0
3300,blocks.10.mlp.fc.weight,-11,4656,2359296,0
3300,blocks.10.mlp.fc.weight,-10,9414,2359296,0
3300,blocks.10.mlp.fc.weight,-9,18627,2359296,0
3300,blocks.10.mlp.fc.weight,-8,37257,2359296,0
3300,blocks.10.mlp.fc.weight,-7,73552,2359296,0
3300,blocks.10.mlp.fc.weight,-6,142752,2359296,0
3300,blocks.10.mlp.fc.weight,-5,270331,2359296,0
3300,blocks.10.mlp.fc.weight,-4,486853,2359296,0
3300,blocks.10.mlp.fc.weight,-3,703963,2359296,0
3300,blocks.10.mlp.fc.weight,-2,506026,2359296,0
3300,blocks.10.mlp.fc.weight,-1,93181,2359296,0
3300,blocks.10.mlp.fc.weight,0,7559,2359296,0
3300,blocks.10.mlp.fc.weight,1,558,2359296,0
3300,blocks.10.mlp.fc.weight,2,19,2359296,0
3300,blocks.10.mlp.fc.weight,3,2,2359296,0
3300,blocks.10.mlp.fc.weight,4,0,2359296,0
3300,blocks.10.mlp.fc.weight,5,0,2359296,0
3300,blocks.10.mlp.fc.weight,6,0,2359296,0
3300,blocks.10.mlp.fc.weight,7,0,2359296,0
3300,blocks.10.mlp.fc.weight,8,0,2359296,0
3300,blocks.10.mlp.fc.weight,9,0,2359296,0
3300,blocks.10.mlp.fc.weight,10,0,2359296,0
3300,blocks.10.mlp.fc.weight,11,0,2359296,0
3300,blocks.10.mlp.fc.weight,12,0,2359296,0
3300,blocks.10.mlp.fc.weight,13,0,2359296,0
3300,blocks.10.mlp.fc.weight,14,0,2359296,0
3300,blocks.10.mlp.fc.weight,15,0,2359296,0
3300,blocks.10.mlp.fc.weight,16,0,2359296,0
3300,blocks.10.mlp.fc.weight,17,0,2359296,0
3300,blocks.10.mlp.fc.weight,18,0,2359296,0
3300,blocks.10.mlp.fc.weight,19,0,2359296,0
3300,blocks.10.mlp.fc.weight,20,0,2359296,0
3300,blocks.10.mlp.fc.weight,21,0,2359296,0
3300,blocks.10.mlp.fc.weight,22,0,2359296,0
3300,blocks.10.mlp.fc.weight,23,0,2359296,0
3300,blocks.10.mlp.fc.weight,24,0,2359296,0
3300,blocks.10.mlp.fc.weight,25,0,2359296,0
3300,blocks.10.mlp.fc.weight,26,0,2359296,0
3300,blocks.10.mlp.fc.weight,27,0,2359296,0
3300,blocks.10.mlp.fc.weight,28,0,2359296,0
3300,blocks.10.mlp.fc.weight,29,0,2359296,0
3300,blocks.10.mlp.fc.weight,30,0,2359296,0
3300,blocks.10.mlp.fc.weight,31,0,2359296,0
3300,blocks.10.mlp.fc.weight,32,0,2359296,0
3300,blocks.10.mlp.fc.weight,33,0,2359296,0
3300,blocks.10.mlp.fc.weight,34,0,2359296,0
3300,blocks.10.mlp.fc.weight,35,0,2359296,0
3300,blocks.10.mlp.fc.weight,36,0,2359296,0
3300,blocks.10.mlp.fc.weight,37,0,2359296,0
3300,blocks.10.mlp.fc.weight,38,0,2359296,0
3300,blocks.10.mlp.fc.weight,39,0,2359296,0
3300,blocks.10.mlp.fc.weight,40,0,2359296,0
3300,blocks.10.mlp.fc.weight,41,0,2359296,0
3300,blocks.10.mlp.fc.weight,42,0,2359296,0
3300,blocks.10.mlp.fc.weight,43,0,2359296,0
3300,blocks.10.mlp.fc.weight,44,0,2359296,0
3300,blocks.10.mlp.fc.weight,45,0,2359296,0
3300,blocks.10.mlp.fc.weight,46,0,2359296,0
3300,blocks.10.mlp.fc.weight,47,0,2359296,0
3300,blocks.10.mlp.fc.weight,48,0,2359296,0
3300,blocks.10.mlp.fc.weight,49,0,2359296,0
3300,blocks.10.mlp.fc.weight,50,0,2359296,0
3300,blocks.10.mlp.fc.weight,51,0,2359296,0
3300,blocks.10.mlp.fc.weight,52,0,2359296,0
3300,blocks.10.mlp.fc.weight,53,0,2359296,0
3300,blocks.10.mlp.fc.weight,54,0,2359296,0
3300,blocks.10.mlp.fc.weight,55,0,2359296,0
3300,blocks.10.mlp.fc.weight,56,0,2359296,0
3300,blocks.10.mlp.fc.weight,57,0,2359296,0
3300,blocks.10.mlp.fc.weight,58,0,2359296,0
3300,blocks.10.mlp.fc.weight,59,0,2359296,0
3300,blocks.10.mlp.fc.weight,60,0,2359296,0
3300,blocks.10.mlp.fc.weight,61,0,2359296,0
3300,blocks.10.mlp.fc.weight,62,0,2359296,0
3300,blocks.10.mlp.fc.weight,63,0,2359296,0
3300,blocks.10.mlp.fc.weight,64,0,2359296,0
3300,blocks.10.mlp.fc.weight,65,0,2359296,0
3300,blocks.10.mlp.fc.weight,66,0,2359296,0
3300,blocks.10.mlp.fc.weight,67,0,2359296,0
3300,blocks.10.mlp.fc.weight,68,0,2359296,0
3300,blocks.10.mlp.fc.weight,69,0,2359296,0
3300,blocks.10.mlp.fc.weight,70,0,2359296,0
3300,blocks.10.mlp.fc.weight,71,0,2359296,0
3300,blocks.10.mlp.fc.weight,72,0,2359296,0
3300,blocks.10.mlp.fc.weight,73,0,2359296,0
3300,blocks.10.mlp.fc.weight,74,0,2359296,0
3300,blocks.10.mlp.fc.weight,75,0,2359296,0
3300,blocks.10.mlp.fc.weight,76,0,2359296,0
3300,blocks.10.mlp.fc.weight,77,0,2359296,0
3300,blocks.10.mlp.fc.weight,78,0,2359296,0
3300,blocks.10.mlp.fc.weight,79,0,2359296,0
3300,blocks.10.mlp.fc.weight,80,0,2359296,0
3300,blocks.10.mlp.fc.weight,81,0,2359296,0
3300,blocks.10.mlp.fc.weight,82,0,2359296,0
3300,blocks.10.mlp.fc.weight,83,0,2359296,0
3300,blocks.10.mlp.fc.weight,84,0,2359296,0
3300,blocks.10.mlp.fc.weight,85,0,2359296,0
3300,blocks.10.mlp.fc.weight,86,0,2359296,0
3300,blocks.10.mlp.fc.weight,87,0,2359296,0
3300,blocks.10.mlp.fc.weight,88,0,2359296,0
3300,blocks.10.mlp.fc.weight,89,0,2359296,0
3300,blocks.10.mlp.fc.weight,90,0,2359296,0
3300,blocks.10.mlp.fc.weight,91,0,2359296,0
3300,blocks.10.mlp.fc.weight,92,0,2359296,0
3300,blocks.10.mlp.fc.weight,93,0,2359296,0
3300,blocks.10.mlp.fc.weight,94,0,2359296,0
3300,blocks.10.mlp.fc.weight,95,0,2359296,0
3300,blocks.10.mlp.fc.weight,96,0,2359296,0
3300,blocks.10.mlp.fc.weight,97,0,2359296,0
3300,blocks.10.mlp.fc.weight,98,0,2359296,0
3300,blocks.10.mlp.fc.weight,99,0,2359296,0
3300,blocks.10.mlp.fc.weight,100,0,2359296,0
3300,blocks.10.mlp.fc.weight,101,0,2359296,0
3300,blocks.10.mlp.fc.weight,102,0,2359296,0
3300,blocks.10.mlp.fc.weight,103,0,2359296,0
3300,blocks.10.mlp.fc.weight,104,0,2359296,0
3300,blocks.10.mlp.fc.weight,105,0,2359296,0
3300,blocks.10.mlp.fc.weight,106,0,2359296,0
3300,blocks.10.mlp.fc.weight,107,0,2359296,0
3300,blocks.10.mlp.fc.weight,108,0,2359296,0
3300,blocks.10.mlp.fc.weight,109,0,2359296,0
3300,blocks.10.mlp.fc.weight,110,0,2359296,0
3300,blocks.10.mlp.fc.weight,111,0,2359296,0
3300,blocks.10.mlp.fc.weight,112,0,2359296,0
3300,blocks.10.mlp.fc.weight,113,0,2359296,0
3300,blocks.10.mlp.fc.weight,114,0,2359296,0
3300,blocks.10.mlp.fc.weight,115,0,2359296,0
3300,blocks.10.mlp.fc.weight,116,0,2359296,0
3300,blocks.10.mlp.fc.weight,117,0,2359296,0
3300,blocks.10.mlp.fc.weight,118,0,2359296,0
3300,blocks.10.mlp.fc.weight,119,0,2359296,0
3300,blocks.10.mlp.fc.weight,120,0,2359296,0
3300,blocks.10.mlp.fc.weight,121,0,2359296,0
3300,blocks.10.mlp.fc.weight,122,0,2359296,0
3300,blocks.10.mlp.fc.weight,123,0,2359296,0
3300,blocks.10.mlp.fc.weight,124,0,2359296,0
3300,blocks.10.mlp.fc.weight,125,0,2359296,0
3300,blocks.10.mlp.fc.weight,126,0,2359296,0
3300,blocks.10.mlp.fc.weight,127,0,2359296,0
3300,blocks.10.mlp.fc.weight,128,0,2359296,0
3300,blocks.10.mlp.proj.weight,-127,0,2359296,0
3300,blocks.10.mlp.proj.weight,-126,0,2359296,0
3300,blocks.10.mlp.proj.weight,-125,0,2359296,0
3300,blocks.10.mlp.proj.weight,-124,0,2359296,0
3300,blocks.10.mlp.proj.weight,-123,0,2359296,0
3300,blocks.10.mlp.proj.weight,-122,0,2359296,0
3300,blocks.10.mlp.proj.weight,-121,0,2359296,0
3300,blocks.10.mlp.proj.weight,-120,0,2359296,0
3300,blocks.10.mlp.proj.weight,-119,0,2359296,0
3300,blocks.10.mlp.proj.weight,-118,0,2359296,0
3300,blocks.10.mlp.proj.weight,-117,0,2359296,0
3300,blocks.10.mlp.proj.weight,-116,0,2359296,0
3300,blocks.10.mlp.proj.weight,-115,0,2359296,0
3300,blocks.10.mlp.proj.weight,-114,0,2359296,0
3300,blocks.10.mlp.proj.weight,-113,0,2359296,0
3300,blocks.10.mlp.proj.weight,-112,0,2359296,0
3300,blocks.10.mlp.proj.weight,-111,0,2359296,0
3300,blocks.10.mlp.proj.weight,-110,0,2359296,0
3300,blocks.10.mlp.proj.weight,-109,0,2359296,0
3300,blocks.10.mlp.proj.weight,-108,0,2359296,0
3300,blocks.10.mlp.proj.weight,-107,0,2359296,0
3300,blocks.10.mlp.proj.weight,-106,0,2359296,0
3300,blocks.10.mlp.proj.weight,-105,0,2359296,0
3300,blocks.10.mlp.proj.weight,-104,0,2359296,0
3300,blocks.10.mlp.proj.weight,-103,0,2359296,0
3300,blocks.10.mlp.proj.weight,-102,0,2359296,0
3300,blocks.10.mlp.proj.weight,-101,0,2359296,0
3300,blocks.10.mlp.proj.weight,-100,0,2359296,0
3300,blocks.10.mlp.proj.weight,-99,0,2359296,0
3300,blocks.10.mlp.proj.weight,-98,0,2359296,0
3300,blocks.10.mlp.proj.weight,-97,0,2359296,0
3300,blocks.10.mlp.proj.weight,-96,0,2359296,0
3300,blocks.10.mlp.proj.weight,-95,0,2359296,0
3300,blocks.10.mlp.proj.weight,-94,0,2359296,0
3300,blocks.10.mlp.proj.weight,-93,0,2359296,0
3300,blocks.10.mlp.proj.weight,-92,0,2359296,0
3300,blocks.10.mlp.proj.weight,-91,0,2359296,0
3300,blocks.10.mlp.proj.weight,-90,0,2359296,0
3300,blocks.10.mlp.proj.weight,-89,0,2359296,0
3300,blocks.10.mlp.proj.weight,-88,0,2359296,0
3300,blocks.10.mlp.proj.weight,-87,0,2359296,0
3300,blocks.10.mlp.proj.weight,-86,0,2359296,0
3300,blocks.10.mlp.proj.weight,-85,0,2359296,0
3300,blocks.10.mlp.proj.weight,-84,0,2359296,0
3300,blocks.10.mlp.proj.weight,-83,0,2359296,0
3300,blocks.10.mlp.proj.weight,-82,0,2359296,0
3300,blocks.10.mlp.proj.weight,-81,0,2359296,0
3300,blocks.10.mlp.proj.weight,-80,0,2359296,0
3300,blocks.10.mlp.proj.weight,-79,0,2359296,0
3300,blocks.10.mlp.proj.weight,-78,0,2359296,0
3300,blocks.10.mlp.proj.weight,-77,0,2359296,0
3300,blocks.10.mlp.proj.weight,-76,0,2359296,0
3300,blocks.10.mlp.proj.weight,-75,0,2359296,0
3300,blocks.10.mlp.proj.weight,-74,0,2359296,0
3300,blocks.10.mlp.proj.weight,-73,0,2359296,0
3300,blocks.10.mlp.proj.weight,-72,0,2359296,0
3300,blocks.10.mlp.proj.weight,-71,0,2359296,0
3300,blocks.10.mlp.proj.weight,-70,0,2359296,0
3300,blocks.10.mlp.proj.weight,-69,0,2359296,0
3300,blocks.10.mlp.proj.weight,-68,0,2359296,0
3300,blocks.10.mlp.proj.weight,-67,0,2359296,0
3300,blocks.10.mlp.proj.weight,-66,0,2359296,0
3300,blocks.10.mlp.proj.weight,-65,0,2359296,0
3300,blocks.10.mlp.proj.weight,-64,0,2359296,0
3300,blocks.10.mlp.proj.weight,-63,0,2359296,0
3300,blocks.10.mlp.proj.weight,-62,0,2359296,0
3300,blocks.10.mlp.proj.weight,-61,0,2359296,0
3300,blocks.10.mlp.proj.weight,-60,0,2359296,0
3300,blocks.10.mlp.proj.weight,-59,0,2359296,0
3300,blocks.10.mlp.proj.weight,-58,0,2359296,0
3300,blocks.10.mlp.proj.weight,-57,0,2359296,0
3300,blocks.10.mlp.proj.weight,-56,0,2359296,0
3300,blocks.10.mlp.proj.weight,-55,0,2359296,0
3300,blocks.10.mlp.proj.weight,-54,0,2359296,0
3300,blocks.10.mlp.proj.weight,-53,0,2359296,0
3300,blocks.10.mlp.proj.weight,-52,0,2359296,0
3300,blocks.10.mlp.proj.weight,-51,0,2359296,0
3300,blocks.10.mlp.proj.weight,-50,0,2359296,0
3300,blocks.10.mlp.proj.weight,-49,0,2359296,0
3300,blocks.10.mlp.proj.weight,-48,0,2359296,0
3300,blocks.10.mlp.proj.weight,-47,0,2359296,0
3300,blocks.10.mlp.proj.weight,-46,0,2359296,0
3300,blocks.10.mlp.proj.weight,-45,0,2359296,0
3300,blocks.10.mlp.proj.weight,-44,0,2359296,0
3300,blocks.10.mlp.proj.weight,-43,0,2359296,0
3300,blocks.10.mlp.proj.weight,-42,0,2359296,0
3300,blocks.10.mlp.proj.weight,-41,0,2359296,0
3300,blocks.10.mlp.proj.weight,-40,0,2359296,0
3300,blocks.10.mlp.proj.weight,-39,0,2359296,0
3300,blocks.10.mlp.proj.weight,-38,0,2359296,0
3300,blocks.10.mlp.proj.weight,-37,0,2359296,0
3300,blocks.10.mlp.proj.weight,-36,0,2359296,0
3300,blocks.10.mlp.proj.weight,-35,0,2359296,0
3300,blocks.10.mlp.proj.weight,-34,1,2359296,0
3300,blocks.10.mlp.proj.weight,-33,0,2359296,0
3300,blocks.10.mlp.proj.weight,-32,1,2359296,0
3300,blocks.10.mlp.proj.weight,-31,6,2359296,0
3300,blocks.10.mlp.proj.weight,-30,17,2359296,0
3300,blocks.10.mlp.proj.weight,-29,32,2359296,0
3300,blocks.10.mlp.proj.weight,-28,18,2359296,0
3300,blocks.10.mlp.proj.weight,-27,2,2359296,0
3300,blocks.10.mlp.proj.weight,-26,0,2359296,0
3300,blocks.10.mlp.proj.weight,-25,0,2359296,0
3300,blocks.10.mlp.proj.weight,-24,0,2359296,0
3300,blocks.10.mlp.proj.weight,-23,0,2359296,0
3300,blocks.10.mlp.proj.weight,-22,0,2359296,0
3300,blocks.10.mlp.proj.weight,-21,0,2359296,0
3300,blocks.10.mlp.proj.weight,-20,1,2359296,0
3300,blocks.10.mlp.proj.weight,-19,2,2359296,0
3300,blocks.10.mlp.proj.weight,-18,8,2359296,0
3300,blocks.10.mlp.proj.weight,-17,14,2359296,0
3300,blocks.10.mlp.proj.weight,-16,80,2359296,0
3300,blocks.10.mlp.proj.weight,-15,160,2359296,0
3300,blocks.10.mlp.proj.weight,-14,310,2359296,0
3300,blocks.10.mlp.proj.weight,-13,607,2359296,0
3300,blocks.10.mlp.proj.weight,-12,1283,2359296,0
3300,blocks.10.mlp.proj.weight,-11,2559,2359296,0
3300,blocks.10.mlp.proj.weight,-10,5178,2359296,0
3300,blocks.10.mlp.proj.weight,-9,10320,2359296,0
3300,blocks.10.mlp.proj.weight,-8,20834,2359296,0
3300,blocks.10.mlp.proj.weight,-7,42195,2359296,0
3300,blocks.10.mlp.proj.weight,-6,82483,2359296,0
3300,blocks.10.mlp.proj.weight,-5,161136,2359296,0
3300,blocks.10.mlp.proj.weight,-4,307257,2359296,0
3300,blocks.10.mlp.proj.weight,-3,545007,2359296,0
3300,blocks.10.mlp.proj.weight,-2,729517,2359296,0
3300,blocks.10.mlp.proj.weight,-1,410230,2359296,0
3300,blocks.10.mlp.proj.weight,0,38448,2359296,0
3300,blocks.10.mlp.proj.weight,1,1409,2359296,0
3300,blocks.10.mlp.proj.weight,2,176,2359296,0
3300,blocks.10.mlp.proj.weight,3,5,2359296,0
3300,blocks.10.mlp.proj.weight,4,0,2359296,0
3300,blocks.10.mlp.proj.weight,5,0,2359296,0
3300,blocks.10.mlp.proj.weight,6,0,2359296,0
3300,blocks.10.mlp.proj.weight,7,0,2359296,0
3300,blocks.10.mlp.proj.weight,8,0,2359296,0
3300,blocks.10.mlp.proj.weight,9,0,2359296,0
3300,blocks.10.mlp.proj.weight,10,0,2359296,0
3300,blocks.10.mlp.proj.weight,11,0,2359296,0
3300,blocks.10.mlp.proj.weight,12,0,2359296,0
3300,blocks.10.mlp.proj.weight,13,0,2359296,0
3300,blocks.10.mlp.proj.weight,14,0,2359296,0
3300,blocks.10.mlp.proj.weight,15,0,2359296,0
3300,blocks.10.mlp.proj.weight,16,0,2359296,0
3300,blocks.10.mlp.proj.weight,17,0,2359296,0
3300,blocks.10.mlp.proj.weight,18,0,2359296,0
3300,blocks.10.mlp.proj.weight,19,0,2359296,0
3300,blocks.10.mlp.proj.weight,20,0,2359296,0
3300,blocks.10.mlp.proj.weight,21,0,2359296,0
3300,blocks.10.mlp.proj.weight,22,0,2359296,0
3300,blocks.10.mlp.proj.weight,23,0,2359296,0
3300,blocks.10.mlp.proj.weight,24,0,2359296,0
3300,blocks.10.mlp.proj.weight,25,0,2359296,0
3300,blocks.10.mlp.proj.weight,26,0,2359296,0
3300,blocks.10.mlp.proj.weight,27,0,2359296,0
3300,blocks.10.mlp.proj.weight,28,0,2359296,0
3300,blocks.10.mlp.proj.weight,29,0,2359296,0
3300,blocks.10.mlp.proj.weight,30,0,2359296,0
3300,blocks.10.mlp.proj.weight,31,0,2359296,0
3300,blocks.10.mlp.proj.weight,32,0,2359296,0
3300,blocks.10.mlp.proj.weight,33,0,2359296,0
3300,blocks.10.mlp.proj.weight,34,0,2359296,0
3300,blocks.10.mlp.proj.weight,35,0,2359296,0
3300,blocks.10.mlp.proj.weight,36,0,2359296,0
3300,blocks.10.mlp.proj.weight,37,0,2359296,0
3300,blocks.10.mlp.proj.weight,38,0,2359296,0
3300,blocks.10.mlp.proj.weight,39,0,2359296,0
3300,blocks.10.mlp.proj.weight,40,0,2359296,0
3300,blocks.10.mlp.proj.weight,41,0,2359296,0
3300,blocks.10.mlp.proj.weight,42,0,2359296,0
3300,blocks.10.mlp.proj.weight,43,0,2359296,0
3300,blocks.10.mlp.proj.weight,44,0,2359296,0
3300,blocks.10.mlp.proj.weight,45,0,2359296,0
3300,blocks.10.mlp.proj.weight,46,0,2359296,0
3300,blocks.10.mlp.proj.weight,47,0,2359296,0
3300,blocks.10.mlp.proj.weight,48,0,2359296,0
3300,blocks.10.mlp.proj.weight,49,0,2359296,0
3300,blocks.10.mlp.proj.weight,50,0,2359296,0
3300,blocks.10.mlp.proj.weight,51,0,2359296,0
3300,blocks.10.mlp.proj.weight,52,0,2359296,0
3300,blocks.10.mlp.proj.weight,53,0,2359296,0
3300,blocks.10.mlp.proj.weight,54,0,2359296,0
3300,blocks.10.mlp.proj.weight,55,0,2359296,0
3300,blocks.10.mlp.proj.weight,56,0,2359296,0
3300,blocks.10.mlp.proj.weight,57,0,2359296,0
3300,blocks.10.mlp.proj.weight,58,0,2359296,0
3300,blocks.10.mlp.proj.weight,59,0,2359296,0
3300,blocks.10.mlp.proj.weight,60,0,2359296,0
3300,blocks.10.mlp.proj.weight,61,0,2359296,0
3300,blocks.10.mlp.proj.weight,62,0,2359296,0
3300,blocks.10.mlp.proj.weight,63,0,2359296,0
3300,blocks.10.mlp.proj.weight,64,0,2359296,0
3300,blocks.10.mlp.proj.weight,65,0,2359296,0
3300,blocks.10.mlp.proj.weight,66,0,2359296,0
3300,blocks.10.mlp.proj.weight,67,0,2359296,0
3300,blocks.10.mlp.proj.weight,68,0,2359296,0
3300,blocks.10.mlp.proj.weight,69,0,2359296,0
3300,blocks.10.mlp.proj.weight,70,0,2359296,0
3300,blocks.10.mlp.proj.weight,71,0,2359296,0
3300,blocks.10.mlp.proj.weight,72,0,2359296,0
3300,blocks.10.mlp.proj.weight,73,0,2359296,0
3300,blocks.10.mlp.proj.weight,74,0,2359296,0
3300,blocks.10.mlp.proj.weight,75,0,2359296,0
3300,blocks.10.mlp.proj.weight,76,0,2359296,0
3300,blocks.10.mlp.proj.weight,77,0,2359296,0
3300,blocks.10.mlp.proj.weight,78,0,2359296,0
3300,blocks.10.mlp.proj.weight,79,0,2359296,0
3300,blocks.10.mlp.proj.weight,80,0,2359296,0
3300,blocks.10.mlp.proj.weight,81,0,2359296,0
3300,blocks.10.mlp.proj.weight,82,0,2359296,0
3300,blocks.10.mlp.proj.weight,83,0,2359296,0
3300,blocks.10.mlp.proj.weight,84,0,2359296,0
3300,blocks.10.mlp.proj.weight,85,0,2359296,0
3300,blocks.10.mlp.proj.weight,86,0,2359296,0
3300,blocks.10.mlp.proj.weight,87,0,2359296,0
3300,blocks.10.mlp.proj.weight,88,0,2359296,0
3300,blocks.10.mlp.proj.weight,89,0,2359296,0
3300,blocks.10.mlp.proj.weight,90,0,2359296,0
3300,blocks.10.mlp.proj.weight,91,0,2359296,0
3300,blocks.10.mlp.proj.weight,92,0,2359296,0
3300,blocks.10.mlp.proj.weight,93,0,2359296,0
3300,blocks.10.mlp.proj.weight,94,0,2359296,0
3300,blocks.10.mlp.proj.weight,95,0,2359296,0
3300,blocks.10.mlp.proj.weight,96,0,2359296,0
3300,blocks.10.mlp.proj.weight,97,0,2359296,0
3300,blocks.10.mlp.proj.weight,98,0,2359296,0
3300,blocks.10.mlp.proj.weight,99,0,2359296,0
3300,blocks.10.mlp.proj.weight,100,0,2359296,0
3300,blocks.10.mlp.proj.weight,101,0,2359296,0
3300,blocks.10.mlp.proj.weight,102,0,2359296,0
3300,blocks.10.mlp.proj.weight,103,0,2359296,0
3300,blocks.10.mlp.proj.weight,104,0,2359296,0
3300,blocks.10.mlp.proj.weight,105,0,2359296,0
3300,blocks.10.mlp.proj.weight,106,0,2359296,0
3300,blocks.10.mlp.proj.weight,107,0,2359296,0
3300,blocks.10.mlp.proj.weight,108,0,2359296,0
3300,blocks.10.mlp.proj.weight,109,0,2359296,0
3300,blocks.10.mlp.proj.weight,110,0,2359296,0
3300,blocks.10.mlp.proj.weight,111,0,2359296,0
3300,blocks.10.mlp.proj.weight,112,0,2359296,0
3300,blocks.10.mlp.proj.weight,113,0,2359296,0
3300,blocks.10.mlp.proj.weight,114,0,2359296,0
3300,blocks.10.mlp.proj.weight,115,0,2359296,0
3300,blocks.10.mlp.proj.weight,116,0,2359296,0
3300,blocks.10.mlp.proj.weight,117,0,2359296,0
3300,blocks.10.mlp.proj.weight,118,0,2359296,0
3300,blocks.10.mlp.proj.weight,119,0,2359296,0
3300,blocks.10.mlp.proj.weight,120,0,2359296,0
3300,blocks.10.mlp.proj.weight,121,0,2359296,0
3300,blocks.10.mlp.proj.weight,122,0,2359296,0
3300,blocks.10.mlp.proj.weight,123,0,2359296,0
3300,blocks.10.mlp.proj.weight,124,0,2359296,0
3300,blocks.10.mlp.proj.weight,125,0,2359296,0
3300,blocks.10.mlp.proj.weight,126,0,2359296,0
3300,blocks.10.mlp.proj.weight,127,0,2359296,0
3300,blocks.10.mlp.proj.weight,128,0,2359296,0
3300,blocks.11.mlp.fc.weight,-127,0,2359296,0
3300,blocks.11.mlp.fc.weight,-126,0,2359296,0
3300,blocks.11.mlp.fc.weight,-125,0,2359296,0
3300,blocks.11.mlp.fc.weight,-124,0,2359296,0
3300,blocks.11.mlp.fc.weight,-123,0,2359296,0
3300,blocks.11.mlp.fc.weight,-122,0,2359296,0
3300,blocks.11.mlp.fc.weight,-121,0,2359296,0
3300,blocks.11.mlp.fc.weight,-120,0,2359296,0
3300,blocks.11.mlp.fc.weight,-119,0,2359296,0
3300,blocks.11.mlp.fc.weight,-118,0,2359296,0
3300,blocks.11.mlp.fc.weight,-117,0,2359296,0
3300,blocks.11.mlp.fc.weight,-116,0,2359296,0
3300,blocks.11.mlp.fc.weight,-115,0,2359296,0
3300,blocks.11.mlp.fc.weight,-114,0,2359296,0
3300,blocks.11.mlp.fc.weight,-113,0,2359296,0
3300,blocks.11.mlp.fc.weight,-112,0,2359296,0
3300,blocks.11.mlp.fc.weight,-111,0,2359296,0
3300,blocks.11.mlp.fc.weight,-110,0,2359296,0
3300,blocks.11.mlp.fc.weight,-109,0,2359296,0
3300,blocks.11.mlp.fc.weight,-108,0,2359296,0
3300,blocks.11.mlp.fc.weight,-107,0,2359296,0
3300,blocks.11.mlp.fc.weight,-106,0,2359296,0
3300,blocks.11.mlp.fc.weight,-105,0,2359296,0
3300,blocks.11.mlp.fc.weight,-104,0,2359296,0
3300,blocks.11.mlp.fc.weight,-103,0,2359296,0
3300,blocks.11.mlp.fc.weight,-102,0,2359296,0
3300,blocks.11.mlp.fc.weight,-101,0,2359296,0
3300,blocks.11.mlp.fc.weight,-100,0,2359296,0
3300,blocks.11.mlp.fc.weight,-99,0,2359296,0
3300,blocks.11.mlp.fc.weight,-98,0,2359296,0
3300,blocks.11.mlp.fc.weight,-97,0,2359296,0
3300,blocks.11.mlp.fc.weight,-96,0,2359296,0
3300,blocks.11.mlp.fc.weight,-95,0,2359296,0
3300,blocks.11.mlp.fc.weight,-94,0,2359296,0
3300,blocks.11.mlp.fc.weight,-93,0,2359296,0
3300,blocks.11.mlp.fc.weight,-92,0,2359296,0
3300,blocks.11.mlp.fc.weight,-91,0,2359296,0
3300,blocks.11.mlp.fc.weight,-90,0,2359296,0
3300,blocks.11.mlp.fc.weight,-89,0,2359296,0
3300,blocks.11.mlp.fc.weight,-88,0,2359296,0
3300,blocks.11.mlp.fc.weight,-87,0,2359296,0
3300,blocks.11.mlp.fc.weight,-86,0,2359296,0
3300,blocks.11.mlp.fc.weight,-85,0,2359296,0
3300,blocks.11.mlp.fc.weight,-84,0,2359296,0
3300,blocks.11.mlp.fc.weight,-83,0,2359296,0
3300,blocks.11.mlp.fc.weight,-82,0,2359296,0
3300,blocks.11.mlp.fc.weight,-81,0,2359296,0
3300,blocks.11.mlp.fc.weight,-80,0,2359296,0
3300,blocks.11.mlp.fc.weight,-79,0,2359296,0
3300,blocks.11.mlp.fc.weight,-78,0,2359296,0
3300,blocks.11.mlp.fc.weight,-77,0,2359296,0
3300,blocks.11.mlp.fc.weight,-76,0,2359296,0
3300,blocks.11.mlp.fc.weight,-75,0,2359296,0
3300,blocks.11.mlp.fc.weight,-74,0,2359296,0
3300,blocks.11.mlp.fc.weight,-73,0,2359296,0
3300,blocks.11.mlp.fc.weight,-72,0,2359296,0
3300,blocks.11.mlp.fc.weight,-71,0,2359296,0
3300,blocks.11.mlp.fc.weight,-70,0,2359296,0
3300,blocks.11.mlp.fc.weight,-69,0,2359296,0
3300,blocks.11.mlp.fc.weight,-68,0,2359296,0
3300,blocks.11.mlp.fc.weight,-67,0,2359296,0
3300,blocks.11.mlp.fc.weight,-66,0,2359296,0
3300,blocks.11.mlp.fc.weight,-65,0,2359296,0
3300,blocks.11.mlp.fc.weight,-64,0,2359296,0
3300,blocks.11.mlp.fc.weight,-63,0,2359296,0
3300,blocks.11.mlp.fc.weight,-62,0,2359296,0
3300,blocks.11.mlp.fc.weight,-61,0,2359296,0
3300,blocks.11.mlp.fc.weight,-60,0,2359296,0
3300,blocks.11.mlp.fc.weight,-59,0,2359296,0
3300,blocks.11.mlp.fc.weight,-58,0,2359296,0
3300,blocks.11.mlp.fc.weight,-57,0,2359296,0
3300,blocks.11.mlp.fc.weight,-56,0,2359296,0
3300,blocks.11.mlp.fc.weight,-55,0,2359296,0
3300,blocks.11.mlp.fc.weight,-54,0,2359296,0
3300,blocks.11.mlp.fc.weight,-53,0,2359296,0
3300,blocks.11.mlp.fc.weight,-52,0,2359296,0
3300,blocks.11.mlp.fc.weight,-51,0,2359296,0
3300,blocks.11.mlp.fc.weight,-50,0,2359296,0
3300,blocks.11.mlp.fc.weight,-49,0,2359296,0
3300,blocks.11.mlp.fc.weight,-48,0,2359296,0
3300,blocks.11.mlp.fc.weight,-47,0,2359296,0
3300,blocks.11.mlp.fc.weight,-46,0,2359296,0
3300,blocks.11.mlp.fc.weight,-45,0,2359296,0
3300,blocks.11.mlp.fc.weight,-44,0,2359296,0
3300,blocks.11.mlp.fc.weight,-43,0,2359296,0
3300,blocks.11.mlp.fc.weight,-42,0,2359296,0
3300,blocks.11.mlp.fc.weight,-41,0,2359296,0
3300,blocks.11.mlp.fc.weight,-40,0,2359296,0
3300,blocks.11.mlp.fc.weight,-39,0,2359296,0
3300,blocks.11.mlp.fc.weight,-38,0,2359296,0
3300,blocks.11.mlp.fc.weight,-37,0,2359296,0
3300,blocks.11.mlp.fc.weight,-36,0,2359296,0
3300,blocks.11.mlp.fc.weight,-35,0,2359296,0
3300,blocks.11.mlp.fc.weight,-34,3,2359296,0
3300,blocks.11.mlp.fc.weight,-33,2,2359296,0
3300,blocks.11.mlp.fc.weight,-32,12,2359296,0
3300,blocks.11.mlp.fc.weight,-31,10,2359296,0
3300,blocks.11.mlp.fc.weight,-30,23,2359296,0
3300,blocks.11.mlp.fc.weight,-29,23,2359296,0
3300,blocks.11.mlp.fc.weight,-28,5,2359296,0
3300,blocks.11.mlp.fc.weight,-27,1,2359296,0
3300,blocks.11.mlp.fc.weight,-26,0,2359296,0
3300,blocks.11.mlp.fc.weight,-25,0,2359296,0
3300,blocks.11.mlp.fc.weight,-24,0,2359296,0
3300,blocks.11.mlp.fc.weight,-23,0,2359296,0
3300,blocks.11.mlp.fc.weight,-22,0,2359296,0
3300,blocks.11.mlp.fc.weight,-21,4,2359296,0
3300,blocks.11.mlp.fc.weight,-20,2,2359296,0
3300,blocks.11.mlp.fc.weight,-19,8,2359296,0
3300,blocks.11.mlp.fc.weight,-18,17,2359296,0
3300,blocks.11.mlp.fc.weight,-17,64,2359296,0
3300,blocks.11.mlp.fc.weight,-16,153,2359296,0
3300,blocks.11.mlp.fc.weight,-15,335,2359296,0
3300,blocks.11.mlp.fc.weight,-14,675,2359296,0
3300,blocks.11.mlp.fc.weight,-13,1361,2359296,0
3300,blocks.11.mlp.fc.weight,-12,2787,2359296,0
3300,blocks.11.mlp.fc.weight,-11,5466,2359296,0
3300,blocks.11.mlp.fc.weight,-10,11072,2359296,0
3300,blocks.11.mlp.fc.weight,-9,21975,2359296,0
3300,blocks.11.mlp.fc.weight,-8,43695,2359296,0
3300,blocks.11.mlp.fc.weight,-7,82441,2359296,0
3300,blocks.11.mlp.fc.weight,-6,146770,2359296,0
3300,blocks.11.mlp.fc.weight,-5,260918,2359296,0
3300,blocks.11.mlp.fc.weight,-4,457674,2359296,0
3300,blocks.11.mlp.fc.weight,-3,671220,2359296,0
3300,blocks.11.mlp.fc.weight,-2,520560,2359296,0
3300,blocks.11.mlp.fc.weight,-1,114137,2359296,0
3300,blocks.11.mlp.fc.weight,0,14804,2359296,0
3300,blocks.11.mlp.fc.weight,1,2660,2359296,0
3300,blocks.11.mlp.fc.weight,2,372,2359296,0
3300,blocks.11.mlp.fc.weight,3,42,2359296,0
3300,blocks.11.mlp.fc.weight,4,5,2359296,0
3300,blocks.11.mlp.fc.weight,5,0,2359296,0
3300,blocks.11.mlp.fc.weight,6,0,2359296,0
3300,blocks.11.mlp.fc.weight,7,0,2359296,0
3300,blocks.11.mlp.fc.weight,8,0,2359296,0
3300,blocks.11.mlp.fc.weight,9,0,2359296,0
3300,blocks.11.mlp.fc.weight,10,0,2359296,0
3300,blocks.11.mlp.fc.weight,11,0,2359296,0
3300,blocks.11.mlp.fc.weight,12,0,2359296,0
3300,blocks.11.mlp.fc.weight,13,0,2359296,0
3300,blocks.11.mlp.fc.weight,14,0,2359296,0
3300,blocks.11.mlp.fc.weight,15,0,2359296,0
3300,blocks.11.mlp.fc.weight,16,0,2359296,0
3300,blocks.11.mlp.fc.weight,17,0,2359296,0
3300,blocks.11.mlp.fc.weight,18,0,2359296,0
3300,blocks.11.mlp.fc.weight,19,0,2359296,0
3300,blocks.11.mlp.fc.weight,20,0,2359296,0
3300,blocks.11.mlp.fc.weight,21,0,2359296,0
3300,blocks.11.mlp.fc.weight,22,0,2359296,0
3300,blocks.11.mlp.fc.weight,23,0,2359296,0
3300,blocks.11.mlp.fc.weight,24,0,2359296,0
3300,blocks.11.mlp.fc.weight,25,0,2359296,0
3300,blocks.11.mlp.fc.weight,26,0,2359296,0
3300,blocks.11.mlp.fc.weight,27,0,2359296,0
3300,blocks.11.mlp.fc.weight,28,0,2359296,0
3300,blocks.11.mlp.fc.weight,29,0,2359296,0
3300,blocks.11.mlp.fc.weight,30,0,2359296,0
3300,blocks.11.mlp.fc.weight,31,0,2359296,0
3300,blocks.11.mlp.fc.weight,32,0,2359296,0
3300,blocks.11.mlp.fc.weight,33,0,2359296,0
3300,blocks.11.mlp.fc.weight,34,0,2359296,0
3300,blocks.11.mlp.fc.weight,35,0,2359296,0
3300,blocks.11.mlp.fc.weight,36,0,2359296,0
3300,blocks.11.mlp.fc.weight,37,0,2359296,0
3300,blocks.11.mlp.fc.weight,38,0,2359296,0
3300,blocks.11.mlp.fc.weight,39,0,2359296,0
3300,blocks.11.mlp.fc.weight,40,0,2359296,0
3300,blocks.11.mlp.fc.weight,41,0,2359296,0
3300,blocks.11.mlp.fc.weight,42,0,2359296,0
3300,blocks.11.mlp.fc.weight,43,0,2359296,0
3300,blocks.11.mlp.fc.weight,44,0,2359296,0
3300,blocks.11.mlp.fc.weight,45,0,2359296,0
3300,blocks.11.mlp.fc.weight,46,0,2359296,0
3300,blocks.11.mlp.fc.weight,47,0,2359296,0
3300,blocks.11.mlp.fc.weight,48,0,2359296,0
3300,blocks.11.mlp.fc.weight,49,0,2359296,0
3300,blocks.11.mlp.fc.weight,50,0,2359296,0
3300,blocks.11.mlp.fc.weight,51,0,2359296,0
3300,blocks.11.mlp.fc.weight,52,0,2359296,0
3300,blocks.11.mlp.fc.weight,53,0,2359296,0
3300,blocks.11.mlp.fc.weight,54,0,2359296,0
3300,blocks.11.mlp.fc.weight,55,0,2359296,0
3300,blocks.11.mlp.fc.weight,56,0,2359296,0
3300,blocks.11.mlp.fc.weight,57,0,2359296,0
3300,blocks.11.mlp.fc.weight,58,0,2359296,0
3300,blocks.11.mlp.fc.weight,59,0,2359296,0
3300,blocks.11.mlp.fc.weight,60,0,2359296,0
3300,blocks.11.mlp.fc.weight,61,0,2359296,0
3300,blocks.11.mlp.fc.weight,62,0,2359296,0
3300,blocks.11.mlp.fc.weight,63,0,2359296,0
3300,blocks.11.mlp.fc.weight,64,0,2359296,0
3300,blocks.11.mlp.fc.weight,65,0,2359296,0
3300,blocks.11.mlp.fc.weight,66,0,2359296,0
3300,blocks.11.mlp.fc.weight,67,0,2359296,0
3300,blocks.11.mlp.fc.weight,68,0,2359296,0
3300,blocks.11.mlp.fc.weight,69,0,2359296,0
3300,blocks.11.mlp.fc.weight,70,0,2359296,0
3300,blocks.11.mlp.fc.weight,71,0,2359296,0
3300,blocks.11.mlp.fc.weight,72,0,2359296,0
3300,blocks.11.mlp.fc.weight,73,0,2359296,0
3300,blocks.11.mlp.fc.weight,74,0,2359296,0
3300,blocks.11.mlp.fc.weight,75,0,2359296,0
3300,blocks.11.mlp.fc.weight,76,0,2359296,0
3300,blocks.11.mlp.fc.weight,77,0,2359296,0
3300,blocks.11.mlp.fc.weight,78,0,2359296,0
3300,blocks.11.mlp.fc.weight,79,0,2359296,0
3300,blocks.11.mlp.fc.weight,80,0,2359296,0
3300,blocks.11.mlp.fc.weight,81,0,2359296,0
3300,blocks.11.mlp.fc.weight,82,0,2359296,0
3300,blocks.11.mlp.fc.weight,83,0,2359296,0
3300,blocks.11.mlp.fc.weight,84,0,2359296,0
3300,blocks.11.mlp.fc.weight,85,0,2359296,0
3300,blocks.11.mlp.fc.weight,86,0,2359296,0
3300,blocks.11.mlp.fc.weight,87,0,2359296,0
3300,blocks.11.mlp.fc.weight,88,0,2359296,0
3300,blocks.11.mlp.fc.weight,89,0,2359296,0
3300,blocks.11.mlp.fc.weight,90,0,2359296,0
3300,blocks.11.mlp.fc.weight,91,0,2359296,0
3300,blocks.11.mlp.fc.weight,92,0,2359296,0
3300,blocks.11.mlp.fc.weight,93,0,2359296,0
3300,blocks.11.mlp.fc.weight,94,0,2359296,0
3300,blocks.11.mlp.fc.weight,95,0,2359296,0
3300,blocks.11.mlp.fc.weight,96,0,2359296,0
3300,blocks.11.mlp.fc.weight,97,0,2359296,0
3300,blocks.11.mlp.fc.weight,98,0,2359296,0
3300,blocks.11.mlp.fc.weight,99,0,2359296,0
3300,blocks.11.mlp.fc.weight,100,0,2359296,0
3300,blocks.11.mlp.fc.weight,101,0,2359296,0
3300,blocks.11.mlp.fc.weight,102,0,2359296,0
3300,blocks.11.mlp.fc.weight,103,0,2359296,0
3300,blocks.11.mlp.fc.weight,104,0,2359296,0
3300,blocks.11.mlp.fc.weight,105,0,2359296,0
3300,blocks.11.mlp.fc.weight,106,0,2359296,0
3300,blocks.11.mlp.fc.weight,107,0,2359296,0
3300,blocks.11.mlp.fc.weight,108,0,2359296,0
3300,blocks.11.mlp.fc.weight,109,0,2359296,0
3300,blocks.11.mlp.fc.weight,110,0,2359296,0
3300,blocks.11.mlp.fc.weight,111,0,2359296,0
3300,blocks.11.mlp.fc.weight,112,0,2359296,0
3300,blocks.11.mlp.fc.weight,113,0,2359296,0
3300,blocks.11.mlp.fc.weight,114,0,2359296,0
3300,blocks.11.mlp.fc.weight,115,0,2359296,0
3300,blocks.11.mlp.fc.weight,116,0,2359296,0
3300,blocks.11.mlp.fc.weight,117,0,2359296,0
3300,blocks.11.mlp.fc.weight,118,0,2359296,0
3300,blocks.11.mlp.fc.weight,119,0,2359296,0
3300,blocks.11.mlp.fc.weight,120,0,2359296,0
3300,blocks.11.mlp.fc.weight,121,0,2359296,0
3300,blocks.11.mlp.fc.weight,122,0,2359296,0
3300,blocks.11.mlp.fc.weight,123,0,2359296,0
3300,blocks.11.mlp.fc.weight,124,0,2359296,0
3300,blocks.11.mlp.fc.weight,125,0,2359296,0
3300,blocks.11.mlp.fc.weight,126,0,2359296,0
3300,blocks.11.mlp.fc.weight,127,0,2359296,0
3300,blocks.11.mlp.fc.weight,128,0,2359296,0
3300,blocks.11.mlp.proj.weight,-127,0,2359296,0
3300,blocks.11.mlp.proj.weight,-126,0,2359296,0
3300,blocks.11.mlp.proj.weight,-125,0,2359296,0
3300,blocks.11.mlp.proj.weight,-124,0,2359296,0
3300,blocks.11.mlp.proj.weight,-123,0,2359296,0
3300,blocks.11.mlp.proj.weight,-122,0,2359296,0
3300,blocks.11.mlp.proj.weight,-121,0,2359296,0
3300,blocks.11.mlp.proj.weight,-120,0,2359296,0
3300,blocks.11.mlp.proj.weight,-119,0,2359296,0
3300,blocks.11.mlp.proj.weight,-118,0,2359296,0
3300,blocks.11.mlp.proj.weight,-117,0,2359296,0
3300,blocks.11.mlp.proj.weight,-116,0,2359296,0
3300,blocks.11.mlp.proj.weight,-115,0,2359296,0
3300,blocks.11.mlp.proj.weight,-114,0,2359296,0
3300,blocks.11.mlp.proj.weight,-113,0,2359296,0
3300,blocks.11.mlp.proj.weight,-112,0,2359296,0
3300,blocks.11.mlp.proj.weight,-111,0,2359296,0
3300,blocks.11.mlp.proj.weight,-110,0,2359296,0
3300,blocks.11.mlp.proj.weight,-109,0,2359296,0
3300,blocks.11.mlp.proj.weight,-108,0,2359296,0
3300,blocks.11.mlp.proj.weight,-107,0,2359296,0
3300,blocks.11.mlp.proj.weight,-106,0,2359296,0
3300,blocks.11.mlp.proj.weight,-105,0,2359296,0
3300,blocks.11.mlp.proj.weight,-104,0,2359296,0
3300,blocks.11.mlp.proj.weight,-103,0,2359296,0
3300,blocks.11.mlp.proj.weight,-102,0,2359296,0
3300,blocks.11.mlp.proj.weight,-101,0,2359296,0
3300,blocks.11.mlp.proj.weight,-100,0,2359296,0
3300,blocks.11.mlp.proj.weight,-99,0,2359296,0
3300,blocks.11.mlp.proj.weight,-98,0,2359296,0
3300,blocks.11.mlp.proj.weight,-97,0,2359296,0
3300,blocks.11.mlp.proj.weight,-96,0,2359296,0
3300,blocks.11.mlp.proj.weight,-95,0,2359296,0
3300,blocks.11.mlp.proj.weight,-94,0,2359296,0
3300,blocks.11.mlp.proj.weight,-93,0,2359296,0
3300,blocks.11.mlp.proj.weight,-92,0,2359296,0
3300,blocks.11.mlp.proj.weight,-91,0,2359296,0
3300,blocks.11.mlp.proj.weight,-90,0,2359296,0
3300,blocks.11.mlp.proj.weight,-89,0,2359296,0
3300,blocks.11.mlp.proj.weight,-88,0,2359296,0
3300,blocks.11.mlp.proj.weight,-87,0,2359296,0
3300,blocks.11.mlp.proj.weight,-86,0,2359296,0
3300,blocks.11.mlp.proj.weight,-85,0,2359296,0
3300,blocks.11.mlp.proj.weight,-84,0,2359296,0
3300,blocks.11.mlp.proj.weight,-83,0,2359296,0
3300,blocks.11.mlp.proj.weight,-82,0,2359296,0
3300,blocks.11.mlp.proj.weight,-81,0,2359296,0
3300,blocks.11.mlp.proj.weight,-80,0,2359296,0
3300,blocks.11.mlp.proj.weight,-79,0,2359296,0
3300,blocks.11.mlp.proj.weight,-78,0,2359296,0
3300,blocks.11.mlp.proj.weight,-77,0,2359296,0
3300,blocks.11.mlp.proj.weight,-76,0,2359296,0
3300,blocks.11.mlp.proj.weight,-75,0,2359296,0
3300,blocks.11.mlp.proj.weight,-74,0,2359296,0
3300,blocks.11.mlp.proj.weight,-73,0,2359296,0
3300,blocks.11.mlp.proj.weight,-72,0,2359296,0
3300,blocks.11.mlp.proj.weight,-71,0,2359296,0
3300,blocks.11.mlp.proj.weight,-70,0,2359296,0
3300,blocks.11.mlp.proj.weight,-69,0,2359296,0
3300,blocks.11.mlp.proj.weight,-68,0,2359296,0
3300,blocks.11.mlp.proj.weight,-67,0,2359296,0
3300,blocks.11.mlp.proj.weight,-66,0,2359296,0
3300,blocks.11.mlp.proj.weight,-65,0,2359296,0
3300,blocks.11.mlp.proj.weight,-64,0,2359296,0
3300,blocks.11.mlp.proj.weight,-63,0,2359296,0
3300,blocks.11.mlp.proj.weight,-62,0,2359296,0
3300,blocks.11.mlp.proj.weight,-61,0,2359296,0
3300,blocks.11.mlp.proj.weight,-60,0,2359296,0
3300,blocks.11.mlp.proj.weight,-59,0,2359296,0
3300,blocks.11.mlp.proj.weight,-58,0,2359296,0
3300,blocks.11.mlp.proj.weight,-57,0,2359296,0
3300,blocks.11.mlp.proj.weight,-56,0,2359296,0
3300,blocks.11.mlp.proj.weight,-55,0,2359296,0
3300,blocks.11.mlp.proj.weight,-54,0,2359296,0
3300,blocks.11.mlp.proj.weight,-53,0,2359296,0
3300,blocks.11.mlp.proj.weight,-52,0,2359296,0
3300,blocks.11.mlp.proj.weight,-51,0,2359296,0
3300,blocks.11.mlp.proj.weight,-50,0,2359296,0
3300,blocks.11.mlp.proj.weight,-49,0,2359296,0
3300,blocks.11.mlp.proj.weight,-48,0,2359296,0
3300,blocks.11.mlp.proj.weight,-47,0,2359296,0
3300,blocks.11.mlp.proj.weight,-46,0,2359296,0
3300,blocks.11.mlp.proj.weight,-45,0,2359296,0
3300,blocks.11.mlp.proj.weight,-44,0,2359296,0
3300,blocks.11.mlp.proj.weight,-43,0,2359296,0
3300,blocks.11.mlp.proj.weight,-42,0,2359296,0
3300,blocks.11.mlp.proj.weight,-41,0,2359296,0
3300,blocks.11.mlp.proj.weight,-40,0,2359296,0
3300,blocks.11.mlp.proj.weight,-39,0,2359296,0
3300,blocks.11.mlp.proj.weight,-38,0,2359296,0
3300,blocks.11.mlp.proj.weight,-37,0,2359296,0
3300,blocks.11.mlp.proj.weight,-36,0,2359296,0
3300,blocks.11.mlp.proj.weight,-35,0,2359296,0
3300,blocks.11.mlp.proj.weight,-34,0,2359296,0
3300,blocks.11.mlp.proj.weight,-33,2,2359296,0
3300,blocks.11.mlp.proj.weight,-32,2,2359296,0
3300,blocks.11.mlp.proj.weight,-31,0,2359296,0
3300,blocks.11.mlp.proj.weight,-30,13,2359296,0
3300,blocks.11.mlp.proj.weight,-29,26,2359296,0
3300,blocks.11.mlp.proj.weight,-28,18,2359296,0
3300,blocks.11.mlp.proj.weight,-27,7,2359296,0
3300,blocks.11.mlp.proj.weight,-26,1,2359296,0
3300,blocks.11.mlp.proj.weight,-25,1,2359296,0
3300,blocks.11.mlp.proj.weight,-24,0,2359296,0
3300,blocks.11.mlp.proj.weight,-23,0,2359296,0
3300,blocks.11.mlp.proj.weight,-22,0,2359296,0
3300,blocks.11.mlp.proj.weight,-21,1,2359296,0
3300,blocks.11.mlp.proj.weight,-20,2,2359296,0
3300,blocks.11.mlp.proj.weight,-19,2,2359296,0
3300,blocks.11.mlp.proj.weight,-18,8,2359296,0
3300,blocks.11.mlp.proj.weight,-17,33,2359296,0
3300,blocks.11.mlp.proj.weight,-16,79,2359296,0
3300,blocks.11.mlp.proj.weight,-15,172,2359296,0
3300,blocks.11.mlp.proj.weight,-14,315,2359296,0
3300,blocks.11.mlp.proj.weight,-13,581,2359296,0
3300,blocks.11.mlp.proj.weight,-12,1275,2359296,0
3300,blocks.11.mlp.proj.weight,-11,2591,2359296,0
3300,blocks.11.mlp.proj.weight,-10,5114,2359296,0
3300,blocks.11.mlp.proj.weight,-9,10021,2359296,0
3300,blocks.11.mlp.proj.weight,-8,20320,2359296,0
3300,blocks.11.mlp.proj.weight,-7,40565,2359296,0
3300,blocks.11.mlp.proj.weight,-6,75864,2359296,0
3300,blocks.11.mlp.proj.weight,-5,138419,2359296,0
3300,blocks.11.mlp.proj.weight,-4,248173,2359296,0
3300,blocks.11.mlp.proj.weight,-3,439905,2359296,0
3300,blocks.11.mlp.proj.weight,-2,665541,2359296,0
3300,blocks.11.mlp.proj.weight,-1,558329,2359296,0
3300,blocks.11.mlp.proj.weight,0,130383,2359296,0
3300,blocks.11.mlp.proj.weight,1,14541,2359296,0
3300,blocks.11.mlp.proj.weight,2,4843,2359296,0
3300,blocks.11.mlp.proj.weight,3,1627,2359296,0
3300,blocks.11.mlp.proj.weight,4,500,2359296,0
3300,blocks.11.mlp.proj.weight,5,22,2359296,0
3300,blocks.11.mlp.proj.weight,6,0,2359296,0
3300,blocks.11.mlp.proj.weight,7,0,2359296,0
3300,blocks.11.mlp.proj.weight,8,0,2359296,0
3300,blocks.11.mlp.proj.weight,9,0,2359296,0
3300,blocks.11.mlp.proj.weight,10,0,2359296,0
3300,blocks.11.mlp.proj.weight,11,0,2359296,0
3300,blocks.11.mlp.proj.weight,12,0,2359296,0
3300,blocks.11.mlp.proj.weight,13,0,2359296,0
3300,blocks.11.mlp.proj.weight,14,0,2359296,0
3300,blocks.11.mlp.proj.weight,15,0,2359296,0
3300,blocks.11.mlp.proj.weight,16,0,2359296,0
3300,blocks.11.mlp.proj.weight,17,0,2359296,0
3300,blocks.11.mlp.proj.weight,18,0,2359296,0
3300,blocks.11.mlp.proj.weight,19,0,2359296,0
3300,blocks.11.mlp.proj.weight,20,0,2359296,0
3300,blocks.11.mlp.proj.weight,21,0,2359296,0
3300,blocks.11.mlp.proj.weight,22,0,2359296,0
3300,blocks.11.mlp.proj.weight,23,0,2359296,0
3300,blocks.11.mlp.proj.weight,24,0,2359296,0
3300,blocks.11.mlp.proj.weight,25,0,2359296,0
3300,blocks.11.mlp.proj.weight,26,0,2359296,0
3300,blocks.11.mlp.proj.weight,27,0,2359296,0
3300,blocks.11.mlp.proj.weight,28,0,2359296,0
3300,blocks.11.mlp.proj.weight,29,0,2359296,0
3300,blocks.11.mlp.proj.weight,30,0,2359296,0
3300,blocks.11.mlp.proj.weight,31,0,2359296,0
3300,blocks.11.mlp.proj.weight,32,0,2359296,0
3300,blocks.11.mlp.proj.weight,33,0,2359296,0
3300,blocks.11.mlp.proj.weight,34,0,2359296,0
3300,blocks.11.mlp.proj.weight,35,0,2359296,0
3300,blocks.11.mlp.proj.weight,36,0,2359296,0
3300,blocks.11.mlp.proj.weight,37,0,2359296,0
3300,blocks.11.mlp.proj.weight,38,0,2359296,0
3300,blocks.11.mlp.proj.weight,39,0,2359296,0
3300,blocks.11.mlp.proj.weight,40,0,2359296,0
3300,blocks.11.mlp.proj.weight,41,0,2359296,0
3300,blocks.11.mlp.proj.weight,42,0,2359296,0
3300,blocks.11.mlp.proj.weight,43,0,2359296,0
3300,blocks.11.mlp.proj.weight,44,0,2359296,0
3300,blocks.11.mlp.proj.weight,45,0,2359296,0
3300,blocks.11.mlp.proj.weight,46,0,2359296,0
3300,blocks.11.mlp.proj.weight,47,0,2359296,0
3300,blocks.11.mlp.proj.weight,48,0,2359296,0
3300,blocks.11.mlp.proj.weight,49,0,2359296,0
3300,blocks.11.mlp.proj.weight,50,0,2359296,0
3300,blocks.11.mlp.proj.weight,51,0,2359296,0
3300,blocks.11.mlp.proj.weight,52,0,2359296,0
3300,blocks.11.mlp.proj.weight,53,0,2359296,0
3300,blocks.11.mlp.proj.weight,54,0,2359296,0
3300,blocks.11.mlp.proj.weight,55,0,2359296,0
3300,blocks.11.mlp.proj.weight,56,0,2359296,0
3300,blocks.11.mlp.proj.weight,57,0,2359296,0
3300,blocks.11.mlp.proj.weight,58,0,2359296,0
3300,blocks.11.mlp.proj.weight,59,0,2359296,0
3300,blocks.11.mlp.proj.weight,60,0,2359296,0
3300,blocks.11.mlp.proj.weight,61,0,2359296,0
3300,blocks.11.mlp.proj.weight,62,0,2359296,0
3300,blocks.11.mlp.proj.weight,63,0,2359296,0
3300,blocks.11.mlp.proj.weight,64,0,2359296,0
3300,blocks.11.mlp.proj.weight,65,0,2359296,0
3300,blocks.11.mlp.proj.weight,66,0,2359296,0
3300,blocks.11.mlp.proj.weight,67,0,2359296,0
3300,blocks.11.mlp.proj.weight,68,0,2359296,0
3300,blocks.11.mlp.proj.weight,69,0,2359296,0
3300,blocks.11.mlp.proj.weight,70,0,2359296,0
3300,blocks.11.mlp.proj.weight,71,0,2359296,0
3300,blocks.11.mlp.proj.weight,72,0,2359296,0
3300,blocks.11.mlp.proj.weight,73,0,2359296,0
3300,blocks.11.mlp.proj.weight,74,0,2359296,0
3300,blocks.11.mlp.proj.weight,75,0,2359296,0
3300,blocks.11.mlp.proj.weight,76,0,2359296,0
3300,blocks.11.mlp.proj.weight,77,0,2359296,0
3300,blocks.11.mlp.proj.weight,78,0,2359296,0
3300,blocks.11.mlp.proj.weight,79,0,2359296,0
3300,blocks.11.mlp.proj.weight,80,0,2359296,0
3300,blocks.11.mlp.proj.weight,81,0,2359296,0
3300,blocks.11.mlp.proj.weight,82,0,2359296,0
3300,blocks.11.mlp.proj.weight,83,0,2359296,0
3300,blocks.11.mlp.proj.weight,84,0,2359296,0
3300,blocks.11.mlp.proj.weight,85,0,2359296,0
3300,blocks.11.mlp.proj.weight,86,0,2359296,0
3300,blocks.11.mlp.proj.weight,87,0,2359296,0
3300,blocks.11.mlp.proj.weight,88,0,2359296,0
3300,blocks.11.mlp.proj.weight,89,0,2359296,0
3300,blocks.11.mlp.proj.weight,90,0,2359296,0
3300,blocks.11.mlp.proj.weight,91,0,2359296,0
3300,blocks.11.mlp.proj.weight,92,0,2359296,0
3300,blocks.11.mlp.proj.weight,93,0,2359296,0
3300,blocks.11.mlp.proj.weight,94,0,2359296,0
3300,blocks.11.mlp.proj.weight,95,0,2359296,0
3300,blocks.11.mlp.proj.weight,96,0,2359296,0
3300,blocks.11.mlp.proj.weight,97,0,2359296,0
3300,blocks.11.mlp.proj.weight,98,0,2359296,0
3300,blocks.11.mlp.proj.weight,99,0,2359296,0
3300,blocks.11.mlp.proj.weight,100,0,2359296,0
3300,blocks.11.mlp.proj.weight,101,0,2359296,0
3300,blocks.11.mlp.proj.weight,102,0,2359296,0
3300,blocks.11.mlp.proj.weight,103,0,2359296,0
3300,blocks.11.mlp.proj.weight,104,0,2359296,0
3300,blocks.11.mlp.proj.weight,105,0,2359296,0
3300,blocks.11.mlp.proj.weight,106,0,2359296,0
3300,blocks.11.mlp.proj.weight,107,0,2359296,0
3300,blocks.11.mlp.proj.weight,108,0,2359296,0
3300,blocks.11.mlp.proj.weight,109,0,2359296,0
3300,blocks.11.mlp.proj.weight,110,0,2359296,0
3300,blocks.11.mlp.proj.weight,111,0,2359296,0
3300,blocks.11.mlp.proj.weight,112,0,2359296,0
3300,blocks.11.mlp.proj.weight,113,0,2359296,0
3300,blocks.11.mlp.proj.weight,114,0,2359296,0
3300,blocks.11.mlp.proj.weight,115,0,2359296,0
3300,blocks.11.mlp.proj.weight,116,0,2359296,0
3300,blocks.11.mlp.proj.weight,117,0,2359296,0
3300,blocks.11.mlp.proj.weight,118,0,2359296,0
3300,blocks.11.mlp.proj.weight,119,0,2359296,0
3300,blocks.11.mlp.proj.weight,120,0,2359296,0
3300,blocks.11.mlp.proj.weight,121,0,2359296,0
3300,blocks.11.mlp.proj.weight,122,0,2359296,0
3300,blocks.11.mlp.proj.weight,123,0,2359296,0
3300,blocks.11.mlp.proj.weight,124,0,2359296,0
3300,blocks.11.mlp.proj.weight,125,0,2359296,0
3300,blocks.11.mlp.proj.weight,126,0,2359296,0
3300,blocks.11.mlp.proj.weight,127,0,2359296,0
3300,blocks.11.mlp.proj.weight,128,0,2359296,0
